rpt,status,bll,how
001-ContractorWagesRegister.rpt,traced,InvContractorWagesBillHeader.GetSummaryWagesByRefDocumentsAndActivities,launch site frmStockContractorWagesHistory.cs:701
002-ContractorWagesSlip.rpt,seeded (already runnable),,
002_01_ContractorWagesPartyProcessingSlip.rpt,seeded (already runnable),,
003-tSummaryWagesByRefDocumentsAndActivities.rpt,traced,InvContractorWagesBillHeader.GetSummaryWagesByRefDocumentsAndActivities,launch site frmStockContractorWagesHistory.cs:701
003_A_WagesReportByContractor.rpt,traced,InvContractorWagesBillHeader.GetSummaryWagesByRefDocumentsAndActivities,launch site frmStockContractorWagesHistory.cs:729
004-ContractorWagesBillManualSlip.rpt,seeded (already runnable),,
005-UserReightsReport.rpt,not traced: no procedure,,
01-FcyExRateForwwardBookingSlip.rpt,seeded (already runnable),,
01_GatePassVehicleEntryAndExitTimeAnalysisReport.rpt,not traced: no desktop launch site found,,
0228-InvPurchaseInvoice_SaleReturnRegister.rpt,traced,InvSaleInvoiceReports.InvSaleInvoiceReturnSlipandRegister,launch site frmSaleInvoiceReturnRegister.cs:596
02_GDBreakUpHeader_Slip.rpt,seeded (already runnable),,
06_ContractorWagesRateSchedule.rpt,not traced: no procedure,,
07_RptGatepassOutwardDriverInfoSlipA.rpt,seeded (already runnable),,
09_DayBookPaymentSide.rpt,not traced: no desktop launch site found,,
09_DayBookReceiptSide.rpt,not traced: no desktop launch site found,,
100-PartyWisePaymentReceiptsVoucherSlip.rpt,traced,VoucherReports.VoucherSlipPartyWise,launch site CostomerWiseVoucherSlip.cs:95
1001-EmployeeAttendenceMonthly.rpt,traced,HRM_Reports.EmployeeMonthlyAttendenceRpt,launch site HRM_Reports.cs:600
1002-AttendanceRegister.rpt,seeded (already runnable),,
1003-DailyAttendance.rpt,seeded (already runnable),,
1003_01-DailyAttendance.rpt,not traced: no procedure,,
1004-EmployeeAttendance.rpt,traced,HRM_Reports.genEmployeeAttendence,only BLL method running Sp_genEmployeeAttendence_rpt
1005-MonthlyAttendanceRegister_New.rpt,seeded (already runnable),,
1006-AttendanceSummery.rpt,traced,HRM_Reports.MonthlyAttendanceSummary,launch site MonthlyAttendanceSummary.cs:347
1007-DailyShiftStrengthAttendenceDpt.rpt,traced,HRM_Reports.genDSStrengthAttendence,launch site genDSStrengthAttendence.cs:243
1008-EmployeeAdvanceSlip.rpt,traced,EmployeeAdvance.EmployeeAdvanceSlip,launch site frmEmployeeAdvance.cs:754
1009-EmployeeOverTimeRegister.rpt,traced,EmployeeOverTime.ActualOverTimeLoaderForRequest,launch site EmpOverTimeLoadForRequest.cs:277
1010-OverTime_Slip.rpt,seeded (already runnable),,
1011-EmployeeOverTimeSlip.rpt,seeded (already runnable),,
102-AcRptPaymentReceiptsVoucherSlip.rpt,seeded (already runnable),,
102-AcRptPaymentReceiptsVoucherSlipOld.rpt,not traced: no desktop launch site found,,
102-ANewAcRptExportInvoiceVoucherSlip.rpt,seeded (already runnable),,
102-ANewAcRptPaymentReceiptsVoucherSlip.rpt,seeded (already runnable),,
102-BankPaymentVoucher.rpt,traced,VoucherReports.NewVoucherReprot,only BLL method running SpVouchers_PaymentReceiptVoucherSlipNew_Rpt
102-BankReceiptVoucher.rpt,traced,VoucherReports.NewVoucherReprot,only BLL method running SpVouchers_PaymentReceiptVoucherSlipNew_Rpt
102-CashPaymentVoucher.rpt,traced,VoucherReports.NewVoucherReprot,only BLL method running SpVouchers_PaymentReceiptVoucherSlipNew_Rpt
102-CashReceiptVoucher.rpt,traced,VoucherReports.NewVoucherReprot,only BLL method running SpVouchers_PaymentReceiptVoucherSlipNew_Rpt
102-ExportReturnInvoiceVoucherSlip.rpt,seeded (already runnable),,
102_01_BillsPayablesOrReceiveableVoucher.rpt,seeded (already runnable),,
102B-SpVouchers_PartyPaymentAndReceiptSummary.rpt,seeded (already runnable),,
102B-SpVouchers_PartyPaymentAndReceiptSummaryInUrdu.rpt,not traced: no desktop launch site found,,
103-AcRptPurchaseSalesVoucherSlip.rpt,traced,VoucherReports.VoucherSlipForInventoryReport,launch site CommonServices.cs:5693
104-AcRptGeneralJournalAcAndInventoryDetailSlip.rpt,seeded (already runnable),,
105-AcRptGeneralLedger.rpt,traced,VoucherReports.GeneralLedgerWithOffsetAccount,launch site GeneralLedger.cs:3965
1050_BuyerInquiryBookingSlip.rpt,seeded (already runnable),,
1050A_BuyerInquiryBookingSlip.rpt,seeded (already runnable),,
1051_SupplierOfferSlip.rpt,seeded (already runnable),,
1052_01_PurchaseOrderDetailReport.rpt,not traced: no desktop launch site found,,
1052_01_PurchaseOrderDetailReportGroupBySH_T_P.rpt,not traced: no desktop launch site found,,
1052_01_PurchaseOrderDetailReportWithAmount.rpt,not traced: no desktop launch site found,,
1052_01_PurchaseOrderReport.rpt,not traced: no desktop launch site found,,
1052_01_PurchaseOrderSummeryItemWise.rpt,not traced: no desktop launch site found,,
1052_01_PurchaseOrderSummerySH_T_PWise.rpt,not traced: no desktop launch site found,,
1052_01_PurchaseOrderSummerySupplierWise.rpt,not traced: no desktop launch site found,,
1052_02_PurchaseOrderDocWise_SummaryReport.rpt,not traced: no desktop launch site found,,
1052_03_PurchaseOrderItemCommissionAndSupplierWise_SummaryReport.rpt,not traced: no desktop launch site found,,
1052_04_PurchaseOrderItemWise_SummaryReport.rpt,not traced: no desktop launch site found,,
1052_PurchaseOrderSlip.rpt,seeded (already runnable),,
1053_01_SaleOrderDetailReport.rpt,not traced: no desktop launch site found,,
1053_01_SaleOrderDetailReportGroupBySH_T_P.rpt,not traced: no desktop launch site found,,
1053_01_SaleOrderSummeryItemWise.rpt,not traced: no desktop launch site found,,
1053_01_SaleOrderSummerySH_T_PWise.rpt,not traced: no desktop launch site found,,
1053_01_SaleOrderSummerySupplierWise.rpt,not traced: no desktop launch site found,,
1053_02_SaleOrderDocWise_SummaryReport.rpt,not traced: no desktop launch site found,,
1053_03_SaleOrderItemCommissionAndBuyerWise_SummaryReport.rpt,not traced: no desktop launch site found,,
1053_04_SaleOrderItemWise_SummaryReport.rpt,not traced: no desktop launch site found,,
1053_saleOrderSlip.rpt,seeded (already runnable),,
1054_01_GRNReport.rpt,not traced: no desktop launch site found,,
1054_01_GRNReportGroupByShip_to_Party.rpt,not traced: no desktop launch site found,,
1054_01_GrnSupplierLoadingChallanSlip.rpt,seeded (already runnable),,
1054_01_GrnSupplierLoadingDetailReport.rpt,not traced: no desktop launch site found,,
1054_03_GrnSupplierLoadingItemWise_SummaryReport.rpt,not traced: no desktop launch site found,,
1054_04_GrnSupplierLoadingCommissionAgentWise_SummaryReport.rpt,not traced: no desktop launch site found,,
1054_05_GrnSupplierLoadingSupplierWise_SummaryReport.rpt,not traced: no desktop launch site found,,
1054_06_GrnSupplierLoadingCommissionAndSupplierWise_SummaryReport.rpt,not traced: no desktop launch site found,,
1054_07_GrnSupplierLoadingBuyerWise_SummaryReport.rpt,not traced: no desktop launch site found,,
1054_08_GrnSupplierLoadingCommissionAndBuyerWise_SummaryReport.rpt,not traced: no desktop launch site found,,
1054_09_GrnSupplierLoadingTransporterWise_SummaryReport.rpt,not traced: no desktop launch site found,,
1054_10_GrnSupplierLoadingCityWise_MovementReport.rpt,not traced: no desktop launch site found,,
1054_11_GrnSupplierLoadingVehicleWise_UtilizationReport.rpt,not traced: no desktop launch site found,,
1054_GrnSupplierLoadingSlip.rpt,seeded (already runnable),,
1055_01_GdnBuyerDispatchDetailReport.rpt,not traced: no desktop launch site found,,
1055_01_GdnDetailReportGroupByShip_to_Party.rpt,not traced: no desktop launch site found,,
1055_01_GDNReport.rpt,not traced: no desktop launch site found,,
1055_03_GdnBuyerDispatchItemWise_SummaryReport.rpt,not traced: no desktop launch site found,,
1055_04_GdnBuyerDispatchCommissionAgentWise_SummaryReport.rpt,not traced: no desktop launch site found,,
1055_05_GdnBuyerDispatchSupplierWise_SummaryReport.rpt,not traced: no desktop launch site found,,
1055_06_GdnBuyerDispatchCommissionAndSupplierWise_SummaryReport.rpt,not traced: no desktop launch site found,,
1055_07_GdnBuyerDispatchBuyerWise_SummaryReport.rpt,not traced: no desktop launch site found,,
1055_08_GdnBuyerDispatchCommissionAndBuyerWise_SummaryReport.rpt,not traced: no desktop launch site found,,
1055_09_GdnBuyerDispatchTransporterWise_SummaryReport.rpt,not traced: no desktop launch site found,,
1055_10_GdnBuyerDispatchCityWise_MovementReport.rpt,not traced: no desktop launch site found,,
1055_11_GdnBuyerDispatchVehicleWise_UtilizationReport.rpt,not traced: no desktop launch site found,,
1055_GdnBuyerDispatchSlip.rpt,seeded (already runnable),,
1056_01_CommissionAgentTradeBillPurchaseMultiPrint.rpt,not traced: no desktop launch site found,,
1056_01_CommissionAgentTradeBillPurchaseSlip.rpt,seeded (already runnable),,
1056_01_CommissionAgentTradeBillSaleMultiPrint.rpt,not traced: no desktop launch site found,,
1056_02_CommissionAgentTradeBillSaleSlip.rpt,seeded (already runnable),,
1056_03_CommissionAgentTradeBill_Rs5Comm_MultiPrint.rpt,not traced: no desktop launch site found,,
1056_03_CommissionAgentTradeBillSaleSlipII.rpt,seeded (already runnable),,
1056_03_CommissionAgentTradeSummery_Rs5Comm.rpt,not traced: no desktop launch site found,,
1056_CommissionAgentTradeBillSlip.rpt,seeded (already runnable),,
1056A_CommissionBillIncomeSlip.rpt,seeded (already runnable),,
105_002-AcRptGeneralLedger.rpt,traced,VoucherReports.AccountsLedgerByJobOrder,launch site frmJobOrderLedgerReport.cs:475
105_01_BankSummaryLedger.rpt,traced,VoucherReports.BankSummaryLedgersWithAgainstsAccounts,launch site GeneralLedger.cs:4524
105_02_BankSummaryLedger.rpt,traced,VoucherReports.BankSummaryLedgersWithAgainstsAccounts,launch site GeneralLedger.cs:4547
105A-AcRptGeneralLedgerSummary1.rpt,not traced: no desktop launch site found,,
105A-GeneralLedgerSummary2.rpt,traced,VoucherReports.GeneralLedger2Format_Rpt,launch site GeneralLedger.cs:3988
105C-AcRptFcyGeneralLedger.rpt,traced,VoucherReports.Accounts_FcyGeneralLedger_Rpt,launch site FcyGeneralLedgerFromAccounts.cs:248
105D-AcRptFcyGeneralLedger.rpt,traced,VoucherReports.Accounts_FcyGeneralLedger_Rpt,launch site FcyGeneralLedgerFromAccounts.cs:605
105F-AcRptGcyGeneralLedger.rpt,not traced: no procedure,,
105F_01-AcRptGcyGeneralLedger.rpt,not traced: no desktop launch site found,,
106-AcRptGeneralLedgerB.rpt,traced,VoucherReports.GeneralLedgerWithOffsetAccount,launch site GeneralLedger.cs:4011
106A_GeneralLedgerSummary2.rpt,traced,InvFoodProduction.InvFoodProduction_GetJobOrderIdByProduction,only BLL method running [dbo].[USP_InvFoodProduction_GetJobOrderIdByProduction]
107-AcRptQuantativeLedger.rpt,traced,VoucherReports.GeneralLedgerWithOffsetAccount,launch site GeneralLedger.cs:4034
107A_GeneralLedger.rpt,traced,InvFoodProduction.InvFoodProduction_GetJobOrderIdByProduction,only BLL method running [dbo].[USP_InvFoodProduction_GetJobOrderIdByProduction]
108-AcRptGeneralLedgerSummery.rpt,traced,VoucherReports.GeneralLedgerSummery,launch site GeneralLedger.cs:4057
108A_GeneralLedgerSummery.rpt,traced,InvFoodProduction.InvFoodProduction_GetJobOrderIdByProduction,only BLL method running [dbo].[USP_InvFoodProduction_GetJobOrderIdByProduction]
109-AcRptGeneralLedgerStatement.rpt,traced,VoucherReports.GeneralLedgerStatement,launch site GeneralLedgerStatment.cs:186
11-AccountsBudgetSlip.rpt,seeded (already runnable),,
110-AcRptActivitySummery.rpt,traced,VoucherReports.ActivitySummaryReport,launch site ActicitySummery.cs:730
1100-EmployeeSalarySheet.rpt,not traced: no desktop launch site found,,
1100_PurchaseOrderSlip.rpt,seeded (already runnable),,
1101-EmployeeListDepartmentWiseActiveInactive.rpt,traced,HRM_Reports.EmployeeHistoryRpt,only BLL method running Sp_genEmployeeHistory_Rpt
1101_01-EmployeeListDepartmentWiseActiveInactive.rpt,traced,HRM_Reports.EmployeeHistoryRpt,only BLL method running Sp_genEmployeeHistory_Rpt
1104_PurchaseInvoiceDirectItemSlip.rpt,traced,InvPurchaseInvoice.PurchaseInvoiceDirectSlip,launch site CommonServices.cs:11684
1104A_PurchaseInvoiceDirectPartySlip.rpt,traced,InvPurchaseInvoice.PurchaseInvoiceDirectSlip,launch site CommonServices.cs:11724
110A-AcRptActivitySummery.rpt,traced,VoucherReports.ActivitySummaryReport,launch site ActicitySummery.cs:821
110B-AcRptActivitySummery.rpt,traced,VoucherReports.ActivitySummaryDocumentTypeWise,launch site ActicitySummery.cs:861
111-AcRptReceivablesAging.rpt,traced,VoucherReports.ReceivableAging,launch site ReceivableAging.cs:147
1110-EmployeeSalarySlip.rpt,seeded (already runnable),,
1110-SaleOrderSlip.rpt,traced,SaleOrder.SaleOrderSlip,launch site CommonServices.cs:11764
1110_CustomerDiscountPolicySlip.rpt,seeded (already runnable),,
1110B_EmployeeSalarySlip.rpt,seeded (already runnable),,
1111-Employee_Registration_Register.rpt,seeded (already runnable),,
1112-Employee_Registration_Slip.rpt,seeded (already runnable),,
1113-DailyLateandEarlyDeparture.rpt,traced,HRM_Reports.DailyLateandEarlyDeparture,only BLL method running Sp_hrmDailyLED_rpt
1114-DutyRosterEmployeeWise.rpt,traced,HRM_Reports.genDutyRosterEmployeeWise,only BLL method running Sp_genDutyRosterEmployeeWise_rpt
1115-EmployeeSalarySheet.rpt,not traced: no desktop launch site found,,
1115-InvRepSaleBillCustomer.rpt,traced,InvSaleInvoice.InvSaleInvoiceDirectSlip,launch site CommonServices.cs:11833
1116_PayrollPostingForMultiApprovalReport.rpt,traced,Payroll.PayrollPostingForMultiApproval,launch site PayRollPostingForMultiApproval.cs:445
111A-AcRptTrialBalances.rpt,traced,VoucherReports.TrialBalanceReport,launch site TrialBalance.cs:832
112-AcRptTrialBalances (1).rpt,not traced: no desktop launch site found,,
112-AcRptTrialBalances.rpt,not traced: no desktop launch site found,,
112-AcRptTrialBalancesTwoColumn (1).rpt,not traced: no desktop launch site found,,
112-AcRptTrialBalancesTwoColumn.rpt,not traced: no desktop launch site found,,
1120_Recipe_Slip.rpt,traced,BomHeader.BillOfMaterial_SlipAndRegister,launch site CommonServices.cs:13063
1120_Recipe_SubReport.rpt,traced,BomHeader.BillOfMaterialAllDetails_SubReport,launch site CommonServices.cs:13063
1121_Production_Slip.rpt,traced,ProductionHeader.Production_SlipAndRegister,launch site CommonServices.cs:18322
1122_01_Production_Report.rpt,not traced: no desktop launch site found,,
1122_Production_Slip.rpt,traced,ProductionHeader.Production_SlipAndRegister,launch site CommonServices.cs:18362
1123_Conversion_Slip.rpt,not traced: no desktop launch site found,,
113-AcRptTrialBalanceSelectedGroupAc - Copy.rpt,not traced: no desktop launch site found,,
113-AcRptTrialBalanceSelectedGroupAc -1.rpt,not traced: no desktop launch site found,,
113-AcRptTrialBalanceSelectedGroupAc.rpt,not traced: no desktop launch site found,,
113-GrafPrint.rpt,not traced: no desktop launch site found,,
11322-AcRptTrialBalanceSelectedGroupAc.rpt,not traced: no desktop launch site found,,
113A-AcRptTrialBalanceSelectedGroupAc (1).rpt,not traced: no desktop launch site found,,
113A-AcRptTrialBalanceSelectedGroupAc.rpt,traced,VoucherReports.SelectedTrialBalanceNew,only BLL method running SpAccounts_TrialBalanceSelectedNew_Report
113A-AcRptTrialBalanceSelectedGroupAc1.rpt,not traced: no desktop launch site found,,
113c-AcRptTrialBalanceSelectedGroupAc.rpt,not traced: no desktop launch site found,,
113c-AcRptTrialBalanceSelectedGroupAc1.rpt,not traced: no desktop launch site found,,
114-AcRptChartOfAccounts.rpt,traced,VoucherReports.ChartofAccount,launch site CoaTitleChange.cs:508
114_01-AcRptChartOfAccounts.rpt,traced,Organization_ChartOfAccountTemplate.FormHistory,launch site ChartOfAccountTemplate.cs:1598
115-AcRptVoucherValidation.rpt,seeded (already runnable),,
116-AcRptAccountsActivityDetail.rpt,traced,VoucherReports.ActivitySummaryDetail,launch site ActicitySummery.cs:765
117-AcRptTrialBalanceSelectedCurrent.rpt,traced,VoucherReports.PaymentByInvoiceSummery_Detail,launch site PaymentByInvoiceSummeryandDetail.cs:292
117A-AcRptTrialBalanceSelectedCurrent.rpt,not traced: no desktop launch site found,,
118-AcRptVoucherSlip.rpt,seeded (already runnable),,
118A-VoucherReport.rpt,traced,VoucherReports.VoucherValidationReport,launch site VoucherReport.cs:697
119-AcRptVoucherValidation2.rpt,traced,VoucherReports.VoucherValidationReport,launch site VoucherValidation.cs:492
120-AcRptPayablesAging.rpt,traced,VoucherReports.LedgerAging,launch site PayablesAging.cs:243
1200-DeliveryOrderSlipReturnable.rpt,seeded (already runnable),,
1201_OutwardGatePassReturnable_Slip.rpt,seeded (already runnable),,
1203_GdnReturnable_Slip.rpt,seeded (already runnable),,
120_01_JobOrderPartyProcessingRegister.rpt,traced,InvProductionJobOrderPartyProcessing.ProductionJobOrderPartyProcessing_SlipandRegister,launch site ProductionJobOrderPartyProcessing.cs:355
120_VoucerWithHoldingTaxReport.rpt,not traced: no desktop launch site found,,
120A-CapitalOwnerEquityReport.rpt,traced,VoucherReports.SelectedTrialBalanceNew,only BLL method running SpAccounts_TrialBalanceSelectedNew_Report
121-Accounts_Payables_Rpt.rpt,traced,VoucherReports.PayablesReport,launch site Payables.cs:346
121_01-ReceivablesByDueDates.rpt,traced,VoucherReports.ReceivablesByDueDates,launch site ReceivablesByDueDatesNew.cs:456
121_01_PayablesAndPaymentSchedule.rpt,traced,VoucherReports.PayablesAndPaymentSchedule,only BLL method running usp_PayablesAndPaymentSchedule
121_02_ReceivablesAndReceiptSchedule.rpt,traced,VoucherReports.ReceivablesAndReceiptsSchedule,launch site ReceivablesAndReceiptSchedule.cs:760
121_03_PurchaseAnalyticsItemWise.rpt,traced,Dashboard.PurchaseAnalyticsDashBoardReport,launch site PurchaseAnalytiicsDashBoard.cs:1285
121_04_PurchaseAnalyticsSupplierWise.rpt,traced,Dashboard.PurchaseAnalyticsDashBoardReport,launch site PurchaseAnalytiicsDashBoard.cs:1308
122-AcRptAccounts_ReceivablesWithStatus.rpt,traced,VoucherReports.ReceivablesReport,launch site Receivables.cs:1397
122_03_SaleAnalyticsItemWise.rpt,traced,InvSaleInvoiceReports.InventoryStockEvaluation_LocalSalesComaprisons_Report,launch site SalesAnalyticsDashBoard.cs:1005
122_04_SaleAnalyticsCustomerWise.rpt,traced,InvSaleInvoiceReports.InventoryStockEvaluation_LocalSalesComaprisons_Report,launch site SalesAnalyticsDashBoard.cs:1028
122A-AcRptAccounts_ReceivablesWithStatus.rpt,not traced: no procedure,,
122A-CityWise-AcRptAccounts_ReceivablesWithStatus.rpt,not traced: no procedure,,
123-AcRptPdcInventorySlip.rpt,seeded (already runnable),,
123_01_PartyProcessingBillRegister.rpt,traced,InvProductionProcessingBill.ProductionProcessingBill_Register,launch site PartyProcessingBillRegister.cs:399
123_Receivables_New.rpt,traced,VoucherReports.ReceivablesAging_New,only BLL method running UPS_ReceivablesAging_New
124-AcRptPostDatedCheqPaymentVoucherSlip.rpt,not traced: no procedure,,
124_Payables_New.rpt,traced,VoucherReports.PayablesAging_New,only BLL method running UPS_PayablesAging_New
125-PdcInventoryPending.rpt,traced,GeneralReprots.PdcReceiptsRegister,launch site AcfrmDefPdcManagment.cs:1223
126-CustomerAgingReport_DocumentWise.rpt,traced,VoucherReports.CustomerAgingDocumentWise,launch site frmReceivableAgingDocumentWise.cs:400
126-PdcInventoryPendingSummery.rpt,traced,GeneralReprots.PdcReceiptsRegisterSummery,launch site AcfrmDefPdcManagment.cs:1251
126_01-SalesDetailRegisterStoreAndPm.rpt,traced,InvGdn.GetDataForDropDownFromGdn,only BLL method running USP_GetDataForDropDownFromGdn
126_02-SalesCustomerAndItemWiseRegisterStoreAndPm.rpt,traced,InvGdn.GetDataForDropDownFromGdn,only BLL method running USP_GetDataForDropDownFromGdn
126_03-SalesItemAndConditionWiseRegisterStoreAndPm.rpt,traced,InvGdn.GetDataForDropDownFromGdn,only BLL method running USP_GetDataForDropDownFromGdn
127-PdcInventoryPendingGuriWise.rpt,traced,GeneralReprots.PdcReceiptsRegister,launch site AcfrmDefPdcManagment.cs:1298
127-SupplierAgingReport_DocumentWise.rpt,traced,VoucherReports.SupplierAgingDocumentWise,launch site frmPayablesAgingDocumentWise.cs:400
128-01_PayablesReportInvoiceWise.rpt,not traced: no procedure,,
128_PayablesReportInvoiceWise.rpt,not traced: no procedure,,
129-OpeningBalanceRpt.rpt,traced,VoucherReports.OpeningBalanceReport,launch site AcfrmOpeningBalance.cs:691
130-RptAcSupplierCustomerQuantativeGL.rpt,traced,InventoryStockEvalautionDetail.GeneralLedgerSupplierCustomerQuantative,launch site CustomerLedger.cs:525
1300_LogisticRateNegotiationSlip_Slip.rpt,traced,logisticRateNegotiationHeader.logisticRateNegotiationHeader_Slip,launch site CrystalReportPrint_Helper.cs:328
1301_AgreementHeader_Slip.rpt,seeded (already runnable),,
1302_LogisticRateNegotiationTransporter_Slip.rpt,traced,logisticRateNegotiationHeader.logisticRateNegotiationHeader_Slip,launch site CrystalReportPrint_Helper.cs:417
1303_PurchaseOrderHeader_Slip.rpt,seeded (already runnable),,
1304_ServicesBillHeader_Slip.rpt,seeded (already runnable),,
1305_FreightVoucherOutward_Slip.rpt,seeded (already runnable),,
131-1st_Level.rpt,not traced: no desktop launch site found,,
131-2nd_level.rpt,not traced: no desktop launch site found,,
131-3rd_Level.rpt,not traced: no desktop launch site found,,
131-4th_Level.rpt,not traced: no desktop launch site found,,
131-AccountsTrialBalance.rpt,traced,VoucherReports.TrialBalanceNewReport,launch site TrialBalance.cs:721
131-AccountsTrialBalanceLevelWise (1).rpt,not traced: no desktop launch site found,,
131-AccountsTrialBalanceLevelWise.rpt,not traced: no desktop launch site found,,
132-PaymentByInvoiceSlipNew_Report (1).rpt,not traced: no desktop launch site found,,
132-PaymentByInvoiceSlipNew_Report.rpt,seeded (already runnable),,
133-PaymentbyInvoice_Summary&Detail.rpt,traced,COAAllocation.GetSupplierGlAccountExistInPurchaseInvoice,launch site PaymentByInvoiceSummeryandDetail.cs:193
134-InventoryPayablesandReceivables.rpt,traced,GeneralReprots.InventoryPayablesandReceivables,launch site InventoryPayablesandReceivables.cs:599
134_PayablesAndReceivablesWithPaymentAndReceipts.rpt,traced,GeneralReprots.PayablesAndReceivablesWithPaymentAndReceipts,launch site frmPayablesAndReceivablesWithPaymentAndReceipts.cs:540
134A-InventoryPayablesandReceivables.rpt,traced,GeneralReprots.InventoryPayablesandReceivables,launch site InventoryPayablesandReceivables.cs:732
135-AcRptTrialBalancesUpTo5Level.rpt,not traced: no desktop launch site found,,
135-AcRptTrialBalancesUpTo5Level2.rpt,not traced: no desktop launch site found,,
135-AcRptTrialBalancesUpTo5Level6Column.rpt,not traced: no desktop launch site found,,
136-AcRptTrialBalancesTwoColumn.rpt,not traced: no desktop launch site found,,
136-AcRptTrialBalancesTwoColumn1.rpt,not traced: no desktop launch site found,,
137-AcRptTrialBalancesFourColumn.rpt,not traced: no desktop launch site found,,
137-AcRptTrialBalancesFourColumn1.rpt,not traced: no desktop launch site found,,
138-AcRptTrialBalanceSixColumn.rpt,not traced: no desktop launch site found,,
138-AcRptTrialBalanceSixColumn1.rpt,not traced: no desktop launch site found,,
141-AccountPayablesWithLastBillAmountAndDate-old.rpt,not traced: no desktop launch site found,,
141-AccountPayablesWithLastBillAmountAndDate.rpt,traced,VoucherReports.PayablesWithLastBillAndPaidAmount,launch site PayablesWithBillAmount.cs:464
142-DueByDatePayablesAndReceivables.rpt,seeded (already runnable),,
143_01_Hierarchy_ProfitLoss.rpt,not traced: no desktop launch site found,,
143_02_ProfitLossBreakUp.rpt,traced,VoucherReports.Accounts_COGS_BreakUp,launch site frmProfitLossBreakUp.cs:702
144-DayBookSlip.rpt,seeded (already runnable),,
144-InvGdn_Slip.rpt,seeded (already runnable),,
145-PurchaseInvoiceReturn_StoreItemSlip.rpt,traced,InvSaleInvoiceReports.PurchaseInvoiceReturn_StoreSip,launch site CommonServices.cs:6757
145A-PurchaseInvoiceReturn_StorePartySlip.rpt,traced,InvSaleInvoiceReports.PurchaseInvoiceReturn_StoreSip,launch site CommonServices.cs:6713
146-OutstandingOrderWithLedgerBalance.rpt,traced,SaleOrder.GetOutstandingOrdersWithLedgerBalance,only BLL method running USP_GetOutstandingOrdersWithLedgerBalance
147-ChequeBookRegister.rpt,not traced: no desktop launch site found,,
147_PurchasePreBillSlip.rpt,traced,PurchasePreBillHeader.PurchasePreBillHeader_Slip,launch site CrystalReportPrint_Helper.cs:1123
148_DeliveryChallanSlip.rpt,traced,DeliveryChallanHeader.DeliveryChallanHeader_Slip,launch site CrystalReportPrint_Helper.cs:1164
149-GoodsDispatchNotesStoreAndPmRegister.rpt,not traced: no procedure,,
149-InvGdnStorePmSlip.rpt,seeded (already runnable),,
1500-PurchaseOrderSlip_Rpt.rpt,seeded (already runnable),,
1501-PurchaseOrder_Register.rpt,traced,PurchaseOrder.PurchaseOrderRegisterST,launch site PurchaseOrderForApproval_St.cs:1064
1502-PurchaseOrder_Register.rpt,traced,PurchaseOrder.PurchaseOrderRegisterST,launch site PurchaseOrderForApproval_St.cs:1087
1503-InvGrnSlip.rpt,seeded (already runnable),,
1504-InvGrnSlipAndRegister.rpt,traced,InvGrn.InvGrnSlip1503,launch site GrnSlipAndRegisterSteel.cs:344
1505-InvPurchaseInvoiceRegister.rpt,traced,InvPurchaseInvoice.PurchaseInvoiceRegisterSteel,only BLL method running [ST].[USP_InvPurchaseInvoiceRegister]
1506-PurchaseInvoiceRegisterAvgRateItemSupplier.rpt,traced,InvPurchaseInvoice.PurchaseInvoiceAvgRateBySupplierForSteel,only BLL method running [ST].[USP_InvPurchaseInvoiceRegister_AvgRatesComparisonsByItemSupplier]
1507-PurchaseInvoiceRegisterAvgRateByItem.rpt,traced,InvPurchaseInvoice.PurchaseInvoiceAvgRateByItemForSteel,only BLL method running [ST].[Sp_InvPurchaseInvoiceRegister_AvgRatesComparisonsByItem]
1508-PurchaseBillSupplierRiceItemSlip.rpt,traced,InvPurchaseInvoice.InvPurchaseInvoiceSlipReport,launch site CommonServices.cs:16967
1508A-InvPurchaseInvoicePartySlip.rpt,traced,InvPurchaseInvoice.InvPurchaseInvoiceSlipReport,launch site CommonServices.cs:16932
1509-SaleOrderSlipAndRegister.rpt,traced,SaleOrder.InvSaleOrderSlipRegisterForSteel,launch site frmSaleOrderSlipAndRegister.cs:395
151-AcRptAccountsBalanceSheetStandard.rpt,seeded (already runnable),,
1510-PurchaseInvoiceDirectPartySlip.rpt,traced,InvPurchaseInvoice.InvPurchaseInvoiceDirectSlipReport,launch site CommonServices.cs:17002
1510A-PurchaseInvoiceDirectPartySlip.rpt,traced,InvPurchaseInvoice.InvPurchaseInvoiceDirectSlipReport,launch site CommonServices.cs:17037
1511-SaleOrderSlipAndRegister.rpt,seeded (already runnable),,
1512-FoodProductionSlip.rpt,seeded (already runnable),,
1512-GatePassOutwardSlipAndRegisterSteel.rpt,seeded (already runnable),,
1513-DeliveryOrderSlip.rpt,seeded (already runnable),,
1513-FoodProductionSummery_WithOutValue.rpt,seeded (already runnable),,
1513A-DeliveryOrderSlip&Register.rpt,traced,InvDeliveryOrder.DeliveryOrderRegister,launch site DeliveryOrderHistory.cs:366
1513A_ProductionSummeryWithValues.rpt,seeded (already runnable),,
1514-FoodProductionOverHead_Slip.rpt,not traced: no desktop launch site found,,
1514-FoodProductionOverHeadJobOrderWise_Slip.rpt,seeded (already runnable),,
1514-InvRepSaleBillCustomer.rpt,traced,InvSaleInvoice.SaleInvoiceSlipReport,launch site CommonServices.cs:17131
1514A-SaleBillCustomer-Format-II.rpt,traced,InvSaleInvoice.SaleInvoiceSlipReport,launch site CommonServices.cs:17166
1515-InvRptGdnSlipAndRegister.rpt,seeded (already runnable),,
1515A-InvRptGdnSlipDliveryChallan.rpt,seeded (already runnable),,
1516-SaleInvoiceCustomerBill.rpt,traced,InvSaleInvoice.SaleInvoiceDirectSlipReport,launch site CommonServices.cs:17201
1516A-SaleBillDirectSupplierBill.rpt,traced,InvSaleInvoice.SaleInvoiceDirectSlipReport,launch site CommonServices.cs:17236
1517-DeliveryOrderRegister.rpt,traced,InvDeliveryOrder.DeliveryOrderRegister,launch site DeliveryOrderForApproval_St.cs:956
1518-SaleInvoiceRegister.rpt,not traced: no desktop launch site found,,
1519-SaleInvoicePackingMaterial.rpt,not traced: no desktop launch site found,,
152-AcRptAccountsProfitLoss.rpt,seeded (already runnable),,
1520-InvRptGatePassOutwardRegister.rpt,traced,GatePassOutwardReports.GatePassOutwardSlipandRegisterForSteel,launch site frmGPOutwardRegister.cs:332
1521-InvGdn_SlipAndRegisterReport.rpt,traced,InvGdn.InvGdnSlipAndRegister,launch site frmGDNHistory.cs:332
1522-SalesRegisterSummary.rpt,traced,InventoryStockEvalautionDetail.SaleInvoiceRegisterWithActivities,launch site SaleInvoiceRegisterWithActivities.cs:795
1523-SalesRegisterSummaryByCustomer.rpt,traced,InventoryStockEvalautionDetail.SaleInvoiceRegisterWithActivities,launch site SaleInvoiceRegisterWithActivities.cs:795
1524-SalesRegisterSummaryByItem.rpt,traced,InventoryStockEvalautionDetail.SaleInvoiceRegisterWithActivities,launch site SaleInvoiceRegisterWithActivities.cs:795
1524_04-PurchaseRegisterSummaryByItem&PackSize.rpt,traced,InventoryStockEvalautionDetail.PurchaseInvoiceRegisterWithActivities,launch site PurchaseInvoiceRegisterWithActivities.cs:861
1525-SalesRegisterSummaryByCustomer&Item.rpt,traced,InventoryStockEvalautionDetail.SaleInvoiceRegisterWithActivities,launch site SaleInvoiceRegisterWithActivities.cs:795
1526-SalesRegisterSummaryByItemWithoutPacking.rpt,traced,InventoryStockEvalautionDetail.SaleInvoiceRegisterWithActivities,launch site SaleInvoiceRegisterWithActivities.cs:795
1527-SalesRegisterSummaryByWarehouse.rpt,traced,InventoryStockEvalautionDetail.SaleInvoiceRegisterWithActivities,launch site SaleInvoiceRegisterWithActivities.cs:795
1528-PurchaseRegisterSummary.rpt,traced,InventoryStockEvalautionDetail.PurchaseInvoiceRegisterWithActivities,launch site PurchaseInvoiceRegisterWithActivities.cs:861
1528-SalesSummaryByItem&City.rpt,traced,InventoryStockEvalautionDetail.SaleInvoiceRegisterWithActivities,launch site SaleInvoiceRegisterWithActivities.cs:795
1528_01-PurchaseRegisterSummaryBySupplier.rpt,traced,InventoryStockEvalautionDetail.PurchaseInvoiceRegisterWithActivities,launch site PurchaseInvoiceRegisterWithActivities.cs:861
1528_02-PurchaseRegisterSummaryByItem.rpt,traced,InventoryStockEvalautionDetail.PurchaseInvoiceRegisterWithActivities,launch site PurchaseInvoiceRegisterWithActivities.cs:861
1528_03-PurchaseRegisterSummaryByItem&City.rpt,traced,InventoryStockEvalautionDetail.PurchaseInvoiceRegisterWithActivities,launch site PurchaseInvoiceRegisterWithActivities.cs:861
1528_05-SalesRegisterSummaryByItem&Warehouse.rpt,traced,InventoryStockEvalautionDetail.PurchaseInvoiceRegisterWithActivities,launch site PurchaseInvoiceRegisterWithActivities.cs:861
1528_06-PurchaseSummaryByItemPackSize&City.rpt,traced,InventoryStockEvalautionDetail.PurchaseInvoiceRegisterWithActivities,launch site PurchaseInvoiceRegisterWithActivities.cs:861
1528_07-PurchaseRegisterSummaryBySupplier&Item.rpt,traced,InventoryStockEvalautionDetail.PurchaseInvoiceRegisterWithActivities,launch site PurchaseInvoiceRegisterWithActivities.cs:861
1528_08-PurchaseSummaryBySupplier&City.rpt,traced,InventoryStockEvalautionDetail.PurchaseInvoiceRegisterWithActivities,launch site PurchaseInvoiceRegisterWithActivities.cs:861
1528_09-PurchaseSummaryBySupplierItem&City.rpt,traced,InventoryStockEvalautionDetail.PurchaseInvoiceRegisterWithActivities,launch site PurchaseInvoiceRegisterWithActivities.cs:861
1528_10-PurchaseSummaryBySupplier&PackSize.rpt,traced,InventoryStockEvalautionDetail.PurchaseInvoiceRegisterWithActivities,launch site PurchaseInvoiceRegisterWithActivities.cs:861
1528_11-PurchaseSummaryByParentCategory.rpt,traced,InventoryStockEvalautionDetail.PurchaseInvoiceRegisterWithActivities,launch site PurchaseInvoiceRegisterWithActivities.cs:861
1528_12-PurchaseSummaryByParentCategory&Item.rpt,traced,InventoryStockEvalautionDetail.PurchaseInvoiceRegisterWithActivities,launch site PurchaseInvoiceRegisterWithActivities.cs:861
1528_13-PurchaseSummaryByParentCategory&Supplier.rpt,traced,InventoryStockEvalautionDetail.PurchaseInvoiceRegisterWithActivities,launch site PurchaseInvoiceRegisterWithActivities.cs:861
1529-SalesSummaryByCustomer&City.rpt,traced,InventoryStockEvalautionDetail.SaleInvoiceRegisterWithActivities,launch site SaleInvoiceRegisterWithActivities.cs:795
153-BalanceSheetStatementRpt.rpt,seeded (already runnable),,
153-FCYPayablesAndReceivablesRpt.rpt,seeded (already runnable),,
153-FCYPayablesAndReceivablesRpt1.rpt,not traced: no desktop launch site found,,
153-FCYPayablesAndReceivablesRpt2.rpt,not traced: no desktop launch site found,,
1530-SalesSummaryByItemPackSize&City.rpt,traced,InventoryStockEvalautionDetail.SaleInvoiceRegisterWithActivities,launch site SaleInvoiceRegisterWithActivities.cs:795
1531-SalesSummaryByCustomerItem&City.rpt,traced,InventoryStockEvalautionDetail.SaleInvoiceRegisterWithActivities,launch site SaleInvoiceRegisterWithActivities.cs:795
1532-SalesSummaryByCustomer&PackSize.rpt,traced,InventoryStockEvalautionDetail.SaleInvoiceRegisterWithActivities,launch site SaleInvoiceRegisterWithActivities.cs:795
1533-SalesSummaryByParentCategory.rpt,traced,InventoryStockEvalautionDetail.SaleInvoiceRegisterWithActivities,launch site SaleInvoiceRegisterWithActivities.cs:795
1534-SalesSummaryByParentCategory&Item.rpt,traced,InventoryStockEvalautionDetail.SaleInvoiceRegisterWithActivities,launch site SaleInvoiceRegisterWithActivities.cs:795
1535-SalesSummaryByParentCategory&Customer.rpt,traced,InventoryStockEvalautionDetail.SaleInvoiceRegisterWithActivities,launch site SaleInvoiceRegisterWithActivities.cs:795
1536-InvRptSaleRegisterDetail.rpt,not traced: no desktop launch site found,,
1537-InvRptSaleBillRegister.rpt,not traced: no desktop launch site found,,
1538-InvRptSale BillActivity.rpt,not traced: no desktop launch site found,,
1539-InvRptSaleRegisterDetail.rpt,not traced: no desktop launch site found,,
154-Payables&Receiveableaging-Rpt.rpt,traced,GeneralReprots.PayablesandReceivablesMenagment,best of 2 BLL methods running SpAccounts_PayablesReceivablesAging_Rpt
154-Profit&Loss.rpt,seeded (already runnable),,
1540-InvRptSale BillActivity.rpt,not traced: no desktop launch site found,,
1541-InvRptSaleBillRegister.rpt,not traced: no desktop launch site found,,
1542-ItemStockSummary.rpt,traced,StocksReport.StockSummaryByQtyAndWeightReport,launch site StockReport_St.cs:761
1543-ItemandWarehouseStockSummary.rpt,traced,StocksReport.StockSummaryByQtyAndWeightReport,launch site StockReport_St.cs:761
1544-WarehouseAndItemStockSummary.rpt,traced,StocksReport.StockSummaryByQtyAndWeightReport,launch site StockReport_St.cs:761
1545-WarehouseandJoblotandItemStockSummary.rpt,traced,StocksReport.StockSummaryByQtyAndWeightReport,launch site StockReport_St.cs:761
1546-ItemandPackSizeStockSummary.rpt,traced,StocksReport.StockSummaryByQtyAndWeightReport,launch site StockReport_St.cs:761
1547-JobLotandItemStockSummary.rpt,traced,StocksReport.StockSummaryByQtyAndWeightReport,launch site StockReport_St.cs:761
1548-ItemandPackingTypeStockSummary.rpt,traced,StocksReport.StockSummaryByQtyAndWeightReport,launch site StockReport_St.cs:761
1549-ItemandPackSizeandPackingTypeStockSummary.rpt,traced,StocksReport.StockSummaryByQtyAndWeightReport,launch site StockReport_St.cs:761
155-JobManagementDetail.rpt,not traced: no desktop launch site found,,
1550-ItemStockSummary.rpt,traced,StocksReport.StockSummaryWithValuesReport,launch site StockReportWithValues_St.cs:952
1551-ItemandWarehouseStockSummary.rpt,traced,StocksReport.StockSummaryWithValuesReport,launch site StockReportWithValues_St.cs:952
1552-WarehouseAndItemStockSummary.rpt,traced,StocksReport.StockSummaryWithValuesReport,launch site StockReportWithValues_St.cs:952
1553-JobLotandItemStockSummary.rpt,traced,StocksReport.StockSummaryWithValuesReport,launch site StockReportWithValues_St.cs:952
1554-WarehouseandJoblotandItemStockSummary.rpt,traced,StocksReport.StockSummaryWithValuesReport,launch site StockReportWithValues_St.cs:952
1555-ItemandPackSizeStockSummary.rpt,traced,StocksReport.StockSummaryWithValuesReport,launch site StockReportWithValues_St.cs:952
1556-ItemandPackingTypeStockSummary.rpt,traced,StocksReport.StockSummaryWithValuesReport,launch site StockReportWithValues_St.cs:952
1557-ItemandPackSizeandPackingTypeStockSummary.rpt,traced,StocksReport.StockSummaryWithValuesReport,launch site StockReportWithValues_St.cs:952
1558-CommissionAgentTrade_Register.rpt,not traced: no desktop launch site found,,
1558-CommissionTradePurchaseRpt.rpt,not traced: no desktop launch site found,,
1558-InvStockRptInventoryTransactionsA.rpt,seeded (already runnable),,
1559-CommissionTradeSaleRpt.rpt,not traced: no desktop launch site found,,
1559-InvStockRptInventoryTransactionsStocks.rpt,traced,InventoryStockEvalautionDetail.SteelTransactionStockGenrate,launch site InventoryTransactionReport.cs:426
156-FcyGeneralLedger.rpt,traced,VoucherReports.FCY_LedgerAgainstAccountId,launch site FcyGeneralLedgerRpt.cs:182
1560-CommissionTradeAllRpt.rpt,not traced: no desktop launch site found,,
1560-CommissionTradeDetailBuyer.rpt,not traced: no desktop launch site found,,
1560-CommissionTradeDetailSupplier.rpt,not traced: no desktop launch site found,,
1560-StockRptInventoryTransactionsNew.rpt,traced,InventoryStockEvalautionDetail.InventoryTransactionReportNew,launch site InventoryEvaluationItemLedger.cs:514
1561-DocumentWiseProfitAndLossAll.rpt,not traced: no desktop launch site found,,
1561-InvStockRptInventoryTransactionsNew.rpt,traced,InventoryStockEvalautionDetail.InventoryTransactionReportNew,launch site InventoryEvaluationItemLedger.cs:539
1562-DocumentWiseProfitAndLossPurchase.rpt,not traced: no desktop launch site found,,
1562-ExportCommentariesByJobLot.rpt,not traced: no desktop launch site found,,
1563-DocumentWiseProfitAndLossSale.rpt,not traced: no desktop launch site found,,
1563-ProductionJobOrderSlip.rpt,traced,InvProductionJobOrder.JobOrderPrintNew,launch site CommonServices.cs:16748
1564-VehicleWiseProfitAndLossSale.rpt,not traced: no desktop launch site found,,
1565-VehicleWiseProfitAndLossPurcahase.rpt,not traced: no desktop launch site found,,
1566-VehicleWiseProfitAndLossAll.rpt,not traced: no desktop launch site found,,
157-CommissionAndBrokary.rpt,traced,GeneralReprots.GeneralLedgerCommissionAndBrokery,launch site CommissionAgentLedger.cs:416
158-BalanceSheet.rpt,not traced: no procedure,,
158-InvStockAdjustmentPartyProcessingSlip.rpt,seeded (already runnable),,
158_01_PartyProcessingStockAdjustmentRegister.rpt,traced,InvStockAdjustmentPartyProcessing.StockAdjustmentSlipAndRegister,launch site StockAdjustmentPartyProcessingRegister.cs:537
159-PayablesAndReceivablebetweenPeriod.rpt,seeded (already runnable),,
160-WagesRegister.rpt,traced,InventoryStockEvalautionDetail.WagesRegister,launch site frmEvaulationDetailWagesReports.cs:823
1600-PurchaseOrder_Slip_Engr.rpt,seeded (already runnable),,
1601-InwardGatePassSlipEngr.rpt,seeded (already runnable),,
1602-GoodsReceiptsNotesSlip.rpt,seeded (already runnable),,
1602_01-GoodsReceiptsNotesSlip.rpt,seeded (already runnable),,
1603-PurchaseBillSupplier_Engr_ItemSlip.rpt,traced,InvPurchaseInvoiceReports.InvPurchaseInvoice_PartySlip_Engr,launch site CommonServices.cs:11868
1603A-PurchaseInvoice_Engr_PartySlip.rpt,traced,InvPurchaseInvoiceReports.InvPurchaseInvoice_PartySlip_Engr,launch site CommonServices.cs:11906
1604-PurchaseInvoiceDirect_Engr_ItemSlip.rpt,traced,InvPurchaseInvoiceReports.InvPurchaseInvoiceDirect_PartySlip_Engr,launch site CommonServices.cs:11958
1604A-PurchaseInvoiceDirect_Engr_PartySlip.rpt,traced,InvPurchaseInvoiceReports.InvPurchaseInvoiceDirect_PartySlip_Engr,launch site CommonServices.cs:12123
1605-SaleOrderSlipAndRegister_Engr.rpt,traced,SaleOrder.SaleOrderSlipAndRegister_Engr,launch site CommonServices.cs:12175
1605_01_OrderRegister.rpt,traced,SaleOrder.SaleOrderSummaryRegister,launch site frmSaleOrderHistory_Engr.cs:1987
1605_02_OrderSummaryByItem&PackSize.rpt,traced,SaleOrder.SaleOrderSummaryRegister,launch site frmSaleOrderHistory_Engr.cs:1987
"1605_03_OrderSummaryByItem,PackSize&City.rpt",traced,SaleOrder.SaleOrderSummaryRegister,launch site frmSaleOrderHistory_Engr.cs:1987
1605_04_OrderSummaryByCustomer&PackSize.rpt,traced,SaleOrder.SaleOrderSummaryRegister,launch site frmSaleOrderHistory_Engr.cs:1987
1605_05_OrderSummaryByItem.rpt,traced,SaleOrder.SaleOrderSummaryRegister,launch site frmSaleOrderHistory_Engr.cs:1987
1605_06_OrderSummaryByItem&City.rpt,traced,SaleOrder.SaleOrderSummaryRegister,launch site frmSaleOrderHistory_Engr.cs:1987
1605_07_OrderSummaryByCustomer.rpt,traced,SaleOrder.SaleOrderSummaryRegister,launch site frmSaleOrderHistory_Engr.cs:1987
1605_08_OrderSummaryByCustomer&City.rpt,traced,SaleOrder.SaleOrderSummaryRegister,launch site frmSaleOrderHistory_Engr.cs:1987
1605_09_OrderSummaryByCustomer&Item.rpt,traced,SaleOrder.SaleOrderSummaryRegister,launch site frmSaleOrderHistory_Engr.cs:1987
"1605_10_OrderSummaryByCustomer,Item&City.rpt",traced,SaleOrder.SaleOrderSummaryRegister,launch site frmSaleOrderHistory_Engr.cs:1987
1605_11_OrderSummaryByCustomer&Order.rpt,traced,SaleOrder.SaleOrderSummaryRegister,launch site frmSaleOrderHistory_Engr.cs:1987
1605A-InvRptSalesOrderRegister.rpt,traced,SaleOrder.SaleOrderSlipAndRegister_Engr,launch site SaleOrderForApproval_Engr.cs:894
1605B-InvRptSaleOderRegister.rpt,traced,SaleOrder.SaleOrderSlipAndRegister_Engr,launch site SaleOrderForApproval_Engr.cs:916
1606-DeliveryOrderSlip_Engr.rpt,seeded (already runnable),,
1606A-InvDeliveryOrderForApproval_Register.rpt,traced,InvDeliveryOrder.DeliveryOrderForApproval_Engr,launch site DeliveryOrderApproval_Engr.cs:636
1608-SaleInvoice_CustomerBillDirect_Engr.rpt,traced,InvSaleInvoiceReports.InvSaleInvoiceDirectSlip,launch site CommonServices.cs:12569
1608A-SaleInvoice_CustomerBillDirect_Engr.rpt,traced,InvSaleInvoiceReports.InvSaleInvoiceDirectSlip,launch site SaleInvoiceQtyWithTax.cs:4865
1609-InvRepSaleBillCustomer.rpt,traced,InvSaleInvoice.SaleInvoiceSlip_Engr,launch site CommonServices.cs:12607
1609A-InvRepSaleBillCustomer-Format-II.rpt,traced,InvSaleInvoice.SaleInvoiceSlip_Engr,launch site CommonServices.cs:12646
161-PrematurePaymentsReceipts.rpt,not traced: no desktop launch site found,,
161-WagesbyContractor&DocumentType.rpt,traced,InventoryStockEvalautionDetail.WagesRegister,launch site frmEvaulationDetailWagesReports.cs:823
1611-SaleInvoice_CustomerBillReturn_Engr.rpt,traced,InvSaleInvoiceReports.InvSaleInvoiceDirectSlip,launch site frmSaleInvoiceReturn_Engr.cs:2689
1611A-SaleInvoice_CustomerBillReturn_Engr.rpt,traced,InvSaleInvoiceReports.InvSaleInvoiceDirectSlip,launch site CommonServices.cs:12859
1612-GdnRegister_Eng.rpt,traced,InvGdn.GdnRegister_Eng,launch site frmGDNHistory_Engr.cs:751
1612-InvGdn_Slip.rpt,seeded (already runnable),,
1614_WorkOrder_Slip.rpt,seeded (already runnable),,
1615-DepartmentRequestToConsumableStoreSlip.rpt,seeded (already runnable),,
1616-StoreIssuanceToConsumableStore_Slip.rpt,seeded (already runnable),,
1617_USP_BillOfMaterial_Slip.rpt,traced,BomHeader.BillOfMaterial_SlipAndRegister,launch site CommonServices.cs:13305
1618-GoodsReceiptsNotesSlip.rpt,seeded (already runnable),,
1618-RptGrnRegister.rpt,traced,InvGrn.InvGrnRegisterAndSlipLoader_Engr,launch site GoodsReceivingNotesRegister_Engr.cs:721
1618A-RptGrnRegister.rpt,traced,InvGrn.InvGrnRegisterAndSlipLoader_Engr,launch site GoodsReceivingNotesRegister_Engr.cs:758
1619-Production_Slip.rpt,seeded (already runnable),,
162-WagesByContractor.rpt,traced,InventoryStockEvalautionDetail.WagesRegister,launch site frmEvaulationDetailWagesReports.cs:823
1620_WorkOrderInProgress_Slip.rpt,seeded (already runnable),,
1621_WorkOrderSemiFinish_Slip.rpt,seeded (already runnable),,
1624-PurchaseByDetail.rpt,not traced: no procedure,,
1625-PurchaseByInvoices&Supplier.rpt,not traced: no procedure,,
1626-PurchaseBySupplier.rpt,traced,InvPurchaseInvoice.PurchaseInvoice_WithActivitiesRegister_Engr,only BLL method running [dbo].[USP_PurchaseInvoice_WithActivitiesRegister_Engr]
1627-PurchaseBySupplier&Item.rpt,traced,InvPurchaseInvoice.PurchaseInvoice_WithActivitiesRegister_Engr,only BLL method running [dbo].[USP_PurchaseInvoice_WithActivitiesRegister_Engr]
"1628-PurchaseByItem,Category&ItemType.rpt",traced,InvPurchaseInvoice.PurchaseInvoice_WithActivitiesRegister_Engr,only BLL method running [dbo].[USP_PurchaseInvoice_WithActivitiesRegister_Engr]
1629-PurchaseByCategory.rpt,traced,InvPurchaseInvoice.PurchaseInvoice_WithActivitiesRegister_Engr,only BLL method running [dbo].[USP_PurchaseInvoice_WithActivitiesRegister_Engr]
163-WagesByDocumentType.rpt,traced,InventoryStockEvalautionDetail.WagesRegister,launch site frmEvaulationDetailWagesReports.cs:823
1630-PurchaseByItemType.rpt,traced,InvPurchaseInvoice.PurchaseInvoice_WithActivitiesRegister_Engr,only BLL method running [dbo].[USP_PurchaseInvoice_WithActivitiesRegister_Engr]
1631-PurchaseByPaymentTerms.rpt,traced,InvPurchaseInvoice.PurchaseInvoice_WithActivitiesRegister_Engr,only BLL method running [dbo].[USP_PurchaseInvoice_WithActivitiesRegister_Engr]
1632-PurchaseByCategory&PackSize.rpt,traced,InvPurchaseInvoice.PurchaseInvoice_WithActivitiesRegister_Engr,only BLL method running [dbo].[USP_PurchaseInvoice_WithActivitiesRegister_Engr]
1633_USP_BillOfMaterial_Slip.rpt,traced,BomHeader.BillOfMaterial_SlipAndRegister,launch site CommonServices.cs:13027
1634_BillOfMaterialAllDetails_SubReport.rpt,traced,BomHeader.BillOfMaterialAllDetails_SubReport,launch site CommonServices.cs:13305
164-AcRptQuantativeLedger.rpt,traced,StocksReport.itemLedgerTradePro,launch site GeneralLedger.cs:3275
164-WagesSummaryByContractorAndJobOrder.rpt,traced,InventoryStockEvalautionDetail.WagesRegister,launch site frmEvaulationDetailWagesReports.cs:823
165-ItemLedgerRetail.rpt,traced,StocksReport.InventoryStockEvalautionDetail_RetailItemLedgerReport,launch site ItemStockLedger.cs:258
1654_01_PurchaseRegisterSummary.rpt,not traced: no desktop launch site found,,
1654_02_PurchaseByCustomer&Invoice.rpt,not traced: no desktop launch site found,,
1654_PurchaseInvoice_CustomerBillDirectSlip_Engr.rpt,traced,InvPurchaseInvoiceReports.InvPurchaseInvoiceDirect_PartySlip_Engr,launch site CommonServices.cs:12034
1654A_PurchaseInvoice_CustomerBillDirectSlip_Engr.rpt,traced,InvPurchaseInvoiceReports.InvPurchaseInvoiceDirect_PartySlip_Engr,launch site CommonServices.cs:11996
1656_SaleOrderDetailRegister.rpt,traced,SaleOrder.SaleOrderDetailRegister_Mfg,launch site frmSaleOrderHistory_Engr.cs:682
1656_SaleOrderSlip_Engr.rpt,traced,SaleOrder.SaleOrderSlipAndRegister_Engr,launch site CommonServices.cs:12213
1656A-InvRptSalesOrderRegister.rpt,traced,SaleOrder.SaleOrderSlipAndRegister_Engr,launch site SaleOrderForApproval_Engr.cs:1066
1656B-InvRptSaleOderRegister.rpt,traced,SaleOrder.SaleOrderSlipAndRegister_Engr,launch site SaleOrderForApproval_Engr.cs:1088
1657_01_DeliveryOrderRegister_Eng.rpt,traced,InvDeliveryOrder.DeliveryOrderRegister_MfgEng,launch site frmDeliveryOrderRegister_Engr.cs:717
1657_DeliveryOrderSlip_Engr.rpt,seeded (already runnable),,
1657A-InvDeliveryOrderForApproval_Register.rpt,traced,InvDeliveryOrder.DeliveryOrderForApproval_Engr,launch site DeliveryOrderApproval_Engr.cs:822
1659_01_GdnRegister_Eng.rpt,traced,InvGdn.GdnRegister_MfgEng,launch site frmGdnRegister_Engr.cs:767
1659_GdnSlip_Engr.rpt,seeded (already runnable),,
166-ProfitLossNewReport.rpt,seeded (already runnable),,
1660_SaleInvoiceSlipEngr.rpt,traced,InvSaleInvoice.SaleInvoiceSlip_Engr,launch site CommonServices.cs:12681
1660A_SaleInvoiceSlipEngr.rpt,traced,InvSaleInvoice.SaleInvoiceSlip_Engr,launch site CommonServices.cs:12734
1661_01_SalesRegisterSummary.rpt,not traced: no desktop launch site found,,
1661_02_SalesByCustomer&Invoice.rpt,not traced: no desktop launch site found,,
1661_8_SalesSummeryMonthWise.rpt,not traced: no desktop launch site found,,
1661_9_SaleSummaryByCustomer&Model_(6).rpt,not traced: no desktop launch site found,,
1661_9_SaleSummaryByCustomer_(6).rpt,not traced: no desktop launch site found,,
1661_9_SaleSummaryByCutomer&Model_(12).rpt,not traced: no desktop launch site found,,
1661_9_SaleSummaryByCutomer_(12).rpt,not traced: no desktop launch site found,,
1661_9_SaleSummaryByModel_(12).rpt,not traced: no desktop launch site found,,
1661_9_SaleSummaryByModel_(6).rpt,not traced: no desktop launch site found,,
1661_SaleInvoice_CustomerBillDirectSlip_Engr.rpt,traced,InvSaleInvoiceReports.InvSaleInvoiceDirectSlip,launch site CommonServices.cs:12769
1661A_SaleInvoice_CustomerBillDirectSlip_Engr.rpt,traced,InvSaleInvoiceReports.InvSaleInvoiceDirectSlip,launch site CommonServices.cs:12821
1662_SaleInvoiceReturn_Slip_Engr.rpt,traced,InvSaleInvoiceReports.InvSaleInvoiceDirectSlip,launch site CommonServices.cs:12897
1662A_SaleInvoiceReturn_Slip_Engr.rpt,traced,InvSaleInvoiceReports.InvSaleInvoiceDirectSlip,launch site CommonServices.cs:12949
1663_StockTransfer_Slip.rpt,seeded (already runnable),,
1664_BillOfMaterialCasting_Slip.rpt,traced,BomHeader.BillOfMaterial_SlipAndRegister,launch site CommonServices.cs:13343
1665_StockTransferForProductionRejection_Slip.rpt,seeded (already runnable),,
1670_ProductionEngr_Slip.rpt,traced,ProductionHeader.ProductionHeader_Slip,launch site CommonServices.cs:13417
1671_ItemStockSummary_Engr.rpt,traced,StocksReport.StockReportWithValues_Engr,launch site frmStockReportWithValues_Engr.cs:1082
1672_01_ItemEvaluationLedger.rpt,traced,InventoryStockEvalautionDetail.ItemLedgerFromStockEvaluations_Engr,launch site frmItemEvaluationLedger_Engr.cs:614
1672_EvaluationTransactionReportWithValues_Engr.rpt,traced,StocksReport.EvaluationTransactionReportWithValues_Engr,launch site frmTransactionReportWithValues_Engr.cs:916
168-CommisionTradeBillAndSlip.rpt,traced,VoucherHead.Save,launch site CommissionAgentTradeBill_162.cs:3453
169-InvPartyProcessingGrnInfo.rpt,traced,GrnGdnReports.PartyProcessingGrnInfo,launch site frmPartyProcessingGrnInfo.cs:468
170-CommisionTradeBillPurchaseSlip.rpt,not traced: no procedure,,
1702-CommissionTradeLoadingDelivery_Register.rpt,traced,CommTradeLoadingDelivery.CommissionTradeLoadingDeliverySlipAndRegister,launch site CommisisionDeleiveryLoadingRegister.cs:636
1702-CommissionTradeLoadingDelivery_Slip.rpt,traced,CommTradeLoadingDelivery.CommissionTradeLoadingDeliverySlipAndRegister,launch site CommTradeLoadingDeliveryExpenses.cs:2263
1702A-CommissionTradeLoadingDelivery_Slip.rpt,traced,CommTradeLoadingDelivery.CommissionTradeLoadingDeliverySlipAndRegister,launch site CommonServices.cs:12436
1704-CommissionTransaction_Register.rpt,traced,CommTradeTransactionHeader.CommissionTransactionSlipAndRegister,launch site CommissionTransactionRegister.cs:650
1704-CommTradeTransactionCustomerExpense_SubReport.rpt,traced,CommTradeTransactionHeader.CommTradeTransactionCustomerExpense_SubReport,launch site CommisionBillAgainstLoadingDelivery.cs:6004
1704-CommTradeTransactionHeader_Slip.rpt,seeded (already runnable),,
1704_01_CommTradeTransaction_SlipWithSupplier.rpt,traced,CommTradeTransactionHeader.CommissionTransactionSlipAndRegister,launch site CommonServices.cs:12478
1704_01_CommTradeTransactionSupplierSummary_SubReport.rpt,traced,CommTradeTransactionHeader.CommTradeTransactionSupplierSummary_SubReport,launch site CommonServices.cs:12478
1705-CommissionOrder_Register.rpt,traced,CommTradeOrder.CommissionOrderSlipAndRegister,launch site CommissionOrderRegister.cs:703
1705-CommissionTradeOrder_Slip.rpt,seeded (already runnable),,
1706-CommissionBillSupplierCustomerAndIncomeTransactions.rpt,seeded (already runnable),,
171-CommisionTradeBillSaleSlip.rpt,not traced: no procedure,,
172-CommisionTradeBillSaleSlip.rpt,not traced: no procedure,,
174-ExImForwardingDirect_SlipAndRegister.rpt,seeded (already runnable),,
175-ForwardingByReferenceNoRegister.rpt,traced,ExportPdfReport.FarwardingByReferenceNoRegister,launch site EximForwardingDirect.cs:2086
176-FcyAdjustmentVoucherSlip.rpt,seeded (already runnable),,
176_01_StockConversionRegisterWithActivityPartyProcessing.rpt,traced,StockConversionPartyProcessing.ProductionRegisterPartyProcessing,launch site StockConversionRegisterPartyProcessing.cs:782
176_02_StockConversionRegisterWithActivityPartyProcessing.rpt,traced,StockConversionPartyProcessing.ProductionRegisterPartyProcessing,launch site StockConversionRegisterPartyProcessing.cs:782
177-PostDatedChequeRegister-1.rpt,not traced: no desktop launch site found,,
177-PostDatedChequeRegister.rpt,not traced: no procedure,,
178-ItemStockSummary.rpt,traced,StocksReport.stockGeneralSummaryByWeight,launch site frmStockReport.cs:1264
179-ItemandWarehouseStockSummary.rpt,traced,StocksReport.stockGeneralSummaryByWeight,launch site frmStockReport.cs:1264
180-ItemandWarehouseStockSummary.rpt,traced,StocksReport.stockGeneralSummaryByWeight,launch site frmStockReport.cs:1264
1800-Loan Facility Agreement_Slip.rpt,not traced: no desktop launch site found,,
1801_LoanRegistration_Slip.rpt,seeded (already runnable),,
1804-InvRepPurchaseBillDirectWithoutPo.rpt,traced,InvPurchaseInvoiceReports.PurchaseInvoiceDirectForSaltSlip,launch site CommonServices.cs:17418
1804_01-PurchaseRegisterSummary.rpt,not traced: no procedure,,
1804_01_PurchaseRegister.rpt,traced,InvPurchaseInvoice.PurchaseFromEvaulationsWithActivitiesReportSalt,launch site PurchaseInvoiceSummaryRegister.cs:1512
1804_02-PurchaseRegisterSummaryByItem&Customer.rpt,not traced: no procedure,,
1804_02_PurchaseSummaryByItem.rpt,traced,InvPurchaseInvoice.PurchaseFromEvaulationsWithActivitiesReportSalt,launch site PurchaseInvoiceSummaryRegister.cs:1512
1804_03-PurchaseRegisterSummaryByItem.rpt,not traced: no procedure,,
1804_03_PurchaseSummaryByItemAndWarehouse.rpt,traced,InvPurchaseInvoice.PurchaseFromEvaulationsWithActivitiesReportSalt,launch site PurchaseInvoiceSummaryRegister.cs:1512
1804_04_PurchaseSummaryBySupplier.rpt,traced,InvPurchaseInvoice.PurchaseFromEvaulationsWithActivitiesReportSalt,launch site PurchaseInvoiceSummaryRegister.cs:1512
1804_05_PurchaseSummaryByItemAndSupplier.rpt,traced,InvPurchaseInvoice.PurchaseFromEvaulationsWithActivitiesReportSalt,launch site PurchaseInvoiceSummaryRegister.cs:1512
1804_06_PurchaseSummaryByParentCategory.rpt,traced,InvPurchaseInvoice.PurchaseFromEvaulationsWithActivitiesReportSalt,launch site PurchaseInvoiceSummaryRegister.cs:1512
1804_07_PurchaseSummaryByParentCategoryAndSupplier.rpt,traced,InvPurchaseInvoice.PurchaseFromEvaulationsWithActivitiesReportSalt,launch site PurchaseInvoiceSummaryRegister.cs:1512
1804A-InvRepPurchaseBillDirectWithoutPo.rpt,traced,InvPurchaseInvoiceReports.PurchaseInvoiceDirectForSaltSlip,launch site CommonServices.cs:17456
1809-InvRptSaleRegisterDetailSalt.rpt,not traced: no desktop launch site found,,
1809-SaleInvoiceDirectSlip_ForSalt.rpt,traced,InvSaleInvoiceReports.SaleInvoiceDirectSlip_ForSalt,launch site CommonServices.cs:17344
1809_01_SalesRegisterSummary.rpt,traced,InventoryStockEvalautionDetail.SalesFromEvaulation_RegisterSalt,launch site SaleInvoice_Register.cs:1731
1809_02-SalesRegisterSummaryByCustomer.rpt,traced,InventoryStockEvalautionDetail.SalesFromEvaulation_RegisterSalt,launch site SaleInvoice_Register.cs:1731
1809_03-SalesRegisterSummaryByItem.rpt,traced,InventoryStockEvalautionDetail.SalesFromEvaulation_RegisterSalt,launch site SaleInvoice_Register.cs:1731
1809_04-SalesRegisterSummaryByCustomer&Item.rpt,traced,InventoryStockEvalautionDetail.SalesFromEvaulation_RegisterSalt,launch site SaleInvoice_Register.cs:1731
1809_05-SalesRegisterSummaryByItemWithoutPacking.rpt,traced,InventoryStockEvalautionDetail.SalesFromEvaulation_RegisterSalt,launch site SaleInvoice_Register.cs:1731
1809_06-SalesRegisterSummaryByWarehouse.rpt,traced,InventoryStockEvalautionDetail.SalesFromEvaulation_RegisterSalt,launch site SaleInvoice_Register.cs:1731
1809_06-SalesSummaryByItem&City.rpt,not traced: no desktop launch site found,,
1809_07-SalesSummaryByCustomer&City.rpt,traced,InventoryStockEvalautionDetail.SalesFromEvaulation_RegisterSalt,launch site SaleInvoice_Register.cs:1731
1809_08-SalesSummaryByItemPackSize&City.rpt,not traced: no desktop launch site found,,
1809_09-SalesSummaryByCustomerItem&City.rpt,traced,InventoryStockEvalautionDetail.SalesFromEvaulation_RegisterSalt,launch site SaleInvoice_Register.cs:1731
1809_10-SalesSummaryByCustomer&PackSize.rpt,traced,InventoryStockEvalautionDetail.SalesFromEvaulation_RegisterSalt,launch site SaleInvoice_Register.cs:1731
1809_11-SalesSummaryByParentCategory.rpt,traced,InventoryStockEvalautionDetail.SalesFromEvaulation_RegisterSalt,launch site SaleInvoice_Register.cs:1731
1809_12-SalesSummaryByParentCategory&Item.rpt,traced,InventoryStockEvalautionDetail.SalesFromEvaulation_RegisterSalt,launch site SaleInvoice_Register.cs:1731
1809_13-SalesSummaryByParentCategory&Customer.rpt,traced,InventoryStockEvalautionDetail.SalesFromEvaulation_RegisterSalt,launch site SaleInvoice_Register.cs:1731
1809_14-SalesSummaryByItemPackSize&City.rpt,traced,InventoryStockEvalautionDetail.SalesFromEvaulation_RegisterSalt,launch site SaleInvoice_Register.cs:1731
1809_15-SalesSummaryByItem&City.rpt,traced,InventoryStockEvalautionDetail.SalesFromEvaulation_RegisterSalt,launch site SaleInvoice_Register.cs:1731
1809A-InvRptSaleBillRegisterSalt.rpt,not traced: no desktop launch site found,,
1809A-SaleInvoiceDirectSlip_ForSalt.rpt,traced,InvSaleInvoiceReports.SaleInvoiceDirectSlip_ForSalt,launch site CommonServices.cs:17381
181-ItemandCropYearStockSummary.rpt,traced,StocksReport.stockGeneralSummaryByWeight,launch site frmStockReport.cs:1264
1818-ProductionSalt-Slip.rpt,seeded (already runnable),,
1818-ProductionSalt_Register.rpt,traced,ProductionHeader.ProductionSaltSlipAndRegister,launch site ProductionRegisterSalt.cs:492
182-ItemandCropYearandWarehouseStockSummary.rpt,traced,StocksReport.stockGeneralSummaryByWeight,launch site frmStockReport.cs:1264
183-JobLotandItemStockSummary.rpt,traced,StocksReport.stockGeneralSummaryByWeight,launch site frmStockReport.cs:1264
184-WarehouseandJoblotandItemStockSummary.rpt,traced,StocksReport.stockGeneralSummaryByWeight,launch site frmStockReport.cs:1264
185-ItemandPackSizeStockSummary.rpt,traced,StocksReport.stockGeneralSummaryByWeight,launch site frmStockReport.cs:1264
1850_01_Production_Report.rpt,not traced: no procedure,,
1850_02_ProductionExFactoryDetail.rpt,not traced: no desktop launch site found,,
1850_03_ProductionExFactoryDetail.rpt,not traced: no desktop launch site found,,
1850_Production_Slip.rpt,traced,ProductionHeader.Production_SlipAndRegister,launch site CommonServices.cs:18252
1851_USP_BillOfMaterial_Slip.rpt,traced,BomHeader.BillOfMaterial_SlipAndRegister,launch site frmBillOfMaterialConcrete.cs:2748
1852-ApprovalRegister.rpt,traced,SaleOrder.SaleOrderApprovalHistory,launch site SaleOrderForApproval_Concrete.cs:625
1852-InvRptSaleOrderSlip.rpt,seeded (already runnable),,
1852-SaleOrderRegister.rpt,traced,SaleOrder.SaleOrderSlipAndRegister,launch site SaleOrderRegister.cs:2489
1852_01-OrderRegister.rpt,traced,SaleOrder.SaleOrderSummaryRegister,launch site SaleOrderRegister.cs:3015
1852_02-OrderSummaryByItem.rpt,traced,SaleOrder.SaleOrderSummaryRegister,launch site SaleOrderRegister.cs:3015
1852_03-OrderSummaryByItem&Varient.rpt,traced,SaleOrder.SaleOrderSummaryRegister,launch site SaleOrderRegister.cs:3015
1852_04-OrderSummaryByItem&City.rpt,traced,SaleOrder.SaleOrderSummaryRegister,launch site SaleOrderRegister.cs:3015
1852_05-OrderSummaryByItem_Varient&City.rpt,traced,SaleOrder.SaleOrderSummaryRegister,launch site SaleOrderRegister.cs:3015
1852_06-OrderSummaryByCustomer.rpt,traced,SaleOrder.SaleOrderSummaryRegister,launch site SaleOrderRegister.cs:3015
1852_07-OrderSummaryByCustomerItem.rpt,traced,SaleOrder.SaleOrderSummaryRegister,launch site SaleOrderRegister.cs:3015
1852_08-OrderSummaryByCustomer&City.rpt,traced,SaleOrder.SaleOrderSummaryRegister,launch site SaleOrderRegister.cs:3015
1852_09-OrderSummaryByCustomer_Item&City.rpt,traced,SaleOrder.SaleOrderSummaryRegister,launch site SaleOrderRegister.cs:3015
1852_10-OrderSummaryByCustomer&Varient.rpt,traced,SaleOrder.SaleOrderSummaryRegister,launch site SaleOrderRegister.cs:3015
1852_11-OrderSummarByCustomer_Item&Varient.rpt,not traced: no desktop launch site found,,
1852_11-OrderSummaryByCustomer_ItemVarient.rpt,traced,SaleOrder.SaleOrderSummaryRegister,launch site SaleOrderRegister.cs:3015
1852_12-OrderSummaryByCustomer&ReferenceParty.rpt,traced,SaleOrder.SaleOrderSummaryRegister,launch site SaleOrderRegister.cs:3015
1852_13-OrderSummaryByCustomerItem&ReferenceParty.rpt,traced,SaleOrder.SaleOrderSummaryRegister,launch site SaleOrderRegister.cs:3015
1852_14-OrderSummaryByCustomerVarient&ReferenceParty.rpt,traced,SaleOrder.SaleOrderSummaryRegister,launch site SaleOrderRegister.cs:3015
1852_15-OrderSummaryByCustomer_Item_Varient&ReferenceParty.rpt,traced,SaleOrder.SaleOrderSummaryRegister,launch site SaleOrderRegister.cs:3015
1852_16-OrderSummaryByReferenceParty.rpt,traced,SaleOrder.SaleOrderSummaryRegister,launch site SaleOrderRegister.cs:3015
1852_17-OrderSummaryByReferenceParty&Item.rpt,traced,SaleOrder.SaleOrderSummaryRegister,launch site SaleOrderRegister.cs:3015
1852_18-OrderSummaryByReferenceParty&Varient.rpt,traced,SaleOrder.SaleOrderSummaryRegister,launch site SaleOrderRegister.cs:3015
1852_19-OrderSummaryByReferenceParty_Item&Varient.rpt,traced,SaleOrder.SaleOrderSummaryRegister,launch site SaleOrderRegister.cs:3015
1852_20-OrderSummaryByReferenceParty&City.rpt,traced,SaleOrder.SaleOrderSummaryRegister,launch site SaleOrderRegister.cs:3015
1852_21-dtOrderSummaryByOrderNoAndCustomer.rpt,traced,SaleOrder.SaleOrderSummaryRegister,launch site SaleOrderRegister.cs:3015
1852_22-OrderSummaryByOrderNoAndSalesMan.rpt,traced,SaleOrder.SaleOrderSummaryRegister,launch site SaleOrderRegister.cs:3015
1852A-ApprovalRegister.rpt,not traced: no desktop launch site found,,
1852A-SaleOrder_Register.rpt,traced,SaleOrder.SaleOrderSlipAndRegister,launch site SaleOrderRegister.cs:2511
1853-DeliveryOrderRegister.rpt,traced,InvDeliveryOrder.DeliveryOrderRegister,launch site DeliveryOrderRegister.cs:1216
1853-DeliveryOrderSlip.rpt,traced,InvDeliveryOrder.DeliveryOrder_SlipConcrete,launch site CommonServices.cs:18153
1853A-DeliveryOrderRegister.rpt,traced,InvDeliveryOrder.DeliveryOrderRegister,launch site DeliveryOrderRegister.cs:1238
1853A-DeliveryOrderSlip.rpt,traced,InvDeliveryOrder.DeliveryOrder_SlipConcrete,launch site CommonServices.cs:18181
1855-GDNRegister.rpt,traced,InvGdn.GdnRegister,launch site GdnRegister.cs:1031
1855-InvGdn_Slip.rpt,traced,InvGdn.GdnConcrete_Slip,launch site GdnRegister.cs:1075
1855A-GDNRegister.rpt,traced,InvGdn.GdnRegister,launch site GdnRegister.cs:1053
1856-SaleInvoiceDirect_Slip.rpt,traced,InvSaleInvoice.SaleInvoiceDirectSlip,launch site CommonServices.cs:18048
1856A-SaleInvoiceDirect_Slip.rpt,traced,InvSaleInvoice.SaleInvoiceDirectSlip,launch site CommonServices.cs:18118
1858-GoodsReceiptsNotes_Slip.rpt,seeded (already runnable),,
1858-GrnRegister.rpt,traced,InvGrn.GrnSlipAndRegister,launch site GrnRegister.cs:901
1859-PurchaseInvoice_ApprovalRegister.rpt,traced,InvPurchaseInvoice.PurchaseInvoice_ApprovalHistory,launch site PurchaseInvoiceForApproval_Concrete.cs:717
1859_01-PurchaseRegisterSummary.rpt,traced,InvPurchaseInvoice.Purchase_EvaulationDetailReports,launch site Purchase_EvaulationDetailReports.cs:817
1859_02-PurchaseRegisterSummaryByItem.rpt,traced,InvPurchaseInvoice.Purchase_EvaulationDetailReports,launch site Purchase_EvaulationDetailReports.cs:817
1859_03-PurchaseSummaryByItem&City.rpt,traced,InvPurchaseInvoice.Purchase_EvaulationDetailReports,launch site Purchase_EvaulationDetailReports.cs:817
1859_04-PurchaseRegisterSummaryByItem&Varient.rpt,traced,InvPurchaseInvoice.Purchase_EvaulationDetailReports,launch site Purchase_EvaulationDetailReports.cs:817
1859_05-PurchaseRegisterSummaryByItem&Warehouse.rpt,traced,InvPurchaseInvoice.Purchase_EvaulationDetailReports,launch site Purchase_EvaulationDetailReports.cs:817
1859_06-PurchaseSummaryByItemPackSize&City.rpt,traced,InvPurchaseInvoice.Purchase_EvaulationDetailReports,launch site Purchase_EvaulationDetailReports.cs:817
1859_07-PurchaseRegisterSummaryByCustomer.rpt,not traced: no desktop launch site found,,
1859_07-PurchaseRegisterSummaryBySupplier.rpt,traced,InvPurchaseInvoice.Purchase_EvaulationDetailReports,launch site Purchase_EvaulationDetailReports.cs:817
1859_08-PurchaseSummaryByCustomer&Item.rpt,not traced: no desktop launch site found,,
1859_08-PurchaseSummaryBySupplier&Item.rpt,traced,InvPurchaseInvoice.Purchase_EvaulationDetailReports,launch site Purchase_EvaulationDetailReports.cs:817
1859_09-PurchaseRegisterSummaryByCustomer&City.rpt,not traced: no desktop launch site found,,
1859_09-PurchaseRegisterSummaryBySupplier&City.rpt,traced,InvPurchaseInvoice.Purchase_EvaulationDetailReports,launch site Purchase_EvaulationDetailReports.cs:817
1859_10-PurchaseSummaryByCustomerItem&City.rpt,not traced: no desktop launch site found,,
1859_10-PurchaseSummaryBySupplierItem&City.rpt,traced,InvPurchaseInvoice.Purchase_EvaulationDetailReports,launch site Purchase_EvaulationDetailReports.cs:817
1859_11-PurchaseSummaryByCustomer&Varient.rpt,not traced: no desktop launch site found,,
1859_11-PurchaseSummaryBySupplier&Varient.rpt,traced,InvPurchaseInvoice.Purchase_EvaulationDetailReports,launch site Purchase_EvaulationDetailReports.cs:817
1859_12-PurchaseSummaryByCity.rpt,traced,InvPurchaseInvoice.Purchase_EvaulationDetailReports,launch site Purchase_EvaulationDetailReports.cs:817
1859_13-PurchaseSummaryByParentCategory.rpt,traced,InvPurchaseInvoice.Purchase_EvaulationDetailReports,launch site Purchase_EvaulationDetailReports.cs:817
1859_14-PurchaseSummaryByParentCategory&Item.rpt,traced,InvPurchaseInvoice.Purchase_EvaulationDetailReports,launch site Purchase_EvaulationDetailReports.cs:817
1859_15-PurchaseSummaryByParentCategory&Customter.rpt,not traced: no desktop launch site found,,
1859_15-PurchaseSummaryByParentCategory&Supplier.rpt,traced,InvPurchaseInvoice.Purchase_EvaulationDetailReports,launch site Purchase_EvaulationDetailReports.cs:817
1859_InvPurchaseInvoice_DirectSlip.rpt,traced,InvPurchaseInvoice.PurchaseInvoiceDirectSlip,launch site CommonServices.cs:13533
1859A_InvPurchaseInvoice_DirectSlip.rpt,traced,InvPurchaseInvoice.PurchaseInvoiceDirectSlip,launch site CommonServices.cs:13498
186-ItemandPackingTypeStockSummary.rpt,traced,StocksReport.stockGeneralSummaryByWeight,launch site frmStockReport.cs:1264
1860-StockSummaryDetail.rpt,traced,StocksReport.ItemStockReportWithOutValuesConcrete,launch site frmStockReportWithOutValues.cs:893
1860-StockTransferManual-Slip.rpt,seeded (already runnable),,
1860-StockTransferManual_Register.rpt,traced,InvStockTransferHeader.StockTransferRegister,launch site StockTranfserRegister.cs:350
1860A-StockSummaryDetail.rpt,not traced: no desktop launch site found,,
1861-ItemStockSummary.rpt,traced,StocksReport.ItemStockReportWithOutValuesConcrete,launch site frmStockReportWithOutValues.cs:893
1861-SaleInvoice_Slip.rpt,traced,InvSaleInvoice.SaleInvoiceSlip,launch site CommonServices.cs:18403
1861-SaleInvoiceApprovalRegister.rpt,traced,InvSaleInvoice.SaleInvoice_ApprovalHistory,launch site SaleInvoiceForApproval_Concrete.cs:756
1861_01-SalesRegister.rpt,not traced: no desktop launch site found,,
1861_02-SalesSummaryByItem&Varient.rpt,not traced: no desktop launch site found,,
1861_03-SalesSummaryByItem.rpt,not traced: no desktop launch site found,,
1861_04-SalesSummaryByCity&Varient.rpt,not traced: no desktop launch site found,,
1861_05-SalesSummaryByVarient.rpt,not traced: no desktop launch site found,,
1861_06-SalesSummaryByCity.rpt,not traced: no desktop launch site found,,
1861_07-SalesSummaryByCustomerVarient&City.rpt,not traced: no desktop launch site found,,
1861_08-SalesSummaryByCustomerVarient.rpt,not traced: no desktop launch site found,,
1861_09-SalesSummaryByCustomerCity.rpt,not traced: no desktop launch site found,,
1861_10-SalesSummaryByCustomerItemVarient&City.rpt,not traced: no desktop launch site found,,
1861_11-SalesSummaryByCustomerItemVarient.rpt,not traced: no desktop launch site found,,
1861_12-SalesSummaryByCustomerItem&City.rpt,not traced: no desktop launch site found,,
1861_13-SalesSummaryByCustomer.rpt,not traced: no desktop launch site found,,
1861_14-SalesSummaryByCustomerItem.rpt,not traced: no desktop launch site found,,
1861_15-SalesSummaryByItem&City.rpt,not traced: no desktop launch site found,,
1861_16-SalesSummaryByItemCity&Varient.rpt,not traced: no desktop launch site found,,
1861_17-SalesSummaryDocNo_Customer&SalesMan.rpt,not traced: no desktop launch site found,,
1861_18-SalesSummaryByReferencePartyCustomerItemVarient&City.rpt,not traced: no desktop launch site found,,
1861_19-SalesSummaryByReferencePartyCustomerItemVarient.rpt,not traced: no desktop launch site found,,
1861_20-SalesSummaryByReferencePartyCustomerItem&City.rpt,not traced: no desktop launch site found,,
1861_21-SalesSummaryByReferencePartyCustomerItem.rpt,not traced: no desktop launch site found,,
1861_22-SalesSummaryByReferencePartyItemVarient&City.rpt,not traced: no desktop launch site found,,
1861_23-SalesSummaryByReferencePartyItemVarient.rpt,not traced: no desktop launch site found,,
1861_24-SalesSummaryByReferencePartyItem&City.rpt,not traced: no desktop launch site found,,
1861_25-SalesSummaryByReferencePartyItem.rpt,not traced: no desktop launch site found,,
1861_26-SalesSummaryByReferencePartyVarient&City.rpt,not traced: no desktop launch site found,,
1861_27-SalesSummaryByReferencePartyVarient.rpt,not traced: no desktop launch site found,,
1861_28-SalesSummaryByReferenceParty&City.rpt,not traced: no desktop launch site found,,
1861_29-SalesSummaryByReferenceParty.rpt,not traced: no desktop launch site found,,
1861_33-SalesSummaryByReferenceParty.rpt,not traced: no desktop launch site found,,
1861A-ItemStockSummary.rpt,not traced: no desktop launch site found,,
1861A-SaleInvoice_Slip.rpt,traced,InvSaleInvoice.SaleInvoiceSlip,launch site CommonServices.cs:18438
1861A-SaleInvoiceApprovalRegister.rpt,not traced: no desktop launch site found,,
1862-ItemandWarehouseStockSummary.rpt,traced,StocksReport.ItemStockReportWithOutValuesConcrete,launch site frmStockReportWithOutValues.cs:893
1862-SaleInvoiceRetrurn_Slip.rpt,traced,InvSaleInvoice.SaleInvoiceDirectSlip,launch site CommonServices.cs:18083
1862A-ItemandWarehouseStockSummary.rpt,not traced: no desktop launch site found,,
1863-InvRptPurchaseOrderSlip.rpt,seeded (already runnable),,
1863-PurchaseOrderRegister.rpt,traced,PurchaseOrder.PurchaseOrder_Slip,launch site PurchaseOrderRegister.cs:1811
1863-WarehouseAndItemStockSummary.rpt,traced,StocksReport.ItemStockReportWithOutValuesConcrete,launch site frmStockReportWithOutValues.cs:893
1863_01-OrderRegister.rpt,traced,PurchaseOrder.PurchaseOrderSummaryRegisterWithActivities,launch site PurchaseOrderRegister.cs:2185
1863_02-OrderSummaryByItem.rpt,traced,PurchaseOrder.PurchaseOrderSummaryRegisterWithActivities,launch site PurchaseOrderRegister.cs:2185
1863_03-OrderSummaryByItem&Varient.rpt,traced,PurchaseOrder.PurchaseOrderSummaryRegisterWithActivities,launch site PurchaseOrderRegister.cs:2185
1863_04-OrderSummaryByItem&City.rpt,traced,PurchaseOrder.PurchaseOrderSummaryRegisterWithActivities,launch site PurchaseOrderRegister.cs:2185
1863_05-OrderSummaryByItem_Varient&City.rpt,traced,PurchaseOrder.PurchaseOrderSummaryRegisterWithActivities,launch site PurchaseOrderRegister.cs:2185
1863_06-OrderSummaryBySupplier.rpt,traced,PurchaseOrder.PurchaseOrderSummaryRegisterWithActivities,launch site PurchaseOrderRegister.cs:2185
1863_07-OrderSummaryBySupplierItem.rpt,traced,PurchaseOrder.PurchaseOrderSummaryRegisterWithActivities,launch site PurchaseOrderRegister.cs:2185
1863_08-OrderSummaryBySupplier&City.rpt,traced,PurchaseOrder.PurchaseOrderSummaryRegisterWithActivities,launch site PurchaseOrderRegister.cs:2185
1863_09-OrderSummaryBySupplier_Item&City.rpt,traced,PurchaseOrder.PurchaseOrderSummaryRegisterWithActivities,launch site PurchaseOrderRegister.cs:2185
1863_10-OrderSummaryBySupplier&Varient.rpt,traced,PurchaseOrder.PurchaseOrderSummaryRegisterWithActivities,launch site PurchaseOrderRegister.cs:2185
1863_11-OrderSummaryBySupplier_ItemVarient.rpt,traced,PurchaseOrder.PurchaseOrderSummaryRegisterWithActivities,launch site PurchaseOrderRegister.cs:2185
1863_PurchaseOrderApprovalRegister.rpt,traced,PurchaseOrder.PurchaseOrderApprovalHistory,launch site PurchaseOrderForApproval_Concrete.cs:613
1863A-PuchaseOrder_Register.rpt,traced,PurchaseOrder.PurchaseOrder_Slip,launch site PurchaseOrderRegister.cs:1833
1863A-PurchaseOrder_Register.rpt,not traced: no desktop launch site found,,
1863A-WarehouseAndItemStockSummary.rpt,not traced: no desktop launch site found,,
1864-GrnRegister.rpt,traced,InvGrn.GrnSlipAndRegister,launch site GrnRegister.cs:924
1864-ItemandPackSizeStockSummary.rpt,traced,StocksReport.ItemStockReportWithOutValuesConcrete,launch site frmStockReportWithOutValues.cs:893
1864_GoodsRecieptNotesFinish.rpt,seeded (already runnable),,
1864A-ItemandPackSizeStockSummary.rpt,not traced: no desktop launch site found,,
1865-SalesWages_Register.rpt,traced,VoucherReports.ReceivablesAging_New,only BLL method running UPS_ReceivablesAging_New
1865_01_SalesWages_SummaryRegister.rpt,traced,SaleOrder.SaleWagesRegisterSummary,launch site SalesWages_Register.cs:506
1866-InvGdnDirect_Slip.rpt,traced,InvGdn.GdnConcrete_Slip,launch site GdnDirectConcrete.cs:3531
1867_Conversion_Slip.rpt,traced,ConversionHeader.Conversion_SlipAndRegister,launch site CommonServices.cs:18287
1868_ContractorWagesBillSlip.rpt,seeded (already runnable),,
1869_ContractorWagesBillSlip.rpt,seeded (already runnable),,
187-ItemandPackSizeandPackingTypeStockSummary.rpt,traced,StocksReport.stockGeneralSummaryByWeight,launch site frmStockReport.cs:1264
1870-WagesDetail.rpt,traced,ContractorWagesActivity.WagesActivity,launch site WagesReportWithActivities.cs:862
1870_01_WorkOrderDetailReport.rpt,traced,WorkOrderHeader.WorkOrder_Report,launch site frmWorkOrderReport.cs:545
1870_WorkOrderConcrete_Slip.rpt,traced,WorkOrderHeader.WorkOrderHeader_Slip,launch site CommonServices.cs:13454
1871-SummaryByItem.rpt,traced,ContractorWagesActivity.WagesActivity,launch site WagesReportWithActivities.cs:862
1872-SummaryByItemandContractor.rpt,traced,ContractorWagesActivity.WagesActivity,launch site WagesReportWithActivities.cs:862
1873-SummaryByItemandServiceActivity.rpt,traced,ContractorWagesActivity.WagesActivity,launch site WagesReportWithActivities.cs:862
1874-SummaryByContractorandServiceActivity.rpt,traced,ContractorWagesActivity.WagesActivity,launch site WagesReportWithActivities.cs:862
1875-SummaryByItemContractorandServiceActivity.rpt,traced,ContractorWagesActivity.WagesActivity,launch site WagesReportWithActivities.cs:862
1876-SummaryByWagesGroup.rpt,traced,ContractorWagesActivity.WagesActivity,launch site WagesReportWithActivities.cs:862
1877-SummaryByWagesGroupandServiceActivity.rpt,traced,ContractorWagesActivity.WagesActivity,launch site WagesReportWithActivities.cs:862
1878-SummaryByWagesGroupandContractor.rpt,traced,ContractorWagesActivity.WagesActivity,launch site WagesReportWithActivities.cs:862
1879-SummaryByWagesGroupContractorandServiceActivity.rpt,traced,ContractorWagesActivity.WagesActivity,launch site WagesReportWithActivities.cs:862
188-ItemStockSummary.rpt,traced,StocksReport.stockReportWithValues,launch site frmStockReportWithValues.cs:1448
1880-dtSummaryByContractor.rpt,traced,ContractorWagesActivity.WagesActivity,launch site WagesReportWithActivities.cs:862
1880-SalesRegisterSummary.rpt,traced,InvSaleInvoice.EvaulationDetailSalesReports,launch site Sales_EvaulationDetailReports.cs:963
1881-SalesSummaryByParentCategory.rpt,traced,InvSaleInvoice.EvaulationDetailSalesReports,launch site Sales_EvaulationDetailReports.cs:963
1881_WagesDetailWithoutItem.rpt,traced,ContractorWagesActivity.WagesActivity,launch site WagesReportWithActivities.cs:862
1882-SalesSummaryByParentCategory&Item.rpt,traced,InvSaleInvoice.EvaulationDetailSalesReports,launch site Sales_EvaulationDetailReports.cs:963
1883-SalesSummaryByParentCategory&Customter.rpt,traced,InvSaleInvoice.EvaulationDetailSalesReports,launch site Sales_EvaulationDetailReports.cs:963
1884-SalesSummaryByVehicles.rpt,traced,InvSaleInvoice.EvaulationDetailSalesReports,launch site Sales_EvaulationDetailReports.cs:963
1885-SalesSummaryByCustomerItemandVareient.rpt,traced,InvSaleInvoice.EvaulationDetailSalesReports,launch site Sales_EvaulationDetailReports.cs:963
1886-StockReportWithDocumentWise.rpt,traced,StocksReport.StockReportWithDocumentWise,launch site StockReportWithDocumentWise.cs:550
1886_01_StockReportWithDocumentWiseIncludeOrders.rpt,traced,StocksReport.StockReportWithDocumentWiseIncludeOrders,launch site StockReportWithDocumentWiseIncludeOrders.cs:556
1887-GetReportByFiFo.rpt,traced,InvStockTransferHeader.StockByFiFo,launch site StockReportByFifo.cs:429
1889-SalesRegisterSummaryByItem.rpt,traced,InvSaleInvoice.EvaulationDetailSalesReports,launch site Sales_EvaulationDetailReports.cs:963
188_01-ItemStockSummary.rpt,traced,StocksReport.stockReportWithValues,launch site frmStockReportWithValues.cs:1613
188_02-ItemStockSummary.rpt,traced,StocksReport.stockReportWithValues,launch site frmStockReportWithValues.cs:1635
189-ItemandWarehouseStockSummary.rpt,traced,StocksReport.stockReportWithValues,launch site frmStockReportWithValues.cs:1448
1890-SalesSummaryByItem&City.rpt,traced,InvSaleInvoice.EvaulationDetailSalesReports,launch site Sales_EvaulationDetailReports.cs:963
1891-SalesRegisterSummaryByItem&Varient.rpt,traced,InvSaleInvoice.EvaulationDetailSalesReports,launch site Sales_EvaulationDetailReports.cs:963
1892-SalesRegisterSummaryByItem&Warehouse.rpt,traced,InvSaleInvoice.EvaulationDetailSalesReports,launch site Sales_EvaulationDetailReports.cs:963
1893-SalesSummaryByItemPackSize&City.rpt,traced,InvSaleInvoice.EvaulationDetailSalesReports,launch site Sales_EvaulationDetailReports.cs:963
1894-SalesRegisterSummaryByCustomer.rpt,traced,InvSaleInvoice.EvaulationDetailSalesReports,launch site Sales_EvaulationDetailReports.cs:963
1895-SalesSummaryByCustomer&Item.rpt,traced,InvSaleInvoice.EvaulationDetailSalesReports,launch site Sales_EvaulationDetailReports.cs:963
1896-SalesRegisterSummaryByCustomer&City.rpt,traced,InvSaleInvoice.EvaulationDetailSalesReports,launch site Sales_EvaulationDetailReports.cs:963
1897-SalesSummaryByCustomer&Varient.rpt,traced,InvSaleInvoice.EvaulationDetailSalesReports,launch site Sales_EvaulationDetailReports.cs:963
1898-SalesSummaryByCustomerItem&City.rpt,traced,InvSaleInvoice.EvaulationDetailSalesReports,launch site Sales_EvaulationDetailReports.cs:963
1899-SalesSummaryByCity.rpt,traced,InvSaleInvoice.EvaulationDetailSalesReports,launch site Sales_EvaulationDetailReports.cs:963
190-ItemandWarehouseStockSummary.rpt,traced,StocksReport.stockReportWithValues,launch site frmStockReportWithValues.cs:1448
191-ItemandCropYearStockSummary.rpt,traced,StocksReport.stockReportWithValues,launch site frmStockReportWithValues.cs:1448
192-ItemandCropYearandWarehouseStockSummary.rpt,traced,StocksReport.stockReportWithValues,launch site frmStockReportWithValues.cs:1448
193-JobLotandItemStockSummary.rpt,traced,StocksReport.stockReportWithValues,launch site frmStockReportWithValues.cs:1448
194-WarehouseandJoblotandItemStockSummary.rpt,traced,StocksReport.stockReportWithValues,launch site frmStockReportWithValues.cs:1448
194A-WarehouseandItemandJoblotStockSummary.rpt,traced,StocksReport.stockReportWithValues,launch site frmStockReportWithValues.cs:1448
195-ItemandPackSizeStockSummary.rpt,traced,StocksReport.stockReportWithValues,launch site frmStockReportWithValues.cs:1448
196-ItemandPackingTypeStockSummary.rpt,traced,StocksReport.stockReportWithValues,launch site frmStockReportWithValues.cs:1448
197-ItemandPackSizeandPackingTypeStockSummary.rpt,traced,StocksReport.stockReportWithValues,launch site frmStockReportWithValues.cs:1448
198-WIPStockPlantWiseSummary.rpt,traced,StocksReport.stockGeneralSummaryByWeight,launch site frmStockReport.cs:1264
199-GetOutstandingOrdersWithLedgerBalance.rpt,traced,SaleOrder.GetOutstandingOrdersWithLedgerBalance,launch site OrdersWithLedgerBalance.cs:810
200-InvRptItemsList.rpt,seeded (already runnable),,
201-InvRptPurchaseOrderGeneralSlip.rpt,seeded (already runnable),,
202_01_ItemandWarehouseStockSummary.rpt,traced,StocksReport.ItemStockReportWithValues_Store,launch site frmStockReportWithValuesForStore.cs:1196
202_02_ItemandWarehouseStockSummary.rpt,traced,StocksReport.ItemStockReportWithValues_Store,launch site frmStockReportWithValuesForStore.cs:1196
202_03_ItemandPackSizeStockSummary.rpt,traced,StocksReport.ItemStockReportWithValues_Store,launch site frmStockReportWithValuesForStore.cs:1196
202_ItemStockSummary.rpt,traced,StocksReport.ItemStockReportWithValues_Store,launch site frmStockReportWithValuesForStore.cs:1196
203-InvRptPurchaseOrderRiceSlip(A).rpt,seeded (already runnable),,
203-InvRptPurchaseOrderRiceSlip.rpt,seeded (already runnable),,
203_01_PurchaseOrderRiceSlip.rpt,seeded (already runnable),,
203_02_PurchaseOrderRiceSlip.rpt,seeded (already runnable),,
203A_PurchaseOrderSlip.rpt,seeded (already runnable),,
205-InvRptPurchaseOrderDetailRegisterRice.rpt,seeded (already runnable),,
206-RptPurchaseOrderRegisterRice(B).rpt,not traced: no desktop launch site found,,
206-RptPurchaseOrderRegisterRice.rpt,seeded (already runnable),,
207-RecipeSlip.rpt,traced,InvManufacturingBOMHeader.ReceipePrint,launch site frmBillOfMaterial_Manufacturing.cs:2111
211-InvRptGoodsReceiptsNotesRiceSlip.rpt,seeded (already runnable),,
212-InvRptGoodsReceiptsNotesStoreSlip.rpt,seeded (already runnable),,
212_01_GoodsReceiptsNotesEmptyBagsSlip.rpt,seeded (already runnable),,
213-GoodsReceiptsNotesAgainstOrderSlip.rpt,traced,InvGrnandGdnReports.InvGrnSlip211,launch site CommonServices.cs:14398
213-GoodsReceiptsNotesAgainstOrderSlip2.rpt,not traced: no desktop launch site found,,
214-GRNPackingMaterialSlip.rpt,seeded (already runnable),,
214_01_GrnPackingMaterialSlip.rpt,traced,InvGrnandGdnReports.GrnSlipStore,launch site CommonServices.cs:14348
215-ExportReturnGrnSlip.rpt,seeded (already runnable),,
215-PurchaseOrderPackingMaterialSlip.rpt,seeded (already runnable),,
215_StockAdjustmentPMSlip.rpt,seeded (already runnable),,
215A-ExportReturnGrnRegister.rpt,not traced: no desktop launch site found,,
215ExportReturnGrnRegiste-.rpt,not traced: no desktop launch site found,,
216-ExportReturnInvoice_Register.rpt,not traced: no desktop launch site found,,
216-ExportReturnInvoiceSlip.rpt,seeded (already runnable),,
216A-ExportReturnInvoice_Register.rpt,not traced: no desktop launch site found,,
217-StockRecievedRegister.rpt,not traced: no desktop launch site found,,
217_01_GrnPurchaseFromPPRegister.rpt,traced,InvGrnPartyProcessing.GrnPurchaseFromPartyProcessing_Register,launch site frmGrnPurchaseFromPP_Register.cs:781
217_GrnPurchaseFromPPRegister.rpt,traced,InvGrnPartyProcessing.GrnPurchaseFromPartyProcessing_Register,launch site frmGrnPurchaseFromPP_Register.cs:756
217A_StockRecievedSummaryByBranchAndItem.rpt,not traced: no desktop launch site found,,
220-InvRptPurchaseBillSupplierRiceSlip.rpt,traced,InvPurchaseInvoiceReports.InvPurchaseInvoiceSlipReport220SupReprtForItem,best of 2 BLL methods running SP_InvPurchaseInvoice_ItemOthersAddLess_SubRpt
220-InvRptPurchaseBillSupplierRiceSlip1.rpt,not traced: no desktop launch site found,,
220-InvRptSaleReturnItemSlip.rpt,not traced: no desktop launch site found,,
220_01_PartyProcessingStockTransferRegister.rpt,not traced: no procedure,,
220_StockTransferPartyProcessingSlip.rpt,seeded (already runnable),,
220A-InvRptPurchaseBillSupplierRiceSlip.rpt,traced,InvPurchaseInvoiceReports.InvPurchaseInvoiceSlipReport220,launch site CommonServices.cs:7223
220A-InvRptPurchaseBillSupplierRiceSlip1.rpt,not traced: no desktop launch site found,,
220B-InvRptPurchaseBillSupplierRiceSummary.rpt,traced,InvPurchaseInvoiceReports.InvPurchaseInvoiceSlipReport220SupReprtForItem,best of 2 BLL methods running SP_InvPurchaseInvoice_ItemOthersAddLess_SubRpt
220B-InvRptPurchaseBillSupplierRiceSummary1.rpt,not traced: no desktop launch site found,,
220R-InvRptPurchaseBillReturnSupplierRiceSlip.rpt,traced,InvPurchaseInvoiceReports.InvPurchaseInvoiceReturnSlipReport220R,launch site CommonServices.cs:7184
221-InvRptPurchaseInvoicePurchaseAvgRateByItem.rpt,traced,InvPurchaseInvoiceReports.InvPurchaseInvoiceAvgRateBySupplier222,only BLL method running Sp_InvPurchaseInvoice_AvgRatesComparisonsByItemSupplier_Rpt
221_01_GdnSaleToPartyProcessingRegister.rpt,traced,InvGdn.GdnSaleToPartyProcessingRegister,launch site GdnSaleToPP_Register.cs:607
221_GdnForSaleToPartyProcssingSlip.rpt,seeded (already runnable),,
222-InvRptPurchaseInvoicePurchaseAvgRateByItemSupplier.rpt,traced,InvPurchaseInvoiceReports.InvPurchaseInvoiceAvgRateBySupplier222,only BLL method running Sp_InvPurchaseInvoice_AvgRatesComparisonsByItemSupplier_Rpt
223-InvRptPurchaseRegisterDetail.rpt,not traced: no desktop launch site found,,
224-InvRptPurchaseBillRegister.rpt,traced,InvPurchaseInvoiceReports.InvPurchaseInvoiceDetailRegister,only BLL method running Sp_InvPurchaseInvoice_Rpt
225-InvRepPurchaseBillDirectWithoutPo.rpt,traced,InvPurchaseInvoiceReports.PurchaseInvoiceDirectSlip_225,launch site CommonServices.cs:7024
225-InvRptPurchaseBillRegisterItemWise -.rpt,not traced: no desktop launch site found,,
225_StockReservedRegister.rpt,traced,InventoryStockReserved.InventoryStockReserved_SlipAndRegister,launch site frmStockReservedRegister.cs:576
225A-InvRepPurchaseBillDirectWithoutPo.rpt,traced,InvPurchaseInvoiceReports.PurchaseInvoiceDirectSlip_225,launch site CommonServices.cs:7064
226-InvRptPurchaseBillRegisterSupplierWise.rpt,not traced: no desktop launch site found,,
226-RptInvSaleInvoiceRegister.rpt,traced,SalesTrading.GetInvoiceRegister,launch site frmSaleInvoiceRegisterTrading.cs:275
227-InvRptPurchaseBillRegisterSupplier & Item Wise -.rpt,not traced: no desktop launch site found,,
227-RptInvPurchaseInvoiceRegister.rpt,traced,PurchaseTrading.GetInvoiceRegister,launch site frmPurchaseInvoiceRegister.cs:254
228-rptPurchaseInvoice.rpt,not traced: no procedure,,
230-InvRptPurchaseBillStoreSlip.rpt,seeded (already runnable),,
231-ImLcOrder-Slip.rpt,traced,ImLcOrder.ImLcOrder_SlipAndRegister,launch site ImLcOrder.cs:3435
231-InvRptPurchaseBillPackingMaterialSlip.rpt,traced,InvCommAgentTradeBill.TradeBillSlipAndRegisterSupReprt,only BLL method running SP_CommisionAgentBillOtherExpense_SubRpt
231_01_PurchaseBillPmSlipWithGrnDetail.rpt,traced,InvPurchaseInvoiceReports.PurchaseInvoice_PM231,launch site CommonServices.cs:7277
232-SpInventoryTransactions_PurchasesingRicePaddy_NewRpt_Format-I.rpt,traced,InvPurchaseInvoiceReports.RicePaddyPuchaseReport,launch site frmPurchaseInvoiceHistory.cs:1693
232-SpInventoryTransactions_PurchasesingRicePaddy_NewRpt_Format-II.rpt,traced,InvPurchaseInvoiceReports.RicePaddyPuchaseReport,launch site frmPurchaseInvoiceHistory.cs:1716
233-SpInvPurchaseInvoice_StoreBillDirect.rpt,not traced: no procedure,,
234-PurchaseRegisterSummary.rpt,traced,InventoryStockEvalautionDetail.PurchasesingRegister,only BLL method running Usp_InvPurchaseInvoice_PurchasingReports
235-PurchaseRegisterSummaryByItem&Customer.rpt,traced,InventoryStockEvalautionDetail.PurchasesingRegister,only BLL method running Usp_InvPurchaseInvoice_PurchasingReports
236-PurchaseRegisterSummaryByItem.rpt,traced,InventoryStockEvalautionDetail.PurchasesingRegister,only BLL method running Usp_InvPurchaseInvoice_PurchasingReports
236_01-PurchaseAvgSummary.rpt,not traced: no desktop launch site found,,
237-InvPurchaseInvoice_StoreBillDirectWithTax.rpt,not traced: no procedure,,
238-InvPurchaseInvoice_StoreBillWithTax.rpt,traced,InvCommAgentTradeBill.TradeBillSlipAndRegisterSupReprt,only BLL method running SP_CommisionAgentBillOtherExpense_SubRpt
239-ImLcOrderSchedule_FormHistory.rpt,not traced: no procedure,,
239-SaleInvoice_StoreBillWithTax.rpt,traced,InvSaleInvoiceReports.SalesCustomerBillSubReport,only BLL method running SP_InvSaleInvoice_CustomerBillRice OthersExp_SubRep
240-FreightVoucherRegister.rpt,traced,InvFreightVoucher.FreightVoucher_PendingForApproval,only BLL method running USP_FreightVoucher_PendingForApproval
241-FreightVoucherSlip-Old.rpt,not traced: no desktop launch site found,,
241-FreightVoucherSlip.rpt,seeded (already runnable),,
242-InLandFreightAgreementSlip.rpt,seeded (already runnable),,
242-MonthTransactionReport_01.rpt,not traced: no desktop launch site found,,
242-MonthTransactionReport_02.rpt,not traced: no desktop launch site found,,
242-MonthTransactionReport_03.rpt,not traced: no desktop launch site found,,
242-MonthTransactionReport_04.rpt,not traced: no desktop launch site found,,
242-MonthTransactionReport_12M.rpt,not traced: no desktop launch site found,,
242-MonthTransactionReport_4M.rpt,not traced: no desktop launch site found,,
242-MonthTransactionReport_6M.rpt,not traced: no desktop launch site found,,
243-ExportReceivablesDueByDate.rpt,not traced: no procedure,,
243-InLandFreightAgreementRegister.rpt,seeded (already runnable),,
244-GatePassInspectionSlip.rpt,seeded (already runnable),,
245_PurchaseInvoiceDirectPM_PartySlip.rpt,traced,InvPurchaseInvoiceReports.InvPurchaseInvoiceDirect_PartySlip_Engr,launch site CommonServices.cs:12086
246_SupplierDispatchSlip.rpt,seeded (already runnable),,
248-DHLTrackingRegister.rpt,not traced: no procedure,,
250_PdcPaymentTransactionsSlip.rpt,seeded (already runnable),,
251-InvRptInwardGatePassSlip.rpt,seeded (already runnable),,
251_SupplierDispatchedPreBill_DocWiseReport.rpt,not traced: no desktop launch site found,,
251_SupplierDispatchedPreBill_SummaryByParty.rpt,not traced: no desktop launch site found,,
251_SupplierDispatchPreBill_CustomizedDetailReport.rpt,not traced: no desktop launch site found,,
251_SupplierDispatchPreBill_DetailReport.rpt,not traced: no desktop launch site found,,
251_SupplierDispatchPreBillSlip.rpt,seeded (already runnable),,
252-RptInwardGatePassSlip-GP-QC-WB-CWB.rpt,not traced: no procedure,,
253-InvRptGatePassInwardRegisterA.rpt,traced,GatePassInward.GatepassInwardHistory,launch site frmGatePassReport.cs:527
253_01-InvRptGatePassInwardRegisterA.rpt,traced,GatePassInward.GatePassInward_StockReservedAsAmanat,launch site frmGatePassForStockInTrust.cs:540
254-RptInwardGatePassSlipGeneral.rpt,seeded (already runnable),,
255-GatePassGeneralRpt.rpt,traced,GatePassGeneralReports.GatePassGeneralRegister,launch site frmGatePassGeneral.cs:337
256-GatePassInward_WithDetailSlip.rpt,seeded (already runnable),,
257-InwardGatePassWithWbAndLabSlip.rpt,traced,GatePassInwardReports.GatePassInwardSlipandRegister,launch site CommonServices.cs:14268
258-OutwardGatePassWithWbAndLabSlip.rpt,traced,GatePassOutwardReports.GatePassOutwardSlipandRegister,launch site CommonServices.cs:14228
260-InvRptGdnRiceSlip.rpt,seeded (already runnable),,
260A-DeliveryChallansByGDN.rpt,seeded (already runnable),,
261-InvRptGdnRegister.rpt,seeded (already runnable),,
262-DeliveryOrderSlip For Weight Bridge...rpt,not traced: no desktop launch site found,,
262-DeliveryOrderSlip For Weight Bridge.rpt,not traced: no desktop launch site found,,
262-DeliveryOrderSlip.rpt,seeded (already runnable),,
262-DeliveryOrderSlip1.rpt,not traced: no desktop launch site found,,
263-InvDeliveryOrderForApproval.rpt,traced,ExImExportShipingLineBooking.PrintSlipandRegister,only BLL method running Proc_ExImExportShipingLineBooking_SlipAndRegister_Rpt
263-InvDeliveryOrderForApprovel.rpt,traced,Dashboard.ReadInventoryDashboardPendingForApproval,only BLL method running Sp_Inventory_ReadDashboardPendingForApproval
264-DeliveryChallanByDeliveryOrder.rpt,seeded (already runnable),,
264-DeliveryChallanByDeliveryOrderTransfer.rpt,seeded (already runnable),,
270-InvRptSaleOderRegister.rpt,not traced: no procedure,,
271-InvRptSalesOrderRegister.rpt,traced,Dashboard.InventoryDashboardOutstandingPurchaseOrders,only BLL method running Sp_PurchaseOrder_History_Rpt
271_01-InvRptSalesOrderRegister.rpt,not traced: no desktop launch site found,,
271A-InvRptSalesOrderRegister.rpt,traced,SaleOrder.SaleOrderDetailRegister_Mfg,best of 2 BLL methods running [dbo].[USP_SaleOrderDetailRegister_Eng]
272-InvRptSaleOrderSlipWithDespatchDetail.rpt,not traced: no procedure,,
273-InvRptSaleOrderSlip(A).rpt,seeded (already runnable),,
273-InvRptSaleOrderSlip.rpt,traced,SaleOrderReports.SaleOrderReports273,launch site CommonServices.cs:8978
273_01_SaleOrderSlip.rpt,traced,SaleOrderReports.SaleOrderReports273,launch site CommonServices.cs:9059
274_1-PreBookinRegister.rpt,traced,PreBookingOrder.PreBookingOrderSlipAndRegister,launch site PreBookingOrderRegister.cs:555
274_PreBookingOrder_Slip.rpt,seeded (already runnable),,
275-InvRptSalesOrderGeneral.rpt,seeded (already runnable),,
280-InvRptWeighBridgeSlip-1.rpt,not traced: no desktop launch site found,,
280-InvRptWeighBridgeSlip.rpt,seeded (already runnable),,
280-InvRptWeighBridgeSlip.rpt.rpt,not traced: no desktop launch site found,,
281-InvRptWeighBridgeRegister.rpt,traced,WbTransactionsReports.WbTransactionHistory_Updating,launch site WeighBridge_WeightUpdate.cs:594
281-InvRptWeighBridgeSlipWithPics.rpt,seeded (already runnable),,
282-SaleInvoice_DirectFlour.rpt,traced,InvSaleInvoiceReports.InvSaleInvoiceDirectSlipRice,launch site CommonServices.cs:6678
282A-SaleInvoice_DirectFlour.rpt,traced,InvSaleInvoiceReports.InvSaleInvoiceDirectSlipRice,launch site CommonServices.cs:6643
283-FcyBankChargesRegister.rpt,traced,ExImFCBankReceipts.FcyBankCharges_Register,launch site FcyBankCharges_Register.cs:347
287-CurrentStockReportWithAvgRates.rpt,traced,StocksReport.GetCurrentStockReportWithAvgRates,launch site CurrentStockReport.cs:288
288-FcyReceiptsSummaryRegister.rpt,traced,ExImFCBankReceipts.FcyReceiptsSummaryRegister,launch site FcyReceiptsSummaryRegister.cs:423
289-BankGdsSummaryRegister.rpt,traced,ExportReports.BankGdSummary,launch site BankGdSummary.cs:237
290-InvRptOutwardGatePassSlip.rpt,seeded (already runnable),,
291-InvRptGatePassOutwardRegister.rpt,traced,GatePassOutwardReports.GatePassOutwardSlipandRegister,launch site frmGPOutward.cs:729
291-SaleInvoice_AutoRated.rpt,traced,VoucherHead.Save,launch site frmSaleInvoiceDirectAutoRated.cs:2680
291_01_GatePassVehicleEntryAndExitTimeAnalysisReport.rpt,traced,GatePassOutwardReports.GatePass_VehicleEntryAndExitTime_AnalysisReport,launch site frmGatePassVehicleEntryAndExitTimeAnalysisReport.cs:755
291A-SaleInvoice_AutoRated.rpt,traced,InvSaleInvoiceReports.InvSaleInvoiceDirectSlipRice,launch site CommonServices.cs:6608
292-InvRptSupplierRegister.rpt,seeded (already runnable),,
292_01-InvRptSupplierRegister.rpt,seeded (already runnable),,
293-InvRptSupplierSlip.rpt,seeded (already runnable),,
294-InvRptSaleBillDirectWithoutSO.rpt,traced,InvSaleInvoiceReports.SalesCustomerBillSubReport,only BLL method running SP_InvSaleInvoice_CustomerBillRice OthersExp_SubRep
294-InvRptSaleBillDirectWithoutSO12.rpt,not traced: no desktop launch site found,,
294A-InvRptSaleBillDirectWithoutSO.rpt,traced,InvSaleInvoiceReports.InvSaleInvoiceDirectSlipRice,launch site CommonServices.cs:15870
294B-InvRptSaleBillDirectWithoutSO.rpt,seeded (already runnable),,
294C_SaleBillDirectItemSlip.rpt,traced,InvSaleInvoiceReports.InvSaleInvoiceDirectSlipRice,launch site CommonServices.cs:6534
295-InvRptOutwardGatePassSlipWithItems.rpt,seeded (already runnable),,
296-InvRptSaleRegisterDetail.rpt,not traced: no desktop launch site found,,
297-InvRptPurchase BillActivity.rpt,traced,InvPurchaseInvoiceReports.InvPurchaseInvoiceDetailRegister,only BLL method running Sp_InvPurchaseInvoice_Rpt
297-InvRptSaleBillRegister.rpt,not traced: no desktop launch site found,,
298-InvRptSale BillActivity.rpt,not traced: no desktop launch site found,,
299-InvRptPartyProcessingInwardGatePassSlip.rpt,seeded (already runnable),,
299-InvRptPartyProcessingOutwardGatePassSlip.rpt,seeded (already runnable),,
299-SalesOrderRegistery.rpt,traced,SaleOrder.SaleOrderDetailRegister_Eng,launch site frmSaleOrderHistory_Engr.cs:717
300-RptPartyProcessingGatePassRegister.rpt,traced,PartyProcessingGatePassReports.PartyProcessingGatePassSlipandRegister,launch site frmGatePassPartyProcessing.cs:406
300-StockMonthlyClosingSlip.rpt,seeded (already runnable),,
300_01_FISummaryRegister.rpt,traced,ExportReports.GetFIBalanceSummary,launch site FIBalanceSummary.cs:231
300_02-FIAdvanceBalanceSummary.rpt,traced,ExImEFormRegistration.FIAdvanceBalanceSummary,launch site frmFinancialInstrumentAdvanceBalanceSummary.cs:611
301-InvRepSaleBillCustomer.rpt,traced,InvSaleInvoiceReports.SalesCustomerBillSubReport,only BLL method running SP_InvSaleInvoice_CustomerBillRice OthersExp_SubRep
302-InvSaleInvoice.rpt,seeded (already runnable),,
303-InvRepSaleBillCustomer-Format-II.rpt,traced,InvSaleInvoiceReports.InvSaleInvoice_CustomerBillRice_Rpt,launch site CommonServices.cs:6901
303A_SaleInvoiceItemSlip.rpt,traced,InvSaleInvoiceReports.InvSaleInvoice_CustomerBillRice_Rpt,launch site CommonServices.cs:6860
310-InvrptSalesInvoiceMHI.rpt,seeded (already runnable),,
311-InvrptSalesInvoiceMHII.rpt,seeded (already runnable),,
312-SalesRegisterSummary.rpt,traced,InventoryStockEvalautionDetail.EvaulationDetailSalesReports,launch site frmEvaulationDetailSalesReports.cs:1617
313-SalesRegisterSummaryByCustomer.rpt,traced,InventoryStockEvalautionDetail.EvaulationDetailSalesReports,launch site frmEvaulationDetailSalesReports.cs:1617
314-SalesRegisterSummaryByItem.rpt,traced,InventoryStockEvalautionDetail.EvaulationDetailSalesReports,launch site frmEvaulationDetailSalesReports.cs:1617
315-SalesRegisterSummaryByCustomer&Item.rpt,traced,InventoryStockEvalautionDetail.EvaulationDetailSalesReports,launch site frmEvaulationDetailSalesReports.cs:1617
316-SalesRegisterSummaryByItemWithoutPacking.rpt,traced,InventoryStockEvalautionDetail.EvaulationDetailSalesReports,launch site frmEvaulationDetailSalesReports.cs:1617
317-SalesRegisterSummaryByWarehouse.rpt,traced,InventoryStockEvalautionDetail.EvaulationDetailSalesReports,launch site frmEvaulationDetailSalesReports.cs:1617
318-InvRepSaleBillCustomer.rpt,traced,InvSaleInvoiceReports.InvSaleInvoice_CustomerBillRice_Rpt,launch site CommonServices.cs:6942
318A-InvRepSaleBillCustomer.rpt,traced,InvSaleInvoiceReports.InvSaleInvoice_CustomerBillRice_Rpt,launch site CommonServices.cs:6983
319-ExportSaleInvoiceSlip.rpt,traced,VoucherHead.GetInvoiceNoByPaymentByInvoice,best of 30 BLL methods running Sp_Vouchers_GetMethods
319A-ExportSaleInvoiceSlip.rpt,traced,InvSaleInvoice.GetByGdnIdForSaleInvoiceTrading,best of 27 BLL methods running [Sp_InvSaleInvoice_GetAllMethod]
324-SalesItemPricingList.rpt,traced,ItemPricingSchedule.FinalItemSalePriceListSlip,launch site frmItemSalesPricingSchedule.cs:598
324A_SalesPricingList.rpt,traced,ItemPricingSchedule.GetItemPricingFormulaAgainstPriceTypeId,best of 14 BLL methods running Sp_ItemPricingSchedule_GetAllMethod
325-ItemPricingList.rpt,traced,ItemPricingSchedule.GetItemSchedulePricingSlip,launch site frmItemPricingSchedule_New.cs:1152
325_01-ItemPricingList.rpt,traced,ItemPricingSchedule.GetItemPricingList,launch site frmGetItemPricingList.cs:542
326-GetItemsFromMinAndMaxRateSchedule.rpt,traced,ItemMinMaxRateSchedule.GetItemsFromMinAndMaxRateSchedule,launch site ItemMinMaxRateSchedule.cs:1178
326_01_ItemsFromMinAndMaxRateSchedule_FormHistory.rpt,traced,ItemMinMaxRateSchedule.GetLastItemMinAndMaxRateByItemIdAndUomId,launch site ItemMinMaxRateSchedule.cs:1148
330-InvSupplyOrderSlip.rpt,seeded (already runnable),,
331-InvRptGoodsReceiptsNotesRiceSlip.rpt,not traced: no desktop launch site found,,
332-PartyProcessingGRNSlip.rpt,seeded (already runnable),,
332-Sp_InvGrnPartyProcessing_RiceRegister.rpt,not traced: no procedure,,
332_01-PartyProcessingGDNSlip.rpt,seeded (already runnable),,
333-InvRptGoodsReceiptsNotesRiceSlip.rpt,seeded (already runnable),,
334-RptGrnRegister.rpt,not traced: no procedure,,
334_01-GrnAuditReport.rpt,traced,InvGrn.GetGrnDataForAudit,launch site frmGrnAudit_History.cs:803
335-RptGrnRegister.rpt,not traced: no procedure,,
335_01-GrnRegisterSummaryItemWise.rpt,traced,InvGrn.GrnRegisterSummaryItemWise,launch site frmGRNHistory.cs:1082
336-GrnStoreRegister.rpt,traced,InvGrn.GrnRegisterStore,launch site GrnStore.cs:2577
337-GrnPartyProcessing_RiceRegister-Format-2.rpt,not traced: no procedure,,
337-Sp_InvGrnPartyProcessing_RiceRegisterGDN1.rpt,not traced: no desktop launch site found,,
338-GdnPartyProcessing_RiceRegister-Format-2.rpt,not traced: no procedure,,
338-GrnPartyProcessing_RiceRegister-Format-3.rpt,not traced: no procedure,,
339-InvRptGoodsReceiptsNotesRiceSlipGDN.rpt,seeded (already runnable),,
341-GrnPackingMaterialRegister.rpt,traced,InvGrnandGdnReports.GrnSlipStore,launch site GrnPackingMaterialRegister.cs:685
342-SalesSummaryByItem&City.rpt,traced,InventoryStockEvalautionDetail.EvaulationDetailSalesReports,launch site frmEvaulationDetailSalesReports.cs:1617
343-SalesSummaryByCustomer&City.rpt,traced,InventoryStockEvalautionDetail.EvaulationDetailSalesReports,launch site frmEvaulationDetailSalesReports.cs:1617
344-SalesSummaryByItemPackSize&City.rpt,traced,InventoryStockEvalautionDetail.EvaulationDetailSalesReports,launch site frmEvaulationDetailSalesReports.cs:1617
345-SalesSummaryByCustomerItem&City.rpt,traced,InventoryStockEvalautionDetail.EvaulationDetailSalesReports,launch site frmEvaulationDetailSalesReports.cs:1617
346-SalesSummaryByCustomer&PackSize.rpt,traced,InventoryStockEvalautionDetail.EvaulationDetailSalesReports,launch site frmEvaulationDetailSalesReports.cs:1617
347-OrderRegister.rpt,traced,SaleOrder.SaleOrderSummaryRegister,launch site frmSaleOrderHistory.cs:3365
347-SalesSummaryByParentCategory.rpt,traced,InventoryStockEvalautionDetail.EvaulationDetailSalesReports,launch site frmEvaulationDetailSalesReports.cs:1617
348-OrderSummaryByItem&PackSize.rpt,traced,SaleOrder.SaleOrderSummaryRegister,launch site frmSaleOrderHistory.cs:3365
348-SalesSummaryByParentCategory&Item.rpt,traced,InventoryStockEvalautionDetail.EvaulationDetailSalesReports,launch site frmEvaulationDetailSalesReports.cs:1617
"349-OrderSummaryByItem,PackSize&City.rpt",traced,SaleOrder.SaleOrderSummaryRegister,launch site frmSaleOrderHistory.cs:3365
349-SalesSummaryByParentCategory&Customer.rpt,traced,InventoryStockEvalautionDetail.EvaulationDetailSalesReports,launch site frmEvaulationDetailSalesReports.cs:1617
350-OrderSummaryByCustomer&PackSize.rpt,traced,SaleOrder.SaleOrderSummaryRegister,launch site frmSaleOrderHistory.cs:3365
350-SalesSummaryByReferenceParty.rpt,traced,InventoryStockEvalautionDetail.EvaulationDetailSalesReports,launch site frmEvaulationDetailSalesReports.cs:1617
350_FcyJournalVoucherSlip.rpt,seeded (already runnable),,
351-OrderSummaryByItem.rpt,traced,SaleOrder.SaleOrderSummaryRegister,launch site frmSaleOrderHistory.cs:3365
351-SalesSummaryByReferenceParty&City.rpt,traced,InventoryStockEvalautionDetail.EvaulationDetailSalesReports,launch site frmEvaulationDetailSalesReports.cs:1617
352-OrderSummaryByItem&City.rpt,traced,SaleOrder.SaleOrderSummaryRegister,launch site frmSaleOrderHistory.cs:3365
352-SalesSummaryByReferenceParty&PackSize.rpt,traced,InventoryStockEvalautionDetail.EvaulationDetailSalesReports,launch site frmEvaulationDetailSalesReports.cs:1617
353-OrderSummaryByCustomer.rpt,traced,SaleOrder.SaleOrderSummaryRegister,launch site frmSaleOrderHistory.cs:3365
354-OrderSummaryByCustomer&City.rpt,traced,SaleOrder.SaleOrderSummaryRegister,launch site frmSaleOrderHistory.cs:3365
355-OrderSummaryByCustomer&Item.rpt,traced,SaleOrder.SaleOrderSummaryRegister,launch site frmSaleOrderHistory.cs:3365
"356-OrderSummaryByCustomer,Item&City.rpt",traced,SaleOrder.SaleOrderSummaryRegister,launch site frmSaleOrderHistory.cs:3365
357-OrderSummaryByCustomerandReferenceParty.rpt,traced,SaleOrder.SaleOrderSummaryRegister,launch site frmSaleOrderHistory.cs:3365
357-PurchaseOrderRegister_PM.rpt,traced,PurchaseOrder.PurchaseOrderRegister_PM,launch site PurchaseOrderRegister_PM.cs:1036
357_01-PurchaseOrderRegister_PM.rpt,traced,PurchaseOrder.PurchaseOrderRegister_PM,launch site PurchaseOrderRegister_PM.cs:1297
358-OrderSummaryByCustomer&Item&ReferenceParty.rpt,traced,SaleOrder.SaleOrderSummaryRegister,launch site frmSaleOrderHistory.cs:3365
358-PendingGatePassForDelivery.rpt,seeded (already runnable),,
358_01_PendingGatePassForGRN.rpt,traced,GatePassInward.PendingGpForUnloading,launch site frmPendingWorksDetail.cs:901
359-GetExportSales.rpt,traced,ExportReports.GetExportSalesReport,launch site ExportSalesReport.cs:432
359-OrderSummaryByReferenceParty.rpt,traced,SaleOrder.SaleOrderSummaryRegister,launch site frmSaleOrderHistory.cs:3365
360-OrderSummaryByReferenceParty&City.rpt,traced,SaleOrder.SaleOrderSummaryRegister,launch site frmSaleOrderHistory.cs:3365
360-SalesRegisterSummary.rpt,traced,InventoryStockEvalautionDetail.Sales_EvaulationDetailReports_Engr,launch site SaleReportWithActivities_Engr.cs:929
361-OrderSummaryByReferenceParty&Item.rpt,traced,SaleOrder.SaleOrderSummaryRegister,launch site frmSaleOrderHistory.cs:3365
361-SalesSummaryByItem.rpt,traced,InventoryStockEvalautionDetail.Sales_EvaulationDetailReports_Engr,launch site SaleReportWithActivities_Engr.cs:929
362-SalesSummaryByItem&City.rpt,traced,InventoryStockEvalautionDetail.Sales_EvaulationDetailReports_Engr,launch site SaleReportWithActivities_Engr.cs:929
363-SalesSummaryByItem&PackSize.rpt,traced,InventoryStockEvalautionDetail.Sales_EvaulationDetailReports_Engr,launch site SaleReportWithActivities_Engr.cs:929
364-SalesSummaryByItem&Warehouse.rpt,traced,InventoryStockEvalautionDetail.Sales_EvaulationDetailReports_Engr,launch site SaleReportWithActivities_Engr.cs:929
365-SalesSummaryByItemPackSize&City.rpt,traced,InventoryStockEvalautionDetail.Sales_EvaulationDetailReports_Engr,launch site SaleReportWithActivities_Engr.cs:929
366-SalesSummaryByCustomer.rpt,traced,InventoryStockEvalautionDetail.Sales_EvaulationDetailReports_Engr,launch site SaleReportWithActivities_Engr.cs:929
366ASalesSummaryByCustomer&Invoice.rpt,traced,InventoryStockEvalautionDetail.Sales_EvaulationDetailReports_Engr,launch site SaleReportWithActivities_Engr.cs:929
366B-SalesSummaryByCustomer&Invoice.rpt,traced,InventoryStockEvalautionDetail.Sales_EvaulationDetailReports_Engr,launch site SaleReportWithActivities_Engr.cs:1647
367-SalesSummaryByCustomer&Item.rpt,traced,InventoryStockEvalautionDetail.Sales_EvaulationDetailReports_Engr,launch site SaleReportWithActivities_Engr.cs:929
368-SalesSummaryByCustomer&City.rpt,traced,InventoryStockEvalautionDetail.Sales_EvaulationDetailReports_Engr,launch site SaleReportWithActivities_Engr.cs:929
369-SalesSummaryByCustomerItem&City.rpt,traced,InventoryStockEvalautionDetail.Sales_EvaulationDetailReports_Engr,launch site SaleReportWithActivities_Engr.cs:929
370-SalesSummaryByCustomer&PackSize.rpt,traced,InventoryStockEvalautionDetail.Sales_EvaulationDetailReports_Engr,launch site SaleReportWithActivities_Engr.cs:929
371-SalesSummaryByCity.rpt,traced,InventoryStockEvalautionDetail.Sales_EvaulationDetailReports_Engr,launch site SaleReportWithActivities_Engr.cs:929
372-SalesSummaryByParentCategory.rpt,traced,InventoryStockEvalautionDetail.Sales_EvaulationDetailReports_Engr,launch site SaleReportWithActivities_Engr.cs:929
373-SalesSummaryByParentCategory&Item.rpt,traced,InventoryStockEvalautionDetail.Sales_EvaulationDetailReports_Engr,launch site SaleReportWithActivities_Engr.cs:929
374-SalesSummaryByParentCategory&Customer.rpt,traced,InventoryStockEvalautionDetail.Sales_EvaulationDetailReports_Engr,launch site SaleReportWithActivities_Engr.cs:929
375-GetSubsidiaryAccountFromVouchers.rpt,traced,VoucherHead.GetSubsidiaryPayablesReceivables,launch site SubsidiaryPayableReceiveables.cs:239
"376-SalesSummaryByCustomer,ItemReferenceParty.rpt",traced,InventoryStockEvalautionDetail.EvaulationDetailSalesReports,launch site frmEvaulationDetailSalesReports.cs:1617
377-SalesSummaryByReferenceParty&Item.rpt,traced,InventoryStockEvalautionDetail.EvaulationDetailSalesReports,launch site frmEvaulationDetailSalesReports.cs:1617
378-SalesSummaryByCustomer&ReferenceParty.rpt,traced,InventoryStockEvalautionDetail.EvaulationDetailSalesReports,launch site frmEvaulationDetailSalesReports.cs:1617
"379-SalesSummaryByReferenceParty,Item&PackSize.rpt",traced,InventoryStockEvalautionDetail.EvaulationDetailSalesReports,launch site frmEvaulationDetailSalesReports.cs:1617
380-DueByDateReceivables.rpt,traced,VoucherReports.DueByDateReceivables,launch site ReceiveablesByDueDate.cs:316
381-SaleInvoicewiseProfitablity.rpt,traced,InventoryStockEvalautionDetail.EvaulationDetailSalesReports,launch site frmEvaulationDetailSalesReports.cs:1617
382-ItemStockSummary.rpt,not traced: no desktop launch site found,,
383-ItemandWarehouseStockSummary.rpt,not traced: no desktop launch site found,,
384-ItemandWarehouseStockSummary.rpt,not traced: no desktop launch site found,,
385-JobLotandItemStockSummary.rpt,not traced: no desktop launch site found,,
386-WarehouseandJoblotandItemStockSummary.rpt,not traced: no desktop launch site found,,
387-GRNWeightAuditReport.rpt,traced,InvGrn.GRNWeightAuditReport,launch site GrnWeightAuditReport.cs:677
388-GRNFreightAuditReport.rpt,not traced: no desktop launch site found,,
389-GetPreInvoicesAndForwardingDateForCommercialInvoices.rpt,traced,ExImInvoice.GetPreInvoicesAndForwardingDateForCommercialInvoices,launch site PendingForwardingForCommercialInvoice.cs:521
390_01_GetStockByFifo.rpt,traced,StocksReport.StockByFiFo,launch site StockReportyWithFIFO.cs:366
390_GetFIFODataForAudit.rpt,traced,InventoryStockEvalautionDetail.GetFIFODataForAudit,launch site frmFiFoAuditReport.cs:207
391-OrderRegister.rpt,traced,PurchaseOrder.PurchaseOrderSummaryRegister,launch site PurchaseOrderHistory.cs:1956
392-OrderSummaryByItem.rpt,traced,PurchaseOrder.PurchaseOrderSummaryRegister,launch site PurchaseOrderHistory.cs:1956
393-OrderSummaryBySupplier.rpt,traced,PurchaseOrder.PurchaseOrderSummaryRegister,launch site PurchaseOrderHistory.cs:1956
394-OrderSummaryByCustomerandItem.rpt,traced,PurchaseOrder.PurchaseOrderSummaryRegister,launch site PurchaseOrderHistory.cs:1956
395-LcOrderShipmentScheduleLcOrderWise_Slip.rpt,traced,ExportPdfReport.ExpRptSalesContractExportRegister_523,launch site CommonServices.cs:9946
396-ExportDeliveryOrderSlip.rpt,seeded (already runnable),,
396-ExportDeliveryOrderSlip1.rpt,not traced: no desktop launch site found,,
397-SaleSummaryByHsCode.rpt,traced,InventoryStockEvalautionDetail.EvaulationDetailSalesReports,launch site frmEvaulationDetailSalesReports.cs:1617
400_StockEvaluationLedgerScrape.rpt,not traced: no procedure,,
401-StockEvalautionDetail_GenerateStocks_Register -Store.rpt,traced,InventoryStockEvalautionDetail.InventoryStockStoreGenrate,launch site RptGenrateStocksStore.cs:612
401-StockEvalautionDetail_GenerateStocks_Register.rpt,traced,InventoryStockEvalautionDetail.InventoryStockGenrate,launch site RptGenrateStocks.cs:520
402-InvStockRptInventoryTransactionsA-Store.rpt,traced,InventoryStockEvalautionDetail.TransactionStockGenrateStore,launch site InventoryTransactionReportStore.cs:643
402-InvStockRptInventoryTransactionsA.rpt,seeded (already runnable),,
403-InvStockRptInventoryTransactionsStocks -Store.rpt,traced,InventoryStockEvalautionDetail.TransactionStockGenrateStore,launch site InventoryTransactionReportStore.cs:620
403-InvStockRptInventoryTransactionsStocks.rpt,traced,InventoryStockEvalautionDetail.TransactionStockGenrate,launch site InventoryTransactionReport.cs:557
404-RptEBGLBySupplierandItem.rpt,traced,StocksReport.GetStockWithSupplier,launch site frmStockWithSupplierHistory.cs:358
405-RptEBGLBySupplier.rpt,traced,StocksReport.InventoryEBTrialBalancesByPartyAndItem,launch site frmStockWithSupplierHistory.cs:386
406-InvStockTransferSlip.rpt,seeded (already runnable),,
407-InvStockTransferSlip.rpt,seeded (already runnable),,
408-StockTransferRegister.rpt,traced,InvStockTransferHeader.StockTransferSlipandRegister,launch site frmStockTranfserRegister.cs:457
409-InvStockAdjustmentSlip.rpt,seeded (already runnable),,
410-InvStockAdjustmentRegister.rpt,traced,InvStockAdjustment.StockAdjustmentSlipAndRegister409,launch site StockAdjustmentRegister.cs:420
411-InvStockRptInventoryTransactionsNew.rpt,traced,InventoryStockEvalautionDetail.InventoryTransactionReportNew,launch site InventoryEvaluationItemLedger.cs:1221
412-StockRptInventoryTransactionsNew.rpt,traced,InventoryStockEvalautionDetail.InventoryTransactionReportNew,launch site InventoryEvaluationItemLedger.cs:1196
413-PaddyPurchaseRegister.rpt,traced,InvPurchaseInvoiceReports.PaddyGatePurchaseRegister,launch site frmPaddyPurchaseRegister.cs:184
414-InvStockRptInventoryTransactions.rpt,traced,StocksReport.InventoryTransactions_PartyProcessingRegister,launch site InventoryTransactionPartyProcessingReport.cs:545
415-InvStockTransferPackingMaterialAndStore_SlipandRegister.rpt,seeded (already runnable),,
416-InvStockOpeningBalanceHeader_Register.rpt,seeded (already runnable),,
416_01-InvStockOpeningBalancePartyProcessing_Slip.rpt,seeded (already runnable),,
416_01_StockOpeningBalanceHeader_Register.rpt,seeded (already runnable),,
417-InventoryStockTransactionsReport.rpt,traced,InventoryStockEvalautionDetail.EvaluationStockTransactionsReport,launch site EvaluationStockTransactionsReport.cs:408
418-StockReprotWithFIFO_Register.rpt,not traced: no desktop launch site found,,
419-PartyToPartyPackingMaterialSlip.rpt,seeded (already runnable),,
420_ProfitLossReport.rpt,traced,VoucherReports.ProfitAndLoss_New,launch site ProfitLossNew.cs:346
421_01_ItemEvaluationLedger.rpt,traced,InventoryStockEvalautionDetail.ItemEvaluationLedgerNew,launch site ItemEvaluationLedgerNew.cs:602
421_02_ItemLedgerWithoutValue.rpt,traced,InventoryStockEvalautionDetail.ItemLedgerFromStockTransactions,launch site ItemLedgerWithoutValue.cs:541
421_ItemEvaluationLedger.rpt,not traced: no desktop launch site found,,
422_01_StockReportWithoutValueDocumentWiseStore.rpt,traced,InventoryStockEvalautionDetail.StockReportWithoutValueDocumentWiseStore,launch site frmStockReport_WithoutValue_DocumentWiseStore.cs:761
422_InventoryEvaluationLedgerStore.rpt,traced,InventoryStockEvalautionDetail.InventoryEvaluationLedgerStore,launch site InventoryEvaluationItemLedgerForStore.cs:994
44_01-GrnStorePartyProcessingRegister.rpt,not traced: no procedure,,
450-RptDepartmentRequestRegister.rpt,traced,DepartmentRequest.DepartmentRequestHistory,launch site DepartmentRequestHistory.cs:340
451-RptDepartmentRequestSlip.rpt,seeded (already runnable),,
452-RptInvGsStoreIssuanceHeader_Slip.rpt,seeded (already runnable),,
453-RptInvGsStoreIssuanceHeader_Register.rpt,not traced: no desktop launch site found,,
454-InvPurchaseDemanSlip.rpt,seeded (already runnable),,
455-StoreIssuanceHeaderRegister.rpt,not traced: no desktop launch site found,,
456-PurchaseDemandRegister.rpt,traced,InvPurchaseDemandHeader.InvStorePurchaseDemandRegister,launch site PendingStorePurchaseDemandForApproval.cs:1046
456_01-StoreRateVariationRegister.rpt,not traced: no procedure,,
456_02_StoreSaleRateVariationReport.rpt,not traced: no procedure,,
457-StoreIssuanceReturnSlip.rpt,seeded (already runnable),,
458-StorePurchaseRegister.rpt,traced,InvGsStoreIssuanceHeader.StorePurchaseRegister,launch site StorePurchaseRegister.cs:595
459-StoreIssuanceReturnRegister.rpt,not traced: no desktop launch site found,,
45_01-GdnStorePartyProcessingRegister.rpt,not traced: no procedure,,
460-InvRptDeliverySchedule.rpt,traced,GeneralReprots.DeliveryScheduleSlip,launch site frmDeliverySchedule.cs:1376
461-BoilerConsumption_Slip.rpt,seeded (already runnable),,
462-BoilerConsumption_Register.rpt,not traced: no desktop launch site found,,
463-RequiredRawMaterialRegister.rpt,not traced: no procedure,,
464-RequiredRawMaterialRegisterTwo.rpt,not traced: no procedure,,
465-StoreSendReceipt_Slip.rpt,seeded (already runnable),,
466-ExportGoodsReceiptsAtPortRegister.rpt,traced,ExImGoodsReceiptsAtPort.Getall,only BLL method running Sp_ExImGoodsReceiptsAtPort_GetAllMetohd
466_01-ItemStockSummaryPartyProcessing.rpt,traced,StocksReport.PartyProcessingstockGeneralSummaryByWeight,launch site frmStockReportPartyProcessing.cs:939
466_02-ItemandWarehouseStockSummaryPartyProcessing.rpt,traced,StocksReport.PartyProcessingstockGeneralSummaryByWeight,launch site frmStockReportPartyProcessing.cs:939
466_03-ItemandCropYearStockSummaryPartyProcessing.rpt,traced,StocksReport.PartyProcessingstockGeneralSummaryByWeight,launch site frmStockReportPartyProcessing.cs:939
466_04-JobLotandItemStockSummaryPartyProcessing.rpt,traced,StocksReport.PartyProcessingstockGeneralSummaryByWeight,launch site frmStockReportPartyProcessing.cs:939
466_05-ItemandCropYearandWarehouseStockSummaryPartyProcessing.rpt,traced,StocksReport.PartyProcessingstockGeneralSummaryByWeight,launch site frmStockReportPartyProcessing.cs:939
466_06-WarehouseandJoblotandItemStockSummaryStockSummaryPartyProcessing.rpt,traced,StocksReport.PartyProcessingstockGeneralSummaryByWeight,launch site frmStockReportPartyProcessing.cs:939
475-RptInvGsStoreIssuanceHeader_Slip.rpt,seeded (already runnable),,
476-GetReportByFiFo.rpt,not traced: no desktop launch site found,,
477-InventoryTransaction.rpt,traced,InventoryStockReport.InventoryTransactionReport,launch site InventoryTransactionReportCmtr.cs:348
478-EvaluationTransaction.rpt,traced,InventoryStockReport.EvaluationTransactionReport,launch site EvaluationTransactionReportCmtr.cs:643
479_01_ItemStockSummary.rpt,traced,InventoryStockReport.ItemStockReportWithValues,launch site frmStockReportWithValuesCmtr.cs:1015
479_02_ItemandWarehouseStockSummary.rpt,traced,InventoryStockReport.ItemStockReportWithValues,launch site frmStockReportWithValuesCmtr.cs:1015
479_03_WarehouseAndItemStockSummary.rpt,traced,InventoryStockReport.ItemStockReportWithValues,launch site frmStockReportWithValuesCmtr.cs:1015
479_04_JobLotandItemStockSummary.rpt,traced,InventoryStockReport.ItemStockReportWithValues,launch site frmStockReportWithValuesCmtr.cs:1015
479_05_WarehouseandJoblotandItemStockSummary.rpt,traced,InventoryStockReport.ItemStockReportWithValues,launch site frmStockReportWithValuesCmtr.cs:1015
479_06_WarehouseandItemandJoblotStockSummary.rpt,traced,InventoryStockReport.ItemStockReportWithValues,launch site frmStockReportWithValuesCmtr.cs:1015
479_07_ItemandPackSizeStockSummary.rpt,traced,InventoryStockReport.ItemStockReportWithValues,launch site frmStockReportWithValuesCmtr.cs:1015
479_08_ItemandItemAttributeVarientStockSummary.rpt,traced,InventoryStockReport.ItemStockReportWithValues,launch site frmStockReportWithValuesCmtr.cs:1015
479_08_ItemandPackingTypeStockSummary.rpt,not traced: no desktop launch site found,,
479_09_ItemandPackSizeandItemAttributeVarientStockSummary.rpt,traced,InventoryStockReport.ItemStockReportWithValues,launch site frmStockReportWithValuesCmtr.cs:1015
479_09_ItemandPackSizeandPackingTypeStockSummary.rpt,not traced: no desktop launch site found,,
480_01_ItemStockSummary.rpt,traced,InventoryStockReport.StockReportWithOutValues,launch site frmStockReportCmtr.cs:794
480_02_ItemandWarehouseStockSummary.rpt,traced,InventoryStockReport.StockReportWithOutValues,launch site frmStockReportCmtr.cs:794
480_03_WarehouseAndItemStockSummary.rpt,traced,InventoryStockReport.StockReportWithOutValues,launch site frmStockReportCmtr.cs:794
480_06_JobLotandItemStockSummary.rpt,traced,InventoryStockReport.StockReportWithOutValues,launch site frmStockReportCmtr.cs:794
480_07_ItemWarehouseAndJoblotStockSummary.rpt,traced,InventoryStockReport.StockReportWithOutValues,launch site frmStockReportCmtr.cs:794
480_08_ItemandPackSizeStockSummary.rpt,traced,InventoryStockReport.StockReportWithOutValues,launch site frmStockReportCmtr.cs:794
480_09_ItemandItemAttributeVarientStockSummary.rpt,traced,InventoryStockReport.StockReportWithOutValues,launch site frmStockReportCmtr.cs:794
480_10_ItemandPackSizeandItemAttributeVarientStockSummary.rpt,traced,InventoryStockReport.StockReportWithOutValues,launch site frmStockReportCmtr.cs:794
481-ItemPricingScheduleListGroupWise.rpt,traced,ItemPricingSchedule.GetLastItemRateByItemIdRateUomAndGroupId,launch site ItemPricingSchedule.cs:1243
481-StockReconcilationRegister.rpt,traced,StocksReport.StockReconcilationReport,launch site StockReportReconcilation.cs:546
501-ExportSalesContractExport.rpt,not traced: no desktop launch site found,,
501-ExportSalesContractExport02.rpt,not traced: no desktop launch site found,,
501-ExportSalesContractExportNew.rpt,traced,SaleContractReports.SaleContractReports501,launch site CommonServices.cs:9991
501-ExpRptSalesContractExport.rpt,seeded (already runnable),,
501-ExpRptSalesContractExport01.rpt,not traced: no desktop launch site found,,
501-ExpRptSalesContractExport02.rpt,not traced: no desktop launch site found,,
501A_ExportSalesContractExportNew.rpt,traced,SaleContractReports.SaleContractReports501,launch site CommonServices.cs:10041
501B-ExpRptSalesContractExport.rpt,seeded (already runnable),,
501B_ExportSalesContractExportNew.rpt,traced,SaleContractReports.SaleContractReports501,launch site CommonServices.cs:10091
505-ExImBillOfLading_Slip.rpt,seeded (already runnable),,
506-ExImBillOfLading_register.rpt,traced,ExImBillOfLading.ExImBillOfLading_SlipAndRegister,launch site frmBillofLadingSlipandRegister.cs:343
507-ExImForwarding_Slip.rpt,seeded (already runnable),,
507_01_ExImForwardingDirect_Slip.rpt,seeded (already runnable),,
508-ExImForwarding_Register.rpt,traced,ExImExportShipingLineBooking.PrintSlipandRegister,only BLL method running Proc_ExImExportShipingLineBooking_SlipAndRegister_Rpt
508_01_Forwarding_Customised_Register.rpt,traced,ExImExportShipingLineBooking.PrintSlipandRegister,only BLL method running Proc_ExImExportShipingLineBooking_SlipAndRegister_Rpt
508_02_ForwardingSummary_Register.rpt,not traced: no procedure,,
509-ExImExportShipingLineBooking_Register.rpt,not traced: no procedure,,
511-ExImShippedConsignmentFollowUps_Slip.rpt,seeded (already runnable),,
512-ExImShippedConsignmentFollowUps_Register.rpt,seeded (already runnable),,
513-invLabPreProductionSlip.rpt,seeded (already runnable),,
514_01_InventoryStockReservedSlip.rpt,seeded (already runnable),,
514_01_ThirdPartyInspectionLotTrackingReport.rpt,traced,InvLabPreProductionExportLotInspectionHeader.ThirdPartyInspectionData_ForApproval,launch site frmThirdPartyLotInspectionApproval.cs:794
514_ThirdPartyInspectionSlip.rpt,seeded (already runnable),,
516-ExImRptFCBankReceipts.rpt,seeded (already runnable),,
518-ExpRptSalesContractExportRegister.rpt,seeded (already runnable),,
521-ExportInvoiceSlip.rpt,traced,ExportPdfReport.InvoiceSlip521,launch site CommonServices.cs:10267
521_A_ExportInvoiceSlip.rpt,not traced: no desktop launch site found,,
521_B_ExportInvoiceSlip.rpt,not traced: no desktop launch site found,,
521_C_ExportInvoiceSlip.rpt,not traced: no desktop launch site found,,
521_D_ExportInvoiceSlip.rpt,not traced: no desktop launch site found,,
521A-ExportInvoiceSlip.rpt,not traced: no desktop launch site found,,
521B-ExportInvoiceSlip.rpt,not traced: no desktop launch site found,,
521C-ExportInvoiceSlip.rpt,not traced: no desktop launch site found,,
522-ExImInvoiceRegister.rpt,traced,ExImLcOrder.EximInvoiceRegister,launch site ExImCommercialInvoiceHistory.cs:1218
523-ExpRptSalesContractWiseInvoiceRegister.rpt,seeded (already runnable),,
526-SaleContractRegister.rpt,seeded (already runnable),,
527-ExImLcOrderShipmentScheduleDetailRegister.rpt,seeded (already runnable),,
527-ExImLcOrderShipmentScheduleDetailRegisterCustomerWise.rpt,seeded (already runnable),,
527-ExportDeliveryOrderByInvoiceIdSlip.rpt,traced,InvDeliveryOrder.DeliveryOrderExortSlip_ByInvoiceId,launch site CrystalReportPrint_Helper.cs:65
528-ExportShipmentFollowupHistory.rpt,not traced: no desktop launch site found,,
529-ExportInvoiceSlipPackingList.rpt,traced,ExportPdfReport.InvoiceSlip521,launch site CommonServices.cs:10394
529-SubRpt-ContainerListByInvoice.rpt,traced,ExportPdfReport.ExportInvoiceSubReportContainerForPackingliSt529,launch site CommonServices.cs:9859
529A-ExportInvoiceSlipPackingList.rpt,not traced: no desktop launch site found,,
529A_ExportInvoiceSlipPackingList.rpt,traced,ExportPdfReport.InvoicePackingList529A,launch site CommonServices.cs:10435
529B-ExportInvoiceSlipPackingList.rpt,not traced: no desktop launch site found,,
529B_ExportInvoiceSlipPackingList.rpt,traced,ExportPdfReport.InvoicePackingList529A,launch site CommonServices.cs:10464
529C_ExportInvoiceSlipPackingList.rpt,traced,ExportPdfReport.InvoicePackingList529A,launch site CommonServices.cs:10493
530-EximBillOfLadingSlip.rpt,seeded (already runnable),,
531-ExImInvoiceSummeryByMonth.rpt,traced,ExportReports.SpExImInvoiceSummaryByMonth,launch site frmExportInvoiceSummaryByMonth.cs:617
532-ExpRptPurchaeContractWiseLcRegister.rpt,not traced: no desktop launch site found,,
533-ExpRptPurchaseContractExport.rpt,not traced: no desktop launch site found,,
534-ExportComparisonSummaryByCustomer&ItemReport.rpt,not traced: no procedure,,
535-ExportComparisonSummaryByCustomer&ItemReport.rpt,not traced: no procedure,,
536-ExportCustomerWiseComparisonReport.rpt,not traced: no procedure,,
536_01_ExportSaleDetailReport.rpt,not traced: no procedure,,
537-ExportDetailHistoryReport.rpt,traced,ExportReports.ExportInvoiceHistoryDetailReport,launch site ExImCommercialInvoiceHistory.cs:1241
538-ExportSummariesReport.rpt,traced,ExportReports.ExportSummariesReport,launch site ExportReportSummaries.cs:332
538-ExportSummaryByCustomer.rpt,traced,ExportReports.ExportSummariesReport,launch site ExImCommercialInvoiceHistory.cs:1264
538_01-ExportSummaryByItem.rpt,traced,ExportReports.ExportSummariesReport,launch site ExImCommercialInvoiceHistory.cs:1264
538_02-ExportSummaryByPort.rpt,traced,ExportReports.ExportSummariesReport,launch site ExImCommercialInvoiceHistory.cs:1264
540-RptServiceBillSlip.rpt,seeded (already runnable),,
541-ServiceBillRegister.rpt,traced,ServicesReports.ServicesBill_SlipAndRegister,launch site frmServiceBillHistory.cs:488
542-ShipmentCostingRegister.rpt,traced,ExportReports.EximShipmentCostingReport,launch site ExImShipmentCosting.cs:452
542_01-ShipmentCostingSummary.rpt,traced,ExportReports.ExportShipmentCosting_SummaryReport,launch site frmExImShipmentCostingSummary.cs:522
543-USP_ExportDetailByContract_ReportWithContainers.rpt,traced,ExImLcOrder.ExportShipmentDetailReportByContract,launch site PreInvoiceRegister.cs:470
544-USP_ExportDetailByContract_ReportWithoutContainers.rpt,traced,ExImLcOrder.ExportShipmentDetailReportByContract,launch site PreInvoiceRegister.cs:493
546-ExportPreInvoiceSlip.rpt,traced,ExportPdfReport.ExportPreInvoiceSlip,launch site CommonServices.cs:11312
546-ExportPreInvoiceSlipForBank.rpt,traced,ExportPdfReport.ExportPreInvoiceSlip,launch site CommonServices.cs:11272
546-GetProformaDataForInvoices.rpt,traced,ExImInvoice.GetProformaDataForInvoices,launch site PerformaInvoiceRegister.cs:513
548-ExportCommercialInvoiceSlipForBank.rpt,traced,ExportPdfReport.ExportPreInvoiceSlip,launch site CommonServices.cs:11192
548A-ExportCommercialInvoiceSlipForBank.rpt,seeded (already runnable),,
549-ExportCommercialInvoiceSlip.rpt,traced,ExportPdfReport.ExportPreInvoiceSlip,launch site CommonServices.cs:11232
549A-ExportCommercialInvoiceSlip.rpt,seeded (already runnable),,
550-CommercialInvoicePackingDetailList_Slip.rpt,seeded (already runnable),,
551-ContractSchedule_FormHistory.rpt,traced,ExImLcOrderShipmentSchedule.ContractSchedule_FormHistory,only BLL method running USP_ContractSchedule_FormHistory
551_01_ContractSchedule_StatusReport.rpt,seeded (already runnable),,
551_02_ExportContractScheduleLoadingDateItemWise_Slip.rpt,traced,ExImLcOrderShipmentSchedule.ExportContractSchedulePeriodicB,only BLL method running Usp_ExportContractSchedulePeriodicB
551_03_ExportContractScheduleLoadingDateCustomerItemWise_Slip.rpt,traced,ExImLcOrderShipmentSchedule.ExportContractSchedulePeriodicB,only BLL method running Usp_ExportContractSchedulePeriodicB
552-ExportPendingShippmentFollowUp.rpt,not traced: no procedure,,
553-ProductionRegisterWithActivity.rpt,traced,InvFoodProduction.ProductionRegister,launch site ProductionRegister.cs:873
554-ProductionRegisterWithActivity(OutPut By Packing Material).rpt,traced,InvFoodProduction.ProductionRegister,launch site ProductionRegister.cs:873
555-PendingWorkExportRegister.rpt,traced,ExImLcOrder.PendingWorkExportRegister,launch site frmExportPendingWorksRegister.cs:860
556-CommissionTradeLoadingDelivery_Slip.rpt,seeded (already runnable),,
556-ExportLoadSheet.rpt,traced,ExportReports.ExportLoadingSheet,launch site ExportLoadingSheet.cs:319
557-ExImLcOrderNo_ExportSlip.rpt,traced,SaleContractReports.SaleContractReports501,launch site ExportSalesContract.cs:4660
558-ExportInvoiceAgainstForwarding_Register.rpt,traced,ExImLcOrder.ExportInvoiceAgainstForwarding_Register,launch site CommercialInvoiceAgainstForwardingPreInvoices.cs:487
559-GDBreakUpandRealized_Register.rpt,traced,ExportReports.GDBreakUpandRealized_Register,launch site GDBreakUpandRealized_Register.cs:467
560-ExBooking Info(CRO).rpt,seeded (already runnable),,
560-GDBreakUpBankRequest_Slip.rpt,seeded (already runnable),,
561-SaleContractRegisterItemWise.rpt,traced,ExImLcOrder.ExImLcOrder_ExportRegisterItemWise,launch site ExImSaleContractRegister.cs:1412
562-ProductionRegisterWithActivity.rpt,traced,InvFoodProduction.ProductionRegister,launch site ProductionRegister.cs:1045
563-PackingListRegister_Export.rpt,traced,ExportReports.ExportPackingListRegister,launch site PackingListRegister_Export.cs:623
567-EEReport_ExportGD.rpt,traced,ExportReports.EEReport_ExportGD,launch site EEReport_ExportGD.cs:853
567_01-EEReport_ExportGD.rpt,traced,ExportReports.EEReport_ExportGD,launch site EEReport_ExportGD.cs:831
567_02-EEReport_ExportGD.rpt,traced,ExportReports.EEReport_ExportGD,launch site EEReport_ExportGD.cs:875
568-CommissionAgentFcyLedger.rpt,traced,ExImInvoice.CommissionAgentFcyLedger,launch site CommissionAgentFcyLedger.cs:410
569-CommercialInvoice_Shipments.rpt,traced,ExImInvoice.CommercialInvoiceShipments,launch site Commercial_Invoice_Shipments.cs:379
56_01_PurchaseRegister.rpt,traced,InvPurchaseInvoice.PurchaseReportWithActivitiesFromEvaulations,launch site PurchaseRegisterNew.cs:2131
56_02_PurchaseSummaryByItem.rpt,traced,InvPurchaseInvoice.PurchaseReportWithActivitiesFromEvaulations,launch site PurchaseRegisterNew.cs:2131
56_03_PurchaseSummaryByItemAndWarehouse.rpt,traced,InvPurchaseInvoice.PurchaseReportWithActivitiesFromEvaulations,launch site PurchaseRegisterNew.cs:2131
56_04_PurchaseSummaryBySupplier.rpt,traced,InvPurchaseInvoice.PurchaseReportWithActivitiesFromEvaulations,launch site PurchaseRegisterNew.cs:2131
56_05_PurchaseSummaryByItemAndSupplier.rpt,traced,InvPurchaseInvoice.PurchaseReportWithActivitiesFromEvaulations,launch site PurchaseRegisterNew.cs:2131
56_06_PurchaseSummaryByParentCategory.rpt,traced,InvPurchaseInvoice.PurchaseReportWithActivitiesFromEvaulations,launch site PurchaseRegisterNew.cs:2131
56_07_PurchaseSummaryByParentCategoryAndSupplier.rpt,traced,InvPurchaseInvoice.PurchaseReportWithActivitiesFromEvaulations,launch site PurchaseRegisterNew.cs:2131
56_08_PurchaseAndSaleDetailByJobLot.rpt,traced,StocksReport.PurchaseAndSaleDetailByJobLot,launch site frmPurchaseAndSaleDetailByJobLot.cs:646
56_09_PurchaseSummaryByHsCode.rpt,traced,InvPurchaseInvoice.PurchaseReportWithActivitiesFromEvaulations,launch site PurchaseRegisterNew.cs:2131
570-ShipmentdataForBrokeryTax.rpt,traced,ExImInvoice.ShipmentdataForBrokeryTax,launch site ShipmentdataForBrokeryTax.cs:384
590-BankBalances.rpt,traced,VoucherReports.BankBalances,launch site BankBalances.cs:855
590_01_BankBalancesWithSummary.rpt,traced,VoucherReports.BankBalances,launch site BankBalances.cs:1258
592-CashBalances.rpt,traced,VoucherReports.CashBalances,launch site frmCashBalance.cs:840
593-CashBankBalancesSummery_Rpt.rpt,traced,VoucherReports.CashandBankBalancesSummery,only BLL method running Sp_Accounts_CashBankBalancesSummery_Rpt
593_01_CashBankBalancesSummeryReport.rpt,traced,VoucherReports.CashandBankBalancesSummery,only BLL method running Sp_Accounts_CashBankBalancesSummery_Rpt
594-CashBalancesInOutFlow.rpt,traced,VoucherReports.CashAndBank_InflowOutFlow_Rpt,launch site frmCashBalance.cs:936
595-Cash&BankPaymentReciept.rpt,traced,VoucherReports.DialyCashAndBankBalances_Rpt,launch site frmCashBalance.cs:886
595-Cash&BankPaymentReciept1.rpt,not traced: no desktop launch site found,,
596-PartiesPaymentReceipt.rpt,not traced: no procedure,,
597-ExportReturnInvoiceRegister.rpt,not traced: no desktop launch site found,,
597A-ExportReturnInvoiceSlip.rpt,not traced: no desktop launch site found,,
598-PaymentAndReceipts_CustomersAndSupplirWise.rpt,traced,VoucherReports.PaymentAndReceipts_CustomersAndSupplirWise,launch site CashAndBankBalances.cs:932
599_Cash&BankPaymentRecieptWithAllJv.rpt,traced,VoucherReports.DialyCashAndBankBalances_Rpt,launch site frmCashBalance.cs:987
600-StockConversionPartyProcessing_Summery_Rpt.rpt,seeded (already runnable),,
601-InvFoodProductionSlip.rpt,seeded (already runnable),,
601_01-FoodProductionTransactionSlip.rpt,seeded (already runnable),,
601_02-InvFoodPackingMaterialSlip.rpt,seeded (already runnable),,
602-InvRptProductionSummery.rpt,seeded (already runnable),,
602_01_ProductionSummeryWithLab.rpt,traced,InvFoodProductionReports.InvFoodProduction_Summery_WithOutValue_Rpt,launch site CommonServices.cs:9637
602A-InvRptProductionSummeryWithValues.rpt,traced,InvFoodProductionReports.InvFoodProductionRecoverySummeryReport,launch site FoodProductionWithValuesNew.cs:6763
603-ProductionPendingInvoice.rpt,traced,InvFoodProductionReports.PendingInvoicesForProduction,launch site frmProductionPendingPurchaseInvoice.cs:490
604-FoodProductionComparisonRpt.rpt,traced,InvFoodProduction.FoodProductionComparisons_Rpt,launch site FoodProductionComparisonRpt.cs:1195
605-StockConversionSummaryNewRpt.rpt,seeded (already runnable),,
606-InvFoodProductionPackingAndOverHeadReportByJobOrder.rpt,seeded (already runnable),,
607-FoodProductionIssuanceGrnWiseByJobOrderId.rpt,traced,InvFoodProductionReports.FoodProductionIssuanceGrnWiseByJobOrderId_607,launch site FoodProductionWithValuesNew.cs:5723
608-InvRptProductionSummeryPartyProcessing.rpt,seeded (already runnable),,
609-FoodProductionIssuancePartyProcessingGrnWiseByJobOrderId.rpt,seeded (already runnable),,
611-ProductionPartyProcessingBill.rpt,traced,InvProductionProcessingBill.InvProductionProcessingBill_PartyProcessingModule_Report_611,launch site CrystalReportPrint_Helper.cs:251
612-InvRptProductionDetailWithExpValues.rpt,traced,ProductionOutputAllocationWithExportInvoice.ProductionOutputAllocationWithExportInvoice_SlipAndRegister,launch site frmProductionSettlement.cs:2218
613-InvRptProductionSummeryWithExpValues.rpt,traced,InvFoodProductionReports.InvFoodProduction_Summery2_Rpt,launch site FoodProductionWithValuesNew.cs:6697
613_01-ProductionBeforSettlement_Summery2.rpt,traced,InvFoodProductionReports.ProductionBeforSettlement_Summery2,launch site ProductionAgainstPreCostingJobOrder.cs:8414
613_02_ProductionSettlement_WithReferenceDocumentDetailReport.rpt,traced,InvFoodProductionReports.ProductionSettlement_WithReferenceDocumentDetailReport,launch site frmProductionSettlement.cs:2218
614-InvRptProductionSummeryWithExpValue.rpt,not traced: no desktop launch site found,,
615-InvRptProductionSummery.rpt,seeded (already runnable),,
615_01-ProductionBeforSettlement_Summery3.rpt,traced,InvFoodProductionReports.ProductionBeforSettlement_Summery3,launch site ProductionAgainstPreCostingJobOrder.cs:8480
616-GetItemSalePriceListRegister.rpt,not traced: no procedure,,
618-DoWeightWbWeightDiff.rpt,seeded (already runnable),,
618_01_DoWeightWbWeightDiff.rpt,traced,ExImInvoice.ExportSalesAuditByWeight,launch site frmAuditByWeightReport.cs:904
620-ProductionJobOrderSlip.rpt,traced,InvProductionJobOrder.GetPrintSlipAndReport,launch site CommonServices.cs:16623
621-StockEvalautionDetailTransactionVehiclesWise.rpt,traced,InventoryStockEvalautionDetail.GetStockEvalautionDetailByRefIds,launch site TransactionReportVehicleWise.cs:608
622-StockEvalaution_VehicleWiseTransaction.rpt,traced,InventoryStockEvalautionDetail.StockEvalaution_VehicleWiseTransaction_Report,launch site StockEvaluationReportVehicleWise.cs:814
622A_StockEvalaution_VehicleWiseTransaction.rpt,traced,InventoryStockEvalautionDetail.StockEvalaution_VehicleWiseTransaction_Report,launch site StockEvaluationReportVehicleWise.cs:868
623-InvFoodProduction_ConsumptionReport.rpt,seeded (already runnable),,
625_FoodProduction_DocWiseSummeryReport.rpt,traced,InvFoodProductionReports.FoodProduction_DocWiseSummeryReport,launch site ProductionAgainstPreCostingJobOrder.cs:6959
626-ProductionJobOrderPartyProcessing.rpt,seeded (already runnable),,
627-ProductionOutputAllocationWithExportInvoice.rpt,traced,ProductionOutputAllocationWithExportInvoice.ProductionOutputAllocationWithExportInvoice_SlipAndRegister,launch site ProductionOutputAllocationWithExportInvoice.cs:1052
630-PreCostProductionJobOrderSlip.rpt,traced,InvProductionJobOrder.JobOrderPrintNew,launch site CommonServices.cs:16698
650-SampleAnalysisRegister.rpt,not traced: no desktop launch site found,,
651-RptInvLabSampleLogRegister.rpt,not traced: no desktop launch site found,,
652-RptInvLabSampleLogRegisterSlipA.rpt,not traced: no desktop launch site found,,
653-RptInvLabPurchaseAnalysisSlip.rpt,seeded (already runnable),,
657-RptInvLabSampleAnalysisSlipA.rpt,traced,InvLabSampleAnalysisHeader.GetPrintSlipAndReport,launch site PendingApprovalPurchaseInvoice.cs:1228
658-RptInvLabSaleAnalysisSlip.rpt,seeded (already runnable),,
659-RptInvLabInProcessAnalysisSlip.rpt,traced,InvLabAnalysisPurchaseHeader.InvLabAnalysisInProcessHeader_Slip659,launch site CommonServices.cs:10959
660-LabSInProcessAnalysisRegister.rpt,traced,InvLabAnalysisInProcessHeader.InProcessStepAnalysisRegister,launch site InProcessLabAnalysisRegister.cs:470
661-LabPurchaseAnalysisRegitser.rpt,traced,InvLabAnalysisPurchaseHeader.LabPurchaseAnalysisRegister,launch site InvLabPurchaseRegister.cs:130
662-LabSaleAnalysisRegitser.rpt,traced,InvLabAnalysisSaleHeader.LabSaleAnalysisRegister,launch site InvLabSaleRegister.cs:124
663-InvRptPurchaseOrderDetailRegisterRice.rpt,traced,InvGrn.GetGrnsPendingOrUsedinProduction,only BLL method running USP_GetGrnsPendingOrUsedinProduction
664-LabSampleAnalysisRegister.rpt,traced,InvLabSampleAnalysisHeader.LabSampleAnalysisRegister,launch site InvLabSampleRegister.cs:116
665-InvStockConversionPackingMaterial-Summery.rpt,seeded (already runnable),,
665-LabDataVehicleWiseByParentIdRegister.rpt,seeded (already runnable),,
665-LabDataVehicleWiseByParentIdRegister.rpt.rpt,not traced: no desktop launch site found,,
666-DailyPlantConsumedHours_FormHistoryReport.rpt,traced,DailyPlantConsumedHours.FormHistoryAndReport,launch site frmDailyPlantConsumedHours.cs:711
666_01_MonthlyPlantConsumedHours_Report.rpt,traced,DailyPlantConsumedHours.FormHistoryAndReport,launch site frmProductionFohReportCreate.cs:480
670_01_ProductionRegisterWithActivityPartyProcessing.rpt,traced,InvFoodProductionPartyProcessing.ProductionRegisterPartyProcessing,launch site ProductionRegisterPartyProcessing.cs:828
670_02_ProductionRegisterWithActivityPartyProcessing.rpt,traced,InvFoodProductionPartyProcessing.ProductionRegisterPartyProcessing,launch site ProductionRegisterPartyProcessing.cs:828
670_ProductionRegisterWithActivity_OutPutByPackingMaterialPartyProcessing - Copy.rpt,not traced: no desktop launch site found,,
670_ProductionRegisterWithActivity_OutPutByPackingMaterialPartyProcessing.rpt,traced,InvFoodProductionPartyProcessing.ProductionRegisterPartyProcessing,launch site ProductionRegisterPartyProcessing.cs:828
671_01_PackingMaterialRequirementPlanning_Detail.rpt,traced,StocksReport.PackingMaterialRequirementPlanning,launch site frmPackingMaterialRequirementPlanning_Detail.cs:473
671_PackingMaterialRequirementPlanning.rpt,traced,StocksReport.PackingMaterialRequirementPlanning,launch site frmPackingMaterialRequirementPlanning.cs:489
672_JobOrderSummaryReport.rpt,traced,InvFoodProduction.JobOrderSummary,launch site frmProductionJobOrderSummaryRpt.cs:340
700-Sp_WsrmSalesInvoiceSlip_Rpt.rpt,not traced: no desktop launch site found,,
701-Sp_WsrmSalesOrderSlip_Rpt.rpt,not traced: no desktop launch site found,,
702-Sp_WsrmStockReceivedNotesSlip_Rpt.rpt,not traced: no desktop launch site found,,
703-Sp_WsrmStockTransferNotesSlip_Rpt.rpt,not traced: no desktop launch site found,,
703_Gdn_PurchaseReturnSlip.rpt,seeded (already runnable),,
703A_Gdn_PurchaseReturnSlip.rpt,seeded (already runnable),,
704-Requisition Order(Rcpt).rpt,not traced: no desktop launch site found,,
706-Sp_RequisitionOrderSlip_Rpt.rpt,not traced: no desktop launch site found,,
708-PosSaleInvoiceReport.rpt,not traced: no desktop launch site found,,
710-Sp_WareHouseToWareHouseStocTransfer.rpt,not traced: no desktop launch site found,,
711-CurrentItemHoleSalePriceRpt.rpt,not traced: no desktop launch site found,,
711-CurrentItemPricesesRpt.rpt,not traced: no desktop launch site found,,
711-CurrentItemRetailSalePriceRpt.rpt,not traced: no desktop launch site found,,
712-wsrmSaleOrderRegister1.rpt,not traced: no desktop launch site found,,
712-wsrmSaleOrderRegister2.rpt,not traced: no desktop launch site found,,
713-PosSaleReturnSlip.rpt,not traced: no desktop launch site found,,
714-PosSaleReturnRegister1.rpt,not traced: no desktop launch site found,,
714-PosSaleReturnRegister2.rpt,not traced: no desktop launch site found,,
714-wsrmSaleInvoiceRegister.rpt,not traced: no desktop launch site found,,
715-PosSaleeInvoice.rpt,not traced: no desktop launch site found,,
716-saleinvoicesSlip.rpt,not traced: no desktop launch site found,,
716-WsrmThermalInvoice.rpt,not traced: no desktop launch site found,,
718-PosSaleInvoiceSlip.rpt,not traced: no desktop launch site found,,
718-PosThermalInvoice.rpt,not traced: no desktop launch site found,,
786-RptBankBalancesRecipet.rpt,not traced: no desktop launch site found,,
7861-PendingInwardGatePassRegister.rpt,traced,InvGrn.GetPendingGrn,launch site frmPendingGrnRpt.cs:210
7862-PendingOutwardGatePassRegister.rpt,traced,GatePassOutward.PendingGatePassOutward,launch site frmPendingOutwardGatePasRpt.cs:234
7863-PendingGrnRegister.rpt,traced,InvGrn.GetPendingGrn,launch site frmPendingGrnRpt.cs:210
7864-PendingGdnRegister.rpt,traced,InvGdn.GetPendingGdn,launch site frmPendingGdnRpt.cs:195
803-ImGRnSlip.rpt,seeded (already runnable),,
804-PurchaseOrderSlip.rpt,seeded (already runnable),,
806-ImInvoiceSlip.rpt,traced,ImportReports.ImInvoiceSlip_806,launch site ImCommercialInvoice.cs:2070
807-ImInvoiceRegister_WithAvgRates.rpt,traced,ImportReports.ImInvoiceRegister_WithAvgRates,launch site ImportInvoiceRegister.cs:233
808-ImportContractRegister.rpt,traced,ImportReports.ImportContractSlipAndRegister,launch site ImportContractRegister.cs:264
809-ImportPackingListRegister.rpt,traced,ImportReports.ExImLcOrderPurchaseOrderSlip,launch site ImportLcOrderRegister.cs:229
810-ImportPurchaseOrder.rpt,traced,ImportReports.ImportPurchaseOrderSlip,launch site ImportPurchaseRegister.cs:190
811-ImportGrnRegister.rpt,traced,ImportReports.ImportGrnSlipAndRegister,launch site ImportGrnRegister.cs:232
812-ProductionKamPackMaterialConsumption.rpt,traced,InvFoodProductionReports.ProductionCumPackMaterialConsumption_Register_812,launch site frmProductionPackingMaterialConsumptionRegister.cs:341
816-Sales By Customer & Item.rpt,not traced: no desktop launch site found,,
836-ImpRptSalesContractExportRegister.rpt,not traced: no desktop launch site found,,
837-ImpRptSalesContractWiseInvoiceRegister.rpt,not traced: no desktop launch site found,,
838-ImpSaleContractRegister.rpt,not traced: no desktop launch site found,,
839-ImportContractcurrentstatus_Register.rpt,not traced: no desktop launch site found,,
840_DueDateAnalysisPayablesAndReceivablesForcast.rpt,not traced: no procedure,,
841_A_ExportDocumentTrackingReport.rpt,not traced: no desktop launch site found,,
841_ExportDocumentTrackingReport.rpt,not traced: no desktop launch site found,,
842-StockBreakUpInOutSummary.rpt,traced,InventoryStockEvalautionDetail.TotalStockBreakup_InAndOut_Summary,launch site StockBreakupInAndOutSummary.cs:284
842_ItemAndPMItemMapSlip.rpt,seeded (already runnable),,
843-PaddyStockBreakUpItemWise.rpt,traced,InventoryStockEvalautionDetail.TotalStockBreakup_InAndOut_Summary,launch site PaddyStockBreakUpItemWise.cs:330
844-StockClosingAndOpeningData.rpt,traced,InventoryStockEvalautionDetail.StockClosingAndOpeningData,launch site StockClosingAndOpeningData.cs:419
90-SaleOrderStoreAndPmSlip.rpt,seeded (already runnable),,
90-SalesOrderStoreAndPmRegister.rpt,not traced: no procedure,,
900_ProformaInvoiceSlip.rpt,seeded (already runnable),,
901_01_VoucherInvoicesAdjustment_Slip.rpt,traced,VoucherInvoicesAdjustment.GetByVoucherHeadId,launch site frmReceiptInvoicesAdjustmentVoucher.cs:1760
901_02_VoucherInvoicesAdjustment_Slip.rpt,traced,VoucherInvoicesAdjustment.GetByVoucherHeadId,launch site frmExportReceiptInvoicesAdjustmentVoucher.cs:1727
901_VoucherInvoicesAdjustment_Slip.rpt,traced,VoucherInvoicesAdjustment.GetByVoucherHeadId,launch site frmInvoicesAdjustmentVoucher.cs:1761
902_ImportInvoiceSlip.rpt,traced,invoiceMaster.InvoiceMaster_Report,launch site CommonServices.cs:10522
903-ImExShipmentBookingInfo.rpt,seeded (already runnable),,
910-AdvanceDeliveryOrderRegister.rpt,traced,InvDeliveryOrder.AdvanceDeliveryOrderRegister,launch site frmAdvanceDeliveryOrderRegister.cs:648
910_01_AdvanceDeliveryOrderSlip.rpt,seeded (already runnable),,
910_01_PendingReservedSaleInvoiceForAdvanceDeliveryOrder.rpt,traced,InvSaleInvoice.PendingReservedSaleInvoiceForAdvanceDeliveryOrder,launch site frmAdvanceDeliveryOrderRegister.cs:944
910_AdvanceDeliveryOrderSlip.rpt,seeded (already runnable),,
910_StockEvaluationSummary.rpt,not traced: no desktop launch site found,,
910A_AdvanceDeliveryChallanSlip.rpt,seeded (already runnable),,
910A_StockEvaluationCgsReport.rpt,traced,InventoryStockEvalautionDetail.SaleReportWithGrossProfitsAndLossNew,only BLL method running [dbo].[USP_SaleReportWithGrossProfitsAndLossNew]
920_BankReconciliation_Slip.rpt,seeded (already runnable),,
921-01productioncostingreport.rpt,not traced: no desktop launch site found,,
921-productioncostingreport.rpt,not traced: no desktop launch site found,,
921_I_01_ProductionCostingFormHistoryReport.rpt,traced,ProductionManualCosting.ProductionCosting_FormHistoryReport,launch site frmProductionCostingReport.cs:428
922_ProdcutionFohAllocateToJobOrderSlip.rpt,seeded (already runnable),,
98_SaleInvoiceReturnItemSlip.rpt,traced,InvPurchaseInvoiceReports.PurchaseInvoiceDirectSlip_225,launch site CommonServices.cs:7104
98A_SaleInvoiceReturnPartySlip.rpt,traced,InvPurchaseInvoiceReports.PurchaseInvoiceDirectSlip_225,launch site CommonServices.cs:7144
98B_SaleInvoiceReturnPartySlip.rpt,not traced: no desktop launch site found,,
ABL.rpt,not traced: no desktop launch site found,,
AcRptReceivablesWithStatus.rpt,not traced: no procedure,,
AcRptVoucherSlip.rpt,not traced: no procedure,,
ActivitySummeryCreditSubReport.rpt,not traced: no procedure,,
ActivitySummeryCreditSubReportForB.rpt,traced,VoucherReports.ActivitySummaryDocumentTypeWise,launch site ActicitySummery.cs:861
ActivitySummeryDebitSubReport.rpt,not traced: no procedure,,
ActivitySummeryDebitSubReportForB.rpt,traced,VoucherReports.ActivitySummaryDocumentTypeWise,launch site ActicitySummery.cs:861
AskariBank.rpt,not traced: no desktop launch site found,,
AuditActiviyReport.rpt,traced,ReportsMethod.FormHistory,launch site AuditLogReport.cs:860
BankAlFalah.rpt,not traced: no desktop launch site found,,
BankAlHabib.rpt,not traced: no desktop launch site found,,
BankOfPunjab.rpt,not traced: no desktop launch site found,,
BarCodeReport.rpt,traced,Item.GetItemByItemTypeId,launch site BarcodeGenerate.cs:112
BillOfMaterialAllDetails_SubReport.rpt,traced,BomHeader.BillOfMaterialAllDetails_SubReport,launch site CommonServices.cs:13343
BillOfMaterialDetails_SubReport.rpt,traced,BomHeader.BOM_DetailReport,launch site frmWorkOrderReport.cs:545
BIP.rpt,not traced: no desktop launch site found,,
BOPBank.rpt,not traced: no desktop launch site found,,
CashBankBalancesSummery.rpt,not traced: no procedure,,
CommissionAgentBillSubreport.rpt,not traced: no desktop launch site found,,
CommTradeLoadingDeliveryExpense_SubReport.rpt,traced,CommTradeLoadingDelivery.CommTradeLoadingDeliveryExpense_SubReport,launch site CommTradeLoadingDeliveryExpenses.cs:2263
CommTradeLoadingDeliveryPMExpense_SubReport.rpt,traced,CommTradeLoadingDelivery.CommTradeLoadingDeliveryPMExpense_SubReport,launch site CommonServices.cs:12394
CommTradeTransactionPM_SubReport.rpt,traced,CommTradeTransactionHeader.CommTradeTransactionPM_SubReport,launch site CommisionBillAgainstLoadingDelivery.cs:6004
ConversionAllDetails_SubReport.rpt,traced,ConversionHeader.ConversionAllDetails_SubReport,launch site CommonServices.cs:18287
CrystalLoadDLL.rpt,not traced: no desktop launch site found,,
DayBookCreditSubReport.rpt,traced,GeneralReprots.DayBookSlip,launch site DayBook.cs:2109
DayBookDebitSubReport.rpt,traced,GeneralReprots.DayBookSlip,launch site DayBook.cs:2109
DeliveryChallanHeader_ExpenseSubReport.rpt,traced,DeliveryChallanHeader.DeliveryChallanHeader_ExpenseSubReport,launch site CrystalReportPrint_Helper.cs:1164
DocumentTypeId-Loan Facility Agreement_Slip.rpt,seeded (already runnable),,
EmployeeAttendenceMonthly.rpt,seeded (already runnable),,
ExImLcContractPackingMaterialDetail_SubRpt.rpt,traced,SaleContractReports.ExImLcContractPackingMaterialDetail_SubRpt501,launch site CommonServices.cs:9991
ExImLcOrderPaymentTermsDetail_SubRpt.rpt,traced,SaleContractReports.ExImLcOrderPaymentTermsDetail_SubRpt501,launch site CommonServices.cs:9991
Export Receivable Due By Invoice.rpt,not traced: no desktop launch site found,,
ExportInvoiceCustomExpense_SubRpt.rpt,traced,ExportPdfReport.CustomeInvoiceSlip521SupReprt,launch site CommonServices.cs:10267
ExportInvoiceOtherExpense_SubRpt.rpt,traced,ExportPdfReport.InvoiceSlip521SupReprt,launch site CommonServices.cs:10267
FaysalBank.rpt,not traced: no desktop launch site found,,
getLedgerforPrint.rpt,traced,InvPurchaseInvoiceReports.GetDataForLedgerSubReport,launch site CommonServices.cs:5841
GrnDetailEmptyBagsSubReport.rpt,traced,InvGrnandGdnReports.GrnDetailEmptyBagsSubReport,launch site CommonServices.cs:14398
HabibMetro.rpt,not traced: no desktop launch site found,,
HBL.rpt,not traced: no desktop launch site found,,
ImLcOrderPaymentDetail_SubReport.rpt,traced,ImLcOrder.ImLcOrderPaymentDetail_SubReport,launch site ImLcOrder.cs:3435
ImportInvoice_SubReport.rpt,traced,invoiceMaster.ImportInvoiceSlipSupReprt,launch site CommonServices.cs:10522
InvCommissionAgentBillOtherExp.rpt,traced,InvCommAgentTradeBill.TradeBillSlipAndRegisterSupReprt,launch site CommonServices.cs:10919
InvContractorWagesSubReport.rpt,traced,InvContractorWagesBillHeader.ContractorWagesBill_SlipandRegister,launch site CommonServices.cs:14560
InvGdn_SubReport.rpt,traced,InvGdn.GdnWagesDetail_SubReport,launch site GdnRegister.cs:1075
InvLabInProcessGroupAnalysisSub.rpt,traced,InvLabAnalysisPurchaseHeader.GetDataForLabInProcessGroupAnalysisSubReport,launch site CommonServices.cs:10959
InvLabInProcessStepAnalysisSub.rpt,traced,InvLabAnalysisPurchaseHeader.GetDataForLabAnalysisStep_SubReport,launch site CommonServices.cs:10959
InvLabPurchaseAnalysisSubForGP.rpt,traced,InvLabAnalysisPurchaseHeader.RptInvLabPurchaseAnalysisSlip653,launch site CommonServices.cs:13924
InvPurchaseInvoice_ItemExpense_SubReport.rpt,traced,InvPurchaseInvoice.PurchaseInvoiceSupReprtForItemExpense,launch site CommonServices.cs:13533
InvPurchaseInvoice_SupplierBillExpense_SubReport.rpt,traced,InvPurchaseInvoice.PurchaseSupplierBillSubReport,launch site CommonServices.cs:13498
InvRptPurchaseBillSupplierOthers.rpt,traced,InvSaleInvoiceReports.SalesCustomerBillSubReport,launch site CommonServices.cs:12086
InvRptPurchaseItemBillOthers.rpt,traced,InvPurchaseInvoiceReports.InvPurchaseInvoiceSlipReport220SupReprtForItem,launch site InvfrmPurchaseInvoice.cs:6547
InvSaleInvoiceCustomerBillRiceJournalExpSubRep.rpt,traced,InvSaleInvoiceReports.SaleInvoiceSubReportJournalExpense,launch site CommonServices.cs:12681
JSBank.rpt,not traced: no desktop launch site found,,
Kasab.rpt,not traced: no desktop launch site found,,
LabAnalysisPurchaseByGPSubReport.rpt,traced,InvLabAnalysisPurchaseHeader.LabAnalysisPurchaseByGP_SubReport,launch site CommonServices.cs:14268
LabDataVehicleWiseSummary_Report.rpt,traced,InvLabAnalysisPurchaseHeader.LabDataVehicleWiseByParent,launch site LabDataVehicleWiseByParent.cs:746
LabInprocessRegisterSubReport.rpt,not traced: no procedure,,
LabPurchaseAnalysisSubParameterReport.rpt,traced,InvLabAnalysisPurchaseHeader.GetDataForLabPurchaseAnalysisSubReport,launch site LabPurchaseAnalysisForApproval.cs:861
LabSampleAnalysisSubParameterReport.rpt,traced,InvLabSampleAnalysisHeader.GetDataForLabSampleAnalysisSubReport,launch site PendingApprovalPurchaseInvoice.cs:1228
LcorderOtherItem_SubRpt.rpt,traced,SaleContractReports.LcorderOtherItem_SubRpt501,launch site CommonServices.cs:10225
LcOrderShipmentScheduleLcOrderWise_SubReport1.rpt,traced,ExportPdfReport.LcOrderShipmentScheduleLcOrderWise_Slip,launch site CommonServices.cs:9946
LcOrderShipmentScheduleLcOrderWiseDetail_SubReport.rpt,traced,ExportPdfReport.LcOrderShipmentScheduleLcOrderWiseDetail_SubReport,launch site CommonServices.cs:9946
logisticRateNegotiation_SourceDocumentSubReport.rpt,traced,logisticRateNegotiationHeader.logisticRateNegotiation_SourceDocumentSubReport,launch site CrystalReportPrint_Helper.cs:328
logisticRateNegotiationTransporter_SourceDocumentSubReport.rpt,traced,logisticRateNegotiationHeader.logisticRateNegotiation_SourceDocumentSubReport,launch site CrystalReportPrint_Helper.cs:417
MCB.rpt,not traced: no desktop launch site found,,
MeezanBank.rpt,not traced: no desktop launch site found,,
NBP.rpt,not traced: no desktop launch site found,,
NIB.rpt,not traced: no desktop launch site found,,
PartyProcessingBillByProductSubReport.rpt,traced,InvProductionProcessingBill.InvProductionProcessingBillByProduct_SubReport_611,launch site CrystalReportPrint_Helper.cs:251
PartyProcessingBillSubReport.rpt,traced,InvProductionProcessingBill.InvProductionProcessingBill_SubReport_611,launch site CrystalReportPrint_Helper.cs:251
PreCommercialInvoiceExpenseSubReport.rpt,traced,ExportPdfReport.InvoiceSlip521SupReprt,launch site CommonServices.cs:11352
Production_Input_SubReport.rpt,not traced: no procedure,,
Production_Output_SubReport.rpt,not traced: no procedure,,
ProductionAllDetails_SubReport.rpt,traced,ProductionHeader.ProductionAllDetails_SubReport,launch site CommonServices.cs:18362
ProductionJobOrder_SubReport.rpt,traced,InvProductionJobOrder.JobOrderPlantAndScheduleSubReport,launch site CommonServices.cs:16623
ProductionJobOrderInputSubReport.rpt,traced,InvProductionJobOrder.JobOrderInPutSubReport,launch site CommonServices.cs:16698
ProductionJobOrderOutputSubReport.rpt,traced,InvProductionJobOrder.JobOrderOutPutSubReport,launch site CommonServices.cs:16698
ProductionJobOrderOverHeadsSubReport.rpt,traced,InvProductionJobOrder.JobOrderOverHeadSubReport,launch site CommonServices.cs:16698
ProductionJobOrderPackingMaterialsSubReport.rpt,traced,InvProductionJobOrder.JobOrderPackingMaterialSubReport,launch site CommonServices.cs:16698
ProductionManualCosting_ByProductDetailSubReport.rpt,traced,ProductionManualCosting.ProductionManualCosting_ByProductDetailSubReport,launch site frmCreateProductionCostingReport.cs:1534
ProductionManualCosting_InputDetailSubRepirt.rpt,traced,ProductionManualCosting.ProductionManualCosting_InputDetailSubReport,launch site frmCreateProductionCostingReport.cs:1534
PurchaseInvoice_SupplierExpense_SubReport.rpt,traced,InvPurchaseInvoice.PurchaseInvoiceSupReprtForSupplierExpense,launch site CommonServices.cs:11724
PurchaseInvoiceItemOthersAddLessSubReport.rpt,traced,InvPurchaseInvoice.InvPurchaseInvoiceSlipReport1508SupReprt,launch site CommonServices.cs:16967
PurchaseInvoicePartyBillOthersAddLessSubReport.rpt,traced,InvPurchaseInvoice.InvPurchaseInvoiceSlipReport1508ASupReprt,launch site CommonServices.cs:16932
PurchaseOrder_SupplierDispatchSubReport.rpt,traced,PurchaseOrderReports.SupplierDispatchSubReport_203A,launch site CommonServices.cs:8384
PurchaseOrder_WithGrnDetail_SubReport.rpt,traced,InvGrnandGdnReports.PurchaseOrder_WithGrnDetail_Report,launch site CommonServices.cs:14348
PurchaseOrderLabSampleSubReport.rpt,traced,PurchaseOrderReports.PurchaseOrderLabSample_SubReport,launch site CommonServices.cs:8485
PurchaseOrderSubReport.rpt,traced,PurchaseOrderReports.PurchaseOrderSlipReport203SubReport,launch site CommonServices.cs:11631
PurchaseOrderSupplierExpenseSubReport.rpt,traced,PurchaseOrderReports.PurchaseOrderSupplierExpense_SubReport,launch site CommonServices.cs:11631
PurchasePreBillHeader_ExpenseSubReport.rpt,traced,PurchasePreBillHeader.PurchasePreBillHeader_ExpenseSubReport,launch site CrystalReportPrint_Helper.cs:1123
RecipeExpenseSubReport.rpt,traced,InvManufacturingBOMHeader.RecipeSubReport,launch site frmBillOfMaterial_Manufacturing.cs:2111
RptCWBInward.rpt,traced,VoucherHead.Save,launch site frmMoveOrder.cs:1609
RptCWBLabourWagesRegister.rpt,not traced: no procedure,,
RptGatepassOutwardDriverInfoSlipA.rpt,seeded (already runnable),,
RptGdnSlip.rpt,traced,GatePassOutward.ReadByGpNoForGdn,best of 24 BLL methods running Sp_GatePassOutward_GetAllMethod
rptGRN_Print.rpt,traced,VoucherHead.Save,launch site InvFrmGRNTrade.cs:228
rptIGP.rpt,not traced: no procedure,,
RptInvBOMSlipA.rpt,traced,VoucherHead.Save,launch site frmBillOfMaterial.cs:455
RptInvLabSampleLogRegisterSlipA.rpt,not traced: no procedure,,
RptInvOpeningStockBalanceHeaderSlipA.rpt,not traced: no procedure,,
RptInvProductionJobOrderSlipA.rpt,traced,InvProductionJobOrder.GetAll,best of 12 BLL methods running Sp_InvProductionJobOrder_GetAllMethod
RptInvSupplySchedule.rpt,traced,VoucherHead.Save,launch site frmSupplySchedule.cs:1758
RptPdcInventoryRegisterCheqParty.rpt,not traced: no procedure,,
RptPurchaseOrderRegisterA.rpt,not traced: no procedure,,
RptPurchaseOrderRegisterB-Summery.rpt,not traced: no procedure,,
RptPurchaseOrderSlipWithReceivingDetail.rpt,not traced: no procedure,,
RpTrialBalanceSelected (1).rpt,not traced: no desktop launch site found,,
RpTrialBalanceSelected.rpt,not traced: no desktop launch site found,,
RpTrialBalanceSelectedCurrent.rpt,not traced: no desktop launch site found,,
RpTrialBalanceSelectedCurrentWithPhoneNo.rpt,not traced: no desktop launch site found,,
RptSaleOderRegister.rpt,not traced: no procedure,,
RptSaleOrderSlipWithDespatchDetail.rpt,not traced: no procedure,,
RptSalesOrderRegisterA.rpt,not traced: no procedure,,
SaadiqStandardCharteredBank.rpt,not traced: no desktop launch site found,,
SaleInvoice_ItemExpenseSubReport.rpt,traced,InvSaleInvoice.SaleInvoiceItemExpenseSubReport,launch site CommonServices.cs:18438
SaleInvoice_SubReport.rpt,traced,InvSaleInvoice.SalesCustomerBillSubReport,launch site CommonServices.cs:18403
SaleInvoiceItemExpense_SubReport.rpt,traced,InvSaleInvoiceReports.SaleInvoiceItemExpenseSubReport,launch site CommonServices.cs:6534
SaleOrderCustomerExpense_SubReport.rpt,traced,SaleOrderReports.SaleOrderCustomerExpense_SubReport,launch site CommonServices.cs:11764
SaleOrderExtraItemsDetail_SubReport.rpt,traced,SaleOrderReports.SaleOrderExtraItemsDetail_SubReport,launch site CommonServices.cs:12175
SaleOrderPaymentTermsDetail_SubReport.rpt,traced,SaleOrder.SaleOrderPaymentTermDetail_SubReport,launch site CommonServices.cs:11764
SalesSummaryByReferencePartyCustomer&City.rpt,not traced: no desktop launch site found,,
SilkBank.rpt,not traced: no desktop launch site found,,
SoneriBank.rpt,not traced: no desktop launch site found,,
StoreIssuanceSubReport.rpt,traced,InvGsStoreIssuanceHeader.StoreIssuanceHistory,launch site CommonServices.cs:7692
SupplierBillReport.rpt,traced,InvPurchaseInvoiceReports.InvPurchaseInvoiceSlipReport220SupReprt,launch site CommonServices.cs:17456
TrialBalanceCreditSubReport.rpt,not traced: no procedure,,
TrialBalanceDebitSubReport.rpt,not traced: no procedure,,
UBL.rpt,not traced: no desktop launch site found,,
usp_InvProductionJobOrderLabStandardDetail_SubReport.rpt,traced,InvFoodProductionReports.InvProductionJobOrderLabStandardDetail_SubReport,launch site CommonServices.cs:9637
VoucherReportCreditSubReport.rpt,not traced: no procedure,,
VoucherReportDebitSubReport.rpt,not traced: no procedure,,
WbTransationByGPIDSubReport.rpt,traced,WbTransactions.WbTransationByGPID_SubReport,launch site CommonServices.cs:14268
WbTransationByOutwardGPID_SubReport.rpt,traced,WbTransactions.WbTransationByOutwardGPID_SubReport,launch site CommonServices.cs:14228
WorkOrder_InputSubReport.rpt,traced,WorkOrderHeader.WorkOrder_InputSubReport,launch site CommonServices.cs:13454
