rpt,jrxml,status,issue_count,issues,preferred
001-ContractorWagesRegister.rpt,001-ContractorWagesRegister.jrxml,compiled from Crystal design; visual review pending,0,,True
002-ContractorWagesSlip.rpt,002-ContractorWagesSlip.jrxml,compiled from Crystal design; visual review pending,0,,True
002_01_ContractorWagesPartyProcessingSlip.rpt,002_01_ContractorWagesPartyProcessingSlip.jrxml,compiled from Crystal design; visual review pending,0,,True
003-tSummaryWagesByRefDocumentsAndActivities.rpt,003-tSummaryWagesByRefDocumentsAndActivities.jrxml,compiled from Crystal design; visual review pending,1,section GroupHeaderSection1 extended 2 points to contain its objects,True
004-ContractorWagesBillManualSlip.rpt,004-ContractorWagesBillManualSlip.jrxml,compiled from Crystal design; visual review pending,1,section PageHeaderSection3 extended 2 points to contain its objects,True
005-UserReightsReport.rpt,005-UserReightsReport.jrxml,compiled from Crystal design; visual review pending,1,section GroupHeaderSection2 extended 2 points to contain its objects,True
01_GatePassVehicleEntryAndExitTimeAnalysisReport.rpt,01_GatePassVehicleEntryAndExitTimeAnalysisReport.jrxml,compiled from Crystal design; visual review pending,1,section PageHeaderSection3 extended 3 points to contain its objects,True
0228-InvPurchaseInvoice_SaleReturnRegister.rpt,0228-InvPurchaseInvoice_SaleReturnRegister.jrxml,compiled from Crystal design; visual review pending,0,,True
02_GDBreakUpHeader_Slip.rpt,02_GDBreakUpHeader_Slip.jrxml,compiled from Crystal design; visual review pending,4,section PageHeaderSection2 contains objects 24 points outside the printable width | section PageHeaderSection1 contains objects 24 points outside the printable width | section ReportFooterSection1 contains objects 24 points outside the printable width | section ReportFooterSection3 contains objects 24 points outside the printable width,True
06_ContractorWagesRateSchedule.rpt,06_ContractorWagesRateSchedule.jrxml,compiled from Crystal design; visual review pending,0,,True
07_RptGatepassOutwardDriverInfoSlipA.rpt,07_RptGatepassOutwardDriverInfoSlipA.jrxml,compiled from Crystal design; visual review pending,1,section PageHeaderSection1 contains objects 10 points outside the printable width,True
09_DayBookPaymentSide.rpt,09_DayBookPaymentSide.jrxml,compiled from Crystal design; visual review pending,0,,True
09_DayBookReceiptSide.rpt,09_DayBookReceiptSide.jrxml,compiled from Crystal design; visual review pending,0,,True
100-PartyWisePaymentReceiptsVoucherSlip.rpt,100-PartyWisePaymentReceiptsVoucherSlip.jrxml,compiled from Crystal design; visual review pending,2,section PageHeaderSection2 extended 2 points to contain its objects | section DetailSection1 extended 2 points to contain its objects,True
1001-EmployeeAttendenceMonthly.rpt,_design_review/1001-EmployeeAttendenceMonthly.jrxml,needs review: sort on {@fld_EmployeeId} (not a database field) is not applied,1,sort on {@fld_EmployeeId} (not a database field) is not applied,True
1002-AttendanceRegister.rpt,1002-AttendanceRegister.jrxml,compiled from Crystal design; visual review pending,0,,True
1003-DailyAttendance.rpt,_design_review/1003-DailyAttendance.jrxml,needs review: sort on {@fld_DepartmentId} (not a database field) is not applied,1,sort on {@fld_DepartmentId} (not a database field) is not applied,True
1003_01-DailyAttendance.rpt,1003_01-DailyAttendance.jrxml,compiled from Crystal design; visual review pending,2,section PageHeaderSection5 extended 2 points to contain its objects | section PageHeaderSection1 extended 11 points to contain its objects,True
1004-EmployeeAttendance.rpt,1004-EmployeeAttendance.jrxml,compiled from Crystal design; visual review pending,0,,True
1005-MonthlyAttendanceRegister_New.rpt,_design_review/1005-MonthlyAttendanceRegister_New.jrxml,needs review: sort on {@grp_DepartmentId} (not a database field) is not applied,5,section Section2 contains objects 72 points outside the printable width | section PageHeaderSection1 extended 2 points to contain its objects | section PageHeaderSection1 contains objects 76 points outside the printable width | section Section5 contains objects 78 points outside the printable width | sort on {@grp_DepartmentId} (not a database field) is not applied,True
1006-AttendanceSummery.rpt,1006-AttendanceSummery.jrxml,compiled from Crystal design; visual review pending,3,section GroupHeaderSection4 extended 2 points to contain its objects | section Section3 extended 2 points to contain its objects | section Section5 contains objects 117 points outside the printable width,True
1008-EmployeeAdvanceSlip.rpt,1008-EmployeeAdvanceSlip.jrxml,compiled from Crystal design; visual review pending,0,,True
1009-EmployeeOverTimeRegister.rpt,1009-EmployeeOverTimeRegister.jrxml,compiled from Crystal design; visual review pending,2,section PageHeaderSection1 extended 11 points to contain its objects | section GroupHeaderSection1 extended 2 points to contain its objects,True
1010-OverTime_Slip.rpt,1010-OverTime_Slip.jrxml,compiled from Crystal design; visual review pending,0,,True
1011-EmployeeOverTimeSlip.rpt,1011-EmployeeOverTimeSlip.jrxml,compiled from Crystal design; visual review pending,0,,True
102-AcRptPaymentReceiptsVoucherSlip.rpt,102-AcRptPaymentReceiptsVoucherSlip.jrxml,compiled from Crystal design; visual review pending,1,section DetailSection1 extended 2 points to contain its objects,True
102-AcRptPaymentReceiptsVoucherSlipOld.rpt,102-AcRptPaymentReceiptsVoucherSlipOld.jrxml,compiled from Crystal design; visual review pending,1,section DetailSection1 extended 2 points to contain its objects,True
102-ANewAcRptExportInvoiceVoucherSlip.rpt,102-ANewAcRptExportInvoiceVoucherSlip.jrxml,compiled from Crystal design; visual review pending,1,section PageHeaderSection2 extended 2 points to contain its objects,True
102-ANewAcRptPaymentReceiptsVoucherSlip.rpt,102-ANewAcRptPaymentReceiptsVoucherSlip.jrxml,compiled from Crystal design; visual review pending,0,,True
102-BankPaymentVoucher.rpt,102-BankPaymentVoucher.jrxml,compiled from Crystal design; visual review pending,0,,True
102-BankReceiptVoucher.rpt,102-BankReceiptVoucher.jrxml,compiled from Crystal design; visual review pending,0,,True
102-CashPaymentVoucher.rpt,102-CashPaymentVoucher.jrxml,compiled from Crystal design; visual review pending,0,,True
102-CashReceiptVoucher.rpt,102-CashReceiptVoucher.jrxml,compiled from Crystal design; visual review pending,0,,True
102-ExportReturnInvoiceVoucherSlip.rpt,102-ExportReturnInvoiceVoucherSlip.jrxml,compiled from Crystal design; visual review pending,0,,True
102_01_BillsPayablesOrReceiveableVoucher.rpt,102_01_BillsPayablesOrReceiveableVoucher.jrxml,compiled from Crystal design; visual review pending,0,,True
102B-SpVouchers_PartyPaymentAndReceiptSummary.rpt,102B-SpVouchers_PartyPaymentAndReceiptSummary.jrxml,compiled from Crystal design; visual review pending,1,section ReportFooterSection1 contains objects 2 points outside the printable width,True
102B-SpVouchers_PartyPaymentAndReceiptSummaryInUrdu.rpt,102B-SpVouchers_PartyPaymentAndReceiptSummaryInUrdu.jrxml,compiled from Crystal design; visual review pending,0,,True
103-AcRptPurchaseSalesVoucherSlip.rpt,103-AcRptPurchaseSalesVoucherSlip.jrxml,compiled from Crystal design; visual review pending,0,,True
104-AcRptGeneralJournalAcAndInventoryDetailSlip.rpt,104-AcRptGeneralJournalAcAndInventoryDetailSlip.jrxml,compiled from Crystal design; visual review pending,0,,True
105-AcRptGeneralLedger.rpt,105-AcRptGeneralLedger.jrxml,compiled from Crystal design; visual review pending,0,,True
1051_SupplierOfferSlip.rpt,1051_SupplierOfferSlip.jrxml,compiled from Crystal design; visual review pending,0,,True
1052_01_PurchaseOrderDetailReport.rpt,1052_01_PurchaseOrderDetailReport.jrxml,compiled from Crystal design; visual review pending,0,,True
1052_01_PurchaseOrderDetailReportGroupBySH_T_P.rpt,1052_01_PurchaseOrderDetailReportGroupBySH_T_P.jrxml,compiled from Crystal design; visual review pending,0,,True
1052_01_PurchaseOrderDetailReportWithAmount.rpt,1052_01_PurchaseOrderDetailReportWithAmount.jrxml,compiled from Crystal design; visual review pending,0,,True
1052_01_PurchaseOrderReport.rpt,1052_01_PurchaseOrderReport.jrxml,compiled from Crystal design; visual review pending,0,,True
1052_01_PurchaseOrderSummeryItemWise.rpt,1052_01_PurchaseOrderSummeryItemWise.jrxml,compiled from Crystal design; visual review pending,0,,True
1052_01_PurchaseOrderSummerySH_T_PWise.rpt,1052_01_PurchaseOrderSummerySH_T_PWise.jrxml,compiled from Crystal design; visual review pending,0,,True
1052_01_PurchaseOrderSummerySupplierWise.rpt,1052_01_PurchaseOrderSummerySupplierWise.jrxml,compiled from Crystal design; visual review pending,0,,True
1052_02_PurchaseOrderDocWise_SummaryReport.rpt,1052_02_PurchaseOrderDocWise_SummaryReport.jrxml,compiled from Crystal design; visual review pending,0,,True
1052_03_PurchaseOrderItemCommissionAndSupplierWise_SummaryReport.rpt,1052_03_PurchaseOrderItemCommissionAndSupplierWise_SummaryReport.jrxml,compiled from Crystal design; visual review pending,1,section PageHeaderSection1 extended 2 points to contain its objects,True
1052_04_PurchaseOrderItemWise_SummaryReport.rpt,1052_04_PurchaseOrderItemWise_SummaryReport.jrxml,compiled from Crystal design; visual review pending,1,section PageHeaderSection1 extended 2 points to contain its objects,True
1052_PurchaseOrderSlip.rpt,1052_PurchaseOrderSlip.jrxml,compiled from Crystal design; visual review pending,0,,True
1053_01_SaleOrderDetailReport.rpt,1053_01_SaleOrderDetailReport.jrxml,compiled from Crystal design; visual review pending,0,,True
1053_01_SaleOrderDetailReportGroupBySH_T_P.rpt,1053_01_SaleOrderDetailReportGroupBySH_T_P.jrxml,compiled from Crystal design; visual review pending,0,,True
1053_01_SaleOrderSummeryItemWise.rpt,1053_01_SaleOrderSummeryItemWise.jrxml,compiled from Crystal design; visual review pending,0,,True
1053_01_SaleOrderSummerySH_T_PWise.rpt,1053_01_SaleOrderSummerySH_T_PWise.jrxml,compiled from Crystal design; visual review pending,0,,True
1053_01_SaleOrderSummerySupplierWise.rpt,1053_01_SaleOrderSummerySupplierWise.jrxml,compiled from Crystal design; visual review pending,0,,True
1053_02_SaleOrderDocWise_SummaryReport.rpt,1053_02_SaleOrderDocWise_SummaryReport.jrxml,compiled from Crystal design; visual review pending,0,,True
1053_03_SaleOrderItemCommissionAndBuyerWise_SummaryReport.rpt,1053_03_SaleOrderItemCommissionAndBuyerWise_SummaryReport.jrxml,compiled from Crystal design; visual review pending,1,section PageHeaderSection1 extended 2 points to contain its objects,True
1053_04_SaleOrderItemWise_SummaryReport.rpt,1053_04_SaleOrderItemWise_SummaryReport.jrxml,compiled from Crystal design; visual review pending,1,section PageHeaderSection1 extended 2 points to contain its objects,True
1054_01_GRNReportGroupByShip_to_Party.rpt,1054_01_GRNReportGroupByShip_to_Party.jrxml,compiled from Crystal design; visual review pending,0,,True
1054_01_GrnSupplierLoadingDetailReport.rpt,1054_01_GrnSupplierLoadingDetailReport.jrxml,compiled from Crystal design; visual review pending,0,,True
1054_03_GrnSupplierLoadingItemWise_SummaryReport.rpt,1054_03_GrnSupplierLoadingItemWise_SummaryReport.jrxml,compiled from Crystal design; visual review pending,0,,True
1054_04_GrnSupplierLoadingCommissionAgentWise_SummaryReport.rpt,1054_04_GrnSupplierLoadingCommissionAgentWise_SummaryReport.jrxml,compiled from Crystal design; visual review pending,0,,True
1054_05_GrnSupplierLoadingSupplierWise_SummaryReport.rpt,1054_05_GrnSupplierLoadingSupplierWise_SummaryReport.jrxml,compiled from Crystal design; visual review pending,0,,True
1054_06_GrnSupplierLoadingCommissionAndSupplierWise_SummaryReport.rpt,1054_06_GrnSupplierLoadingCommissionAndSupplierWise_SummaryReport.jrxml,compiled from Crystal design; visual review pending,0,,True
1054_07_GrnSupplierLoadingBuyerWise_SummaryReport.rpt,1054_07_GrnSupplierLoadingBuyerWise_SummaryReport.jrxml,compiled from Crystal design; visual review pending,0,,True
1054_08_GrnSupplierLoadingCommissionAndBuyerWise_SummaryReport.rpt,1054_08_GrnSupplierLoadingCommissionAndBuyerWise_SummaryReport.jrxml,compiled from Crystal design; visual review pending,0,,True
1054_09_GrnSupplierLoadingTransporterWise_SummaryReport.rpt,1054_09_GrnSupplierLoadingTransporterWise_SummaryReport.jrxml,compiled from Crystal design; visual review pending,0,,True
1054_10_GrnSupplierLoadingCityWise_MovementReport.rpt,1054_10_GrnSupplierLoadingCityWise_MovementReport.jrxml,compiled from Crystal design; visual review pending,0,,True
1054_11_GrnSupplierLoadingVehicleWise_UtilizationReport.rpt,1054_11_GrnSupplierLoadingVehicleWise_UtilizationReport.jrxml,compiled from Crystal design; visual review pending,0,,True
1055_01_GdnBuyerDispatchDetailReport.rpt,1055_01_GdnBuyerDispatchDetailReport.jrxml,compiled from Crystal design; visual review pending,0,,True
1055_01_GdnDetailReportGroupByShip_to_Party.rpt,1055_01_GdnDetailReportGroupByShip_to_Party.jrxml,compiled from Crystal design; visual review pending,1,section PageHeaderSection3 contains objects 3 points outside the printable width,True
1056_01_CommissionAgentTradeBillPurchaseMultiPrint.rpt,_design_review/1056_01_CommissionAgentTradeBillPurchaseMultiPrint.jrxml,needs review: picture Picture5: embedded images cannot be read through the SDK - drawn as an empty frame | picture Picture2: embedded images cannot be read through the SDK - drawn as an empty frame,2,picture Picture5: embedded images cannot be read through the SDK - drawn as an empty frame | picture Picture2: embedded images cannot be read through the SDK - drawn as an empty frame,True
1056_01_CommissionAgentTradeBillPurchaseSlip.rpt,1056_01_CommissionAgentTradeBillPurchaseSlip.jrxml,compiled from Crystal design; visual review pending,0,,True
1056_01_CommissionAgentTradeBillSaleMultiPrint.rpt,_design_review/1056_01_CommissionAgentTradeBillSaleMultiPrint.jrxml,needs review: picture Picture5: embedded images cannot be read through the SDK - drawn as an empty frame | picture Picture2: embedded images cannot be read through the SDK - drawn as an empty frame,2,picture Picture5: embedded images cannot be read through the SDK - drawn as an empty frame | picture Picture2: embedded images cannot be read through the SDK - drawn as an empty frame,True
1056_02_CommissionAgentTradeBillSaleSlip.rpt,_design_review/1056_02_CommissionAgentTradeBillSaleSlip.jrxml,needs review: picture Picture2: embedded images cannot be read through the SDK - drawn as an empty frame | picture Picture1: embedded images cannot be read through the SDK - drawn as an empty frame,2,picture Picture2: embedded images cannot be read through the SDK - drawn as an empty frame | picture Picture1: embedded images cannot be read through the SDK - drawn as an empty frame,True
1056_03_CommissionAgentTradeBill_Rs5Comm_MultiPrint.rpt,_design_review/1056_03_CommissionAgentTradeBill_Rs5Comm_MultiPrint.jrxml,needs review: picture Picture5: embedded images cannot be read through the SDK - drawn as an empty frame | picture Picture2: embedded images cannot be read through the SDK - drawn as an empty frame,2,picture Picture5: embedded images cannot be read through the SDK - drawn as an empty frame | picture Picture2: embedded images cannot be read through the SDK - drawn as an empty frame,True
1056_03_CommissionAgentTradeBillSaleSlipII.rpt,_design_review/1056_03_CommissionAgentTradeBillSaleSlipII.jrxml,needs review: picture Picture2: embedded images cannot be read through the SDK - drawn as an empty frame | picture Picture1: embedded images cannot be read through the SDK - drawn as an empty frame,2,picture Picture2: embedded images cannot be read through the SDK - drawn as an empty frame | picture Picture1: embedded images cannot be read through the SDK - drawn as an empty frame,True
1056_03_CommissionAgentTradeSummery_Rs5Comm.rpt,_design_review/1056_03_CommissionAgentTradeSummery_Rs5Comm.jrxml,needs review: picture Picture2: embedded images cannot be read through the SDK - drawn as an empty frame | picture Picture1: embedded images cannot be read through the SDK - drawn as an empty frame,2,picture Picture2: embedded images cannot be read through the SDK - drawn as an empty frame | picture Picture1: embedded images cannot be read through the SDK - drawn as an empty frame,True
1056_CommissionAgentTradeBillSlip.rpt,1056_CommissionAgentTradeBillSlip.jrxml,compiled from Crystal design; visual review pending,0,,True
1056A_CommissionBillIncomeSlip.rpt,1056A_CommissionBillIncomeSlip.jrxml,compiled from Crystal design; visual review pending,1,section PageHeaderSection1 extended 10 points to contain its objects,True
105_01_BankSummaryLedger.rpt,105_01_BankSummaryLedger.jrxml,compiled from Crystal design; visual review pending,1,section TSection2 contains objects 12 points outside the printable width,True
105_02_BankSummaryLedger.rpt,_design_review/105_02_BankSummaryLedger.jrxml,needs review: sort on {@AccountTitleDetail} (not a database field) is not applied,2,section GroupHeaderSection1 extended 2 points to contain its objects | sort on {@AccountTitleDetail} (not a database field) is not applied,True
105A-AcRptGeneralLedgerSummary1.rpt,105A-AcRptGeneralLedgerSummary1.jrxml,compiled from Crystal design; visual review pending,0,,True
105A-GeneralLedgerSummary2.rpt,105A-GeneralLedgerSummary2.jrxml,compiled from Crystal design; visual review pending,1,section ReportHeaderSection3 extended 3 points to contain its objects,True
105C-AcRptFcyGeneralLedger.rpt,105C-AcRptFcyGeneralLedger.jrxml,compiled from Crystal design; visual review pending,0,,True
105D-AcRptFcyGeneralLedger.rpt,105D-AcRptFcyGeneralLedger.jrxml,compiled from Crystal design; visual review pending,0,,True
105F-AcRptGcyGeneralLedger.rpt,105F-AcRptGcyGeneralLedger.jrxml,compiled from Crystal design; visual review pending,4,section PageHeaderSection5 contains objects 24 points outside the printable width | section PageHeaderSection1 extended 3 points to contain its objects | section PageHeaderSection1 contains objects 39 points outside the printable width | section ReportFooterSection1 contains objects 38 points outside the printable width,True
105F_01-AcRptGcyGeneralLedger.rpt,105F_01-AcRptGcyGeneralLedger.jrxml,compiled from Crystal design; visual review pending,3,section PageHeaderSection5 contains objects 24 points outside the printable width | section PageHeaderSection1 contains objects 39 points outside the printable width | section ReportFooterSection1 contains objects 38 points outside the printable width,True
106-AcRptGeneralLedgerB.rpt,106-AcRptGeneralLedgerB.jrxml,compiled from Crystal design; visual review pending,1,section ReportHeaderSection3 extended 2 points to contain its objects,True
106A_GeneralLedgerSummary2.rpt,106A_GeneralLedgerSummary2.jrxml,compiled from Crystal design; visual review pending,0,,True
107-AcRptQuantativeLedger.rpt,107-AcRptQuantativeLedger.jrxml,compiled from Crystal design; visual review pending,2,section ReportHeaderSection4 extended 2 points to contain its objects | section PageHeaderSection3 extended 10 points to contain its objects,True
107A_GeneralLedger.rpt,107A_GeneralLedger.jrxml,compiled from Crystal design; visual review pending,0,,True
108-AcRptGeneralLedgerSummery.rpt,108-AcRptGeneralLedgerSummery.jrxml,compiled from Crystal design; visual review pending,0,,True
108A_GeneralLedgerSummery.rpt,108A_GeneralLedgerSummery.jrxml,compiled from Crystal design; visual review pending,0,,True
109-AcRptGeneralLedgerStatement.rpt,109-AcRptGeneralLedgerStatement.jrxml,compiled from Crystal design; visual review pending,0,,True
11-AccountsBudgetSlip.rpt,11-AccountsBudgetSlip.jrxml,compiled from Crystal design; visual review pending,1,section ReportHeaderSection4 extended 2 points to contain its objects,True
110-AcRptActivitySummery.rpt,110-AcRptActivitySummery.jrxml,compiled from Crystal design; visual review pending,0,,True
1100-EmployeeSalarySheet.rpt,1100-EmployeeSalarySheet.jrxml,compiled from Crystal design; visual review pending,6,section Section2 contains objects 23 points outside the printable width | section PageHeaderSection1 contains objects 23 points outside the printable width | section GroupHeaderSection2 extended 2 points to contain its objects | section Section4 contains objects 23 points outside the printable width | section Section5 extended 109 points to contain its objects | section Section5 contains objects 23 points outside the printable width,True
1100_PurchaseOrderSlip.rpt,1100_PurchaseOrderSlip.jrxml,compiled from Crystal design; visual review pending,0,,True
1101-EmployeeListDepartmentWiseActiveInactive.rpt,1101-EmployeeListDepartmentWiseActiveInactive.jrxml,compiled from Crystal design; visual review pending,0,,True
1104_PurchaseInvoiceDirectItemSlip.rpt,1104_PurchaseInvoiceDirectItemSlip.jrxml,compiled from Crystal design; visual review pending,0,,True
1104A_PurchaseInvoiceDirectPartySlip.rpt,1104A_PurchaseInvoiceDirectPartySlip.jrxml,compiled from Crystal design; visual review pending,0,,True
110A-AcRptActivitySummery.rpt,110A-AcRptActivitySummery.jrxml,compiled from Crystal design; visual review pending,1,section PageFooterSection1 contains objects 3 points outside the printable width,True
110B-AcRptActivitySummery.rpt,110B-AcRptActivitySummery.jrxml,compiled from Crystal design; visual review pending,0,,True
111-AcRptReceivablesAging.rpt,111-AcRptReceivablesAging.jrxml,compiled from Crystal design; visual review pending,1,section PageHeaderSection2 extended 3 points to contain its objects,True
1110-SaleOrderSlip.rpt,1110-SaleOrderSlip.jrxml,compiled from Crystal design; visual review pending,0,,True
1110_CustomerDiscountPolicySlip.rpt,1110_CustomerDiscountPolicySlip.jrxml,compiled from Crystal design; visual review pending,1,section PageHeaderSection3 extended 3 points to contain its objects,True
1110B_EmployeeSalarySlip.rpt,1110B_EmployeeSalarySlip.jrxml,compiled from Crystal design; visual review pending,0,,True
1112-Employee_Registration_Slip.rpt,1112-Employee_Registration_Slip.jrxml,compiled from Crystal design; visual review pending,0,,True
1113-DailyLateandEarlyDeparture.rpt,1113-DailyLateandEarlyDeparture.jrxml,compiled from Crystal design; visual review pending,4,section Section2 contains objects 10 points outside the printable width | section PageHeaderSection1 contains objects 10 points outside the printable width | section PageHeaderSection2 contains objects 10 points outside the printable width | section Section5 contains objects 10 points outside the printable width,True
1114-DutyRosterEmployeeWise.rpt,_design_review/1114-DutyRosterEmployeeWise.jrxml,needs review: sort on {@fld_EmployeeId} (not a database field) is not applied,3,section Section2 contains objects 4 points outside the printable width | section Section5 contains objects 4 points outside the printable width | sort on {@fld_EmployeeId} (not a database field) is not applied,True
1115-EmployeeSalarySheet.rpt,,extraction or conversion failed,1,source RPT has an invalid file header,True
1115-InvRepSaleBillCustomer.rpt,1115-InvRepSaleBillCustomer.jrxml,compiled from Crystal design; visual review pending,0,,True
111A-AcRptTrialBalances.rpt,111A-AcRptTrialBalances.jrxml,compiled from Crystal design; visual review pending,2,[TrialBalanceCreditSubReport.rpt] section ReportFooterSection1 extended 2 points to contain its objects | [TrialBalanceDebitSubReport.rpt] section ReportFooterSection1 extended 2 points to contain its objects,True
112-AcRptTrialBalances (1).rpt,112-AcRptTrialBalances (1).jrxml,compiled from Crystal design; visual review pending,0,,True
112-AcRptTrialBalances.rpt,112-AcRptTrialBalances.jrxml,compiled from Crystal design; visual review pending,0,,True
112-AcRptTrialBalancesTwoColumn (1).rpt,112-AcRptTrialBalancesTwoColumn (1).jrxml,compiled from Crystal design; visual review pending,1,section GroupHeaderSection1 extended 2 points to contain its objects,True
112-AcRptTrialBalancesTwoColumn.rpt,112-AcRptTrialBalancesTwoColumn.jrxml,compiled from Crystal design; visual review pending,1,section GroupHeaderSection1 extended 2 points to contain its objects,True
1120_Recipe_Slip.rpt,1120_Recipe_Slip.jrxml,compiled from Crystal design; visual review pending,0,,True
1121_Production_Slip.rpt,1121_Production_Slip.jrxml,compiled from Crystal design; visual review pending,1,[ProductionAllDetails_SubReport.rpt] section GroupHeaderSection2 extended 4 points to contain its objects,True
1122_01_Production_Report.rpt,1122_01_Production_Report.jrxml,compiled from Crystal design; visual review pending,0,,True
1122_Production_Slip.rpt,1122_Production_Slip.jrxml,compiled from Crystal design; visual review pending,1,[ProductionAllDetails_SubReport.rpt] section GroupHeaderSection2 extended 4 points to contain its objects,True
1123_Conversion_Slip.rpt,1123_Conversion_Slip.jrxml,compiled from Crystal design; visual review pending,0,,True
113-AcRptTrialBalanceSelectedGroupAc - Copy.rpt,113-AcRptTrialBalanceSelectedGroupAc - Copy.jrxml,compiled from Crystal design; visual review pending,0,,True
113-AcRptTrialBalanceSelectedGroupAc -1.rpt,113-AcRptTrialBalanceSelectedGroupAc -1.jrxml,compiled from Crystal design; visual review pending,0,,True
113-AcRptTrialBalanceSelectedGroupAc.rpt,113-AcRptTrialBalanceSelectedGroupAc.jrxml,compiled from Crystal design; visual review pending,0,,True
11322-AcRptTrialBalanceSelectedGroupAc.rpt,11322-AcRptTrialBalanceSelectedGroupAc.jrxml,compiled from Crystal design; visual review pending,1,section GroupHeaderSection1 extended 2 points to contain its objects,True
113A-AcRptTrialBalanceSelectedGroupAc (1).rpt,113A-AcRptTrialBalanceSelectedGroupAc (1).jrxml,compiled from Crystal design; visual review pending,1,section GroupHeaderSection1 extended 4 points to contain its objects,True
113A-AcRptTrialBalanceSelectedGroupAc.rpt,113A-AcRptTrialBalanceSelectedGroupAc.jrxml,compiled from Crystal design; visual review pending,0,,True
113A-AcRptTrialBalanceSelectedGroupAc1.rpt,113A-AcRptTrialBalanceSelectedGroupAc1.jrxml,compiled from Crystal design; visual review pending,1,section GroupHeaderSection1 extended 4 points to contain its objects,True
113c-AcRptTrialBalanceSelectedGroupAc.rpt,113c-AcRptTrialBalanceSelectedGroupAc.jrxml,compiled from Crystal design; visual review pending,1,section GroupHeaderSection1 extended 2 points to contain its objects,True
113c-AcRptTrialBalanceSelectedGroupAc1.rpt,113c-AcRptTrialBalanceSelectedGroupAc1.jrxml,compiled from Crystal design; visual review pending,0,,True
114-AcRptChartOfAccounts.rpt,114-AcRptChartOfAccounts.jrxml,compiled from Crystal design; visual review pending,1,section PageHeaderSection4 extended 3 points to contain its objects,True
115-AcRptVoucherValidation.rpt,115-AcRptVoucherValidation.jrxml,compiled from Crystal design; visual review pending,0,,True
116-AcRptAccountsActivityDetail.rpt,_design_review/116-AcRptAccountsActivityDetail.jrxml,needs review: untranslated business formula: 116-AcRptAccountsActivityDetail.jrxml,1,formula @Balanceamount is referenced but not defined,True
117-AcRptTrialBalanceSelectedCurrent.rpt,117-AcRptTrialBalanceSelectedCurrent.jrxml,compiled from Crystal design; visual review pending,0,,True
117A-AcRptTrialBalanceSelectedCurrent.rpt,117A-AcRptTrialBalanceSelectedCurrent.jrxml,compiled from Crystal design; visual review pending,0,,True
118-AcRptVoucherSlip.rpt,118-AcRptVoucherSlip.jrxml,compiled from Crystal design; visual review pending,2,section ReportHeaderSection5 extended 2 points to contain its objects | section ReportHeaderSection4 extended 2 points to contain its objects,True
118A-VoucherReport.rpt,118A-VoucherReport.jrxml,compiled from Crystal design; visual review pending,0,,True
119-AcRptVoucherValidation2.rpt,119-AcRptVoucherValidation2.jrxml,compiled from Crystal design; visual review pending,0,,True
120-AcRptPayablesAging.rpt,120-AcRptPayablesAging.jrxml,compiled from Crystal design; visual review pending,1,section ReportHeaderSection3 extended 2 points to contain its objects,True
1200-DeliveryOrderSlipReturnable.rpt,1200-DeliveryOrderSlipReturnable.jrxml,compiled from Crystal design; visual review pending,0,,True
1201_OutwardGatePassReturnable_Slip.rpt,1201_OutwardGatePassReturnable_Slip.jrxml,compiled from Crystal design; visual review pending,1,section ReportFooterSection1 contains objects 4 points outside the printable width,True
1203_GdnReturnable_Slip.rpt,1203_GdnReturnable_Slip.jrxml,compiled from Crystal design; visual review pending,1,section PageHeaderSection4 extended 12 points to contain its objects,True
120_VoucerWithHoldingTaxReport.rpt,120_VoucerWithHoldingTaxReport.jrxml,compiled from Crystal design; visual review pending,0,,True
120A-CapitalOwnerEquityReport.rpt,120A-CapitalOwnerEquityReport.jrxml,compiled from Crystal design; visual review pending,1,section PageHeaderSection1 extended 11 points to contain its objects,True
121-Accounts_Payables_Rpt.rpt,121-Accounts_Payables_Rpt.jrxml,compiled from Crystal design; visual review pending,0,,True
121_01-ReceivablesByDueDates.rpt,121_01-ReceivablesByDueDates.jrxml,compiled from Crystal design; visual review pending,0,,True
121_01_PayablesAndPaymentSchedule.rpt,121_01_PayablesAndPaymentSchedule.jrxml,compiled from Crystal design; visual review pending,0,,True
121_02_ReceivablesAndReceiptSchedule.rpt,121_02_ReceivablesAndReceiptSchedule.jrxml,compiled from Crystal design; visual review pending,0,,True
121_03_PurchaseAnalyticsItemWise.rpt,121_03_PurchaseAnalyticsItemWise.jrxml,compiled from Crystal design; visual review pending,1,section PageHeaderSection4 extended 3 points to contain its objects,True
121_04_PurchaseAnalyticsSupplierWise.rpt,121_04_PurchaseAnalyticsSupplierWise.jrxml,compiled from Crystal design; visual review pending,1,section PageHeaderSection4 extended 3 points to contain its objects,True
122-AcRptAccounts_ReceivablesWithStatus.rpt,122-AcRptAccounts_ReceivablesWithStatus.jrxml,compiled from Crystal design; visual review pending,0,,True
122_03_SaleAnalyticsItemWise.rpt,122_03_SaleAnalyticsItemWise.jrxml,compiled from Crystal design; visual review pending,1,section PageHeaderSection4 extended 3 points to contain its objects,True
122A-AcRptAccounts_ReceivablesWithStatus.rpt,122A-AcRptAccounts_ReceivablesWithStatus.jrxml,compiled from Crystal design; visual review pending,1,section GroupHeaderSection1 extended 2 points to contain its objects,True
122A-CityWise-AcRptAccounts_ReceivablesWithStatus.rpt,122A-CityWise-AcRptAccounts_ReceivablesWithStatus.jrxml,compiled from Crystal design; visual review pending,0,,True
123_Receivables_New.rpt,123_Receivables_New.jrxml,compiled from Crystal design; visual review pending,0,,True
124_Payables_New.rpt,124_Payables_New.jrxml,compiled from Crystal design; visual review pending,1,section ReportHeaderSection3 extended 2 points to contain its objects,True
125-PdcInventoryPending.rpt,125-PdcInventoryPending.jrxml,compiled from Crystal design; visual review pending,0,,True
126-CustomerAgingReport_DocumentWise.rpt,126-CustomerAgingReport_DocumentWise.jrxml,compiled from Crystal design; visual review pending,1,section GroupHeaderSection1 extended 3 points to contain its objects,True
126_01-SalesDetailRegisterStoreAndPm.rpt,126_01-SalesDetailRegisterStoreAndPm.jrxml,compiled from Crystal design; visual review pending,0,,True
126_02-SalesCustomerAndItemWiseRegisterStoreAndPm.rpt,126_02-SalesCustomerAndItemWiseRegisterStoreAndPm.jrxml,compiled from Crystal design; visual review pending,0,,True
126_03-SalesItemAndConditionWiseRegisterStoreAndPm.rpt,126_03-SalesItemAndConditionWiseRegisterStoreAndPm.jrxml,compiled from Crystal design; visual review pending,0,,True
127-SupplierAgingReport_DocumentWise.rpt,127-SupplierAgingReport_DocumentWise.jrxml,compiled from Crystal design; visual review pending,1,section GroupHeaderSection1 extended 2 points to contain its objects,True
128-01_PayablesReportInvoiceWise.rpt,128-01_PayablesReportInvoiceWise.jrxml,compiled from Crystal design; visual review pending,0,,True
128_PayablesReportInvoiceWise.rpt,128_PayablesReportInvoiceWise.jrxml,compiled from Crystal design; visual review pending,0,,True
129-OpeningBalanceRpt.rpt,129-OpeningBalanceRpt.jrxml,compiled from Crystal design; visual review pending,1,section GroupHeaderSection2 extended 2 points to contain its objects,True
130-RptAcSupplierCustomerQuantativeGL.rpt,130-RptAcSupplierCustomerQuantativeGL.jrxml,compiled from Crystal design; visual review pending,0,,True
1300_LogisticRateNegotiationSlip_Slip.rpt,1300_LogisticRateNegotiationSlip_Slip.jrxml,compiled from Crystal design; visual review pending,0,,True
1301_AgreementHeader_Slip.rpt,1301_AgreementHeader_Slip.jrxml,compiled from Crystal design; visual review pending,0,,True
1302_LogisticRateNegotiationTransporter_Slip.rpt,1302_LogisticRateNegotiationTransporter_Slip.jrxml,compiled from Crystal design; visual review pending,0,,True
1303_PurchaseOrderHeader_Slip.rpt,1303_PurchaseOrderHeader_Slip.jrxml,compiled from Crystal design; visual review pending,0,,True
1304_ServicesBillHeader_Slip.rpt,1304_ServicesBillHeader_Slip.jrxml,compiled from Crystal design; visual review pending,0,,True
131-1st_Level.rpt,131-1st_Level.jrxml,compiled from Crystal design; visual review pending,2,section TSection11 extended 2 points to contain its objects | section TSection7 extended 2 points to contain its objects,True
131-2nd_level.rpt,131-2nd_level.jrxml,compiled from Crystal design; visual review pending,2,section TSection1 contains objects 2 points outside the printable width | section GroupHeaderSection2 extended 2 points to contain its objects,True
131-3rd_Level.rpt,131-3rd_Level.jrxml,compiled from Crystal design; visual review pending,2,section PageHeaderSection1 contains objects 2 points outside the printable width | section GroupHeaderSection2 extended 2 points to contain its objects,True
131-4th_Level.rpt,131-4th_Level.jrxml,compiled from Crystal design; visual review pending,1,section GroupFooterSection4 extended 2 points to contain its objects,True
131-AccountsTrialBalance.rpt,131-AccountsTrialBalance.jrxml,compiled from Crystal design; visual review pending,0,,True
131-AccountsTrialBalanceLevelWise (1).rpt,131-AccountsTrialBalanceLevelWise (1).jrxml,compiled from Crystal design; visual review pending,3,section TSection1 extended 3 points to contain its objects | section TSection1 contains objects 2 points outside the printable width | section GroupHeaderSection2 extended 2 points to contain its objects,True
131-AccountsTrialBalanceLevelWise.rpt,131-AccountsTrialBalanceLevelWise.jrxml,compiled from Crystal design; visual review pending,1,section TSection1 contains objects 2 points outside the printable width,True
132-PaymentByInvoiceSlipNew_Report (1).rpt,132-PaymentByInvoiceSlipNew_Report (1).jrxml,compiled from Crystal design; visual review pending,1,section ReportFooterSection1 extended 2 points to contain its objects,True
132-PaymentByInvoiceSlipNew_Report.rpt,132-PaymentByInvoiceSlipNew_Report.jrxml,compiled from Crystal design; visual review pending,1,section ReportFooterSection1 extended 2 points to contain its objects,True
133-PaymentbyInvoice_Summary&Detail.rpt,133-PaymentbyInvoice_Summary&Detail.jrxml,compiled from Crystal design; visual review pending,0,,True
134-InventoryPayablesandReceivables.rpt,134-InventoryPayablesandReceivables.jrxml,compiled from Crystal design; visual review pending,5,section ReportHeaderSection2 contains objects 12 points outside the printable width | section ReportHeaderSection1 contains objects 12 points outside the printable width | section PageHeaderSection1 contains objects 12 points outside the printable width | section ReportFooterSection1 contains objects 12 points outside the printable width | section PageFooterSection1 contains objects 12 points outside the printable width,True
134_PayablesAndReceivablesWithPaymentAndReceipts.rpt,134_PayablesAndReceivablesWithPaymentAndReceipts.jrxml,compiled from Crystal design; visual review pending,0,,True
134A-InventoryPayablesandReceivables.rpt,134A-InventoryPayablesandReceivables.jrxml,compiled from Crystal design; visual review pending,0,,True
135-AcRptTrialBalancesUpTo5Level.rpt,135-AcRptTrialBalancesUpTo5Level.jrxml,compiled from Crystal design; visual review pending,2,section PageHeaderSection4 extended 5 points to contain its objects | section ReportFooterSection1 contains objects 148 points outside the printable width,True
135-AcRptTrialBalancesUpTo5Level2.rpt,135-AcRptTrialBalancesUpTo5Level2.jrxml,compiled from Crystal design; visual review pending,2,section PageHeaderSection4 extended 5 points to contain its objects | section ReportFooterSection1 contains objects 148 points outside the printable width,True
135-AcRptTrialBalancesUpTo5Level6Column.rpt,135-AcRptTrialBalancesUpTo5Level6Column.jrxml,compiled from Crystal design; visual review pending,2,section PageHeaderSection4 extended 4 points to contain its objects | section ReportFooterSection1 contains objects 118 points outside the printable width,True
136-AcRptTrialBalancesTwoColumn.rpt,136-AcRptTrialBalancesTwoColumn.jrxml,compiled from Crystal design; visual review pending,0,,True
136-AcRptTrialBalancesTwoColumn1.rpt,136-AcRptTrialBalancesTwoColumn1.jrxml,compiled from Crystal design; visual review pending,0,,True
137-AcRptTrialBalancesFourColumn.rpt,137-AcRptTrialBalancesFourColumn.jrxml,compiled from Crystal design; visual review pending,1,section PageHeaderSection5 extended 5 points to contain its objects,True
137-AcRptTrialBalancesFourColumn1.rpt,137-AcRptTrialBalancesFourColumn1.jrxml,compiled from Crystal design; visual review pending,0,,True
138-AcRptTrialBalanceSixColumn.rpt,138-AcRptTrialBalanceSixColumn.jrxml,compiled from Crystal design; visual review pending,0,,True
138-AcRptTrialBalanceSixColumn1.rpt,138-AcRptTrialBalanceSixColumn1.jrxml,compiled from Crystal design; visual review pending,0,,True
141-AccountPayablesWithLastBillAmountAndDate-old.rpt,141-AccountPayablesWithLastBillAmountAndDate-old.jrxml,compiled from Crystal design; visual review pending,0,,True
141-AccountPayablesWithLastBillAmountAndDate.rpt,141-AccountPayablesWithLastBillAmountAndDate.jrxml,compiled from Crystal design; visual review pending,0,,True
142-DueByDatePayablesAndReceivables.rpt,142-DueByDatePayablesAndReceivables.jrxml,compiled from Crystal design; visual review pending,1,section PageHeaderSection2 extended 2 points to contain its objects,True
143_01_Hierarchy_ProfitLoss.rpt,143_01_Hierarchy_ProfitLoss.jrxml,compiled from Crystal design; visual review pending,2,section PageHeaderSection3 extended 2 points to contain its objects | section ReportFooterSection1 contains objects 82 points outside the printable width,True
143_02_ProfitLossBreakUp.rpt,143_02_ProfitLossBreakUp.jrxml,compiled from Crystal design; visual review pending,1,section PageHeaderSection2 extended 2 points to contain its objects,True
144-DayBookSlip.rpt,144-DayBookSlip.jrxml,compiled from Crystal design; visual review pending,1,section PageHeaderSection1 extended 2 points to contain its objects,True
144-InvGdn_Slip.rpt,144-InvGdn_Slip.jrxml,compiled from Crystal design; visual review pending,0,,True
145-PurchaseInvoiceReturn_StoreItemSlip.rpt,145-PurchaseInvoiceReturn_StoreItemSlip.jrxml,compiled from Crystal design; visual review pending,0,,True
145A-PurchaseInvoiceReturn_StorePartySlip.rpt,145A-PurchaseInvoiceReturn_StorePartySlip.jrxml,compiled from Crystal design; visual review pending,0,,True
146-OutstandingOrderWithLedgerBalance.rpt,146-OutstandingOrderWithLedgerBalance.jrxml,compiled from Crystal design; visual review pending,0,,True
147-ChequeBookRegister.rpt,147-ChequeBookRegister.jrxml,compiled from Crystal design; visual review pending,0,,True
147_PurchasePreBillSlip.rpt,147_PurchasePreBillSlip.jrxml,compiled from Crystal design; visual review pending,1,section PageHeaderSection2 extended 3 points to contain its objects,True
148_DeliveryChallanSlip.rpt,148_DeliveryChallanSlip.jrxml,compiled from Crystal design; visual review pending,2,section PageHeaderSection2 extended 3 points to contain its objects | section DetailSection1 extended 2 points to contain its objects,True
1503-InvGrnSlip.rpt,1503-InvGrnSlip.jrxml,compiled from Crystal design; visual review pending,2,[InvContractorWagesSubReport.rpt] section ReportHeaderSection1 extended 33 points to contain its objects | [InvContractorWagesSubReport.rpt] section GroupHeaderSection2 extended 3 points to contain its objects,True
1505-InvPurchaseInvoiceRegister.rpt,1505-InvPurchaseInvoiceRegister.jrxml,compiled from Crystal design; visual review pending,0,,True
1508-PurchaseBillSupplierRiceItemSlip.rpt,1508-PurchaseBillSupplierRiceItemSlip.jrxml,compiled from Crystal design; visual review pending,2,section PageHeaderSection2 extended 3 points to contain its objects | section GroupFooterSection2 extended 2 points to contain its objects,True
1508A-InvPurchaseInvoicePartySlip.rpt,1508A-InvPurchaseInvoicePartySlip.jrxml,compiled from Crystal design; visual review pending,1,section PageHeaderSection2 extended 5 points to contain its objects,True
1510-PurchaseInvoiceDirectPartySlip.rpt,1510-PurchaseInvoiceDirectPartySlip.jrxml,compiled from Crystal design; visual review pending,3,section PageHeaderSection1 contains objects 2 points outside the printable width | section PageHeaderSection2 extended 2 points to contain its objects | section PageHeaderSection2 contains objects 2 points outside the printable width,True
1510A-PurchaseInvoiceDirectPartySlip.rpt,1510A-PurchaseInvoiceDirectPartySlip.jrxml,compiled from Crystal design; visual review pending,1,section PageHeaderSection2 extended 3 points to contain its objects,True
1511-SaleOrderSlipAndRegister.rpt,1511-SaleOrderSlipAndRegister.jrxml,compiled from Crystal design; visual review pending,4,section PageHeaderSection2 contains objects 12 points outside the printable width | section PageHeaderSection1 extended 2 points to contain its objects | section PageHeaderSection1 contains objects 12 points outside the printable width | section ReportFooterSection1 contains objects 12 points outside the printable width,True
1513-DeliveryOrderSlip.rpt,1513-DeliveryOrderSlip.jrxml,compiled from Crystal design; visual review pending,0,,True
1513-FoodProductionSummery_WithOutValue.rpt,1513-FoodProductionSummery_WithOutValue.jrxml,compiled from Crystal design; visual review pending,4,section PageHeaderSection1 contains objects 12 points outside the printable width | section PageHeaderSection3 contains objects 12 points outside the printable width | section ReportFooterSection1 contains objects 12 points outside the printable width | section PageFooterSection1 contains objects 12 points outside the printable width,True
1513A-DeliveryOrderSlip&Register.rpt,1513A-DeliveryOrderSlip&Register.jrxml,compiled from Crystal design; visual review pending,4,section PageHeaderSection2 contains objects 36 points outside the printable width | section PageHeaderSection1 contains objects 36 points outside the printable width | section ReportFooterSection1 contains objects 36 points outside the printable width | section PageFooterSection1 contains objects 36 points outside the printable width,True
1513A_ProductionSummeryWithValues.rpt,1513A_ProductionSummeryWithValues.jrxml,compiled from Crystal design; visual review pending,3,section PageHeaderSection3 extended 3 points to contain its objects | section ReportFooterSection3 contains objects 6 points outside the printable width | section PageFooterSection1 contains objects 5 points outside the printable width,True
1514-FoodProductionOverHead_Slip.rpt,1514-FoodProductionOverHead_Slip.jrxml,compiled from Crystal design; visual review pending,0,,True
1514-FoodProductionOverHeadJobOrderWise_Slip.rpt,1514-FoodProductionOverHeadJobOrderWise_Slip.jrxml,compiled from Crystal design; visual review pending,0,,True
1514-InvRepSaleBillCustomer.rpt,1514-InvRepSaleBillCustomer.jrxml,compiled from Crystal design; visual review pending,1,section PageHeaderSection1 extended 3 points to contain its objects,True
1514A-SaleBillCustomer-Format-II.rpt,1514A-SaleBillCustomer-Format-II.jrxml,compiled from Crystal design; visual review pending,0,,True
1515-InvRptGdnSlipAndRegister.rpt,1515-InvRptGdnSlipAndRegister.jrxml,compiled from Crystal design; visual review pending,3,section PageHeaderSection2 contains objects 12 points outside the printable width | section PageHeaderSection1 contains objects 14 points outside the printable width | section ReportFooterSection1 contains objects 12 points outside the printable width,True
1515A-InvRptGdnSlipDliveryChallan.rpt,1515A-InvRptGdnSlipDliveryChallan.jrxml,compiled from Crystal design; visual review pending,0,,True
1516-SaleInvoiceCustomerBill.rpt,1516-SaleInvoiceCustomerBill.jrxml,compiled from Crystal design; visual review pending,4,section ReportHeaderSection1 contains objects 24 points outside the printable width | section PageHeaderSection1 extended 3 points to contain its objects | section PageHeaderSection1 contains objects 24 points outside the printable width | section ReportFooterSection1 contains objects 24 points outside the printable width,True
1516A-SaleBillDirectSupplierBill.rpt,1516A-SaleBillDirectSupplierBill.jrxml,compiled from Crystal design; visual review pending,4,section PageHeaderSection1 contains objects 2 points outside the printable width | section ReportFooterSection3 contains objects 16 points outside the printable width | [InvRptPurchaseBillSupplierOthers] section ReportHeaderSection1 contains objects 17 points outside the printable width | [InvRptPurchaseBillSupplierOthers] section ReportFooterSection1 contains objects 17 points outside the printable width,True
1517-DeliveryOrderRegister.rpt,1517-DeliveryOrderRegister.jrxml,compiled from Crystal design; visual review pending,0,,True
1518-SaleInvoiceRegister.rpt,1518-SaleInvoiceRegister.jrxml,compiled from Crystal design; visual review pending,0,,True
1519-SaleInvoicePackingMaterial.rpt,1519-SaleInvoicePackingMaterial.jrxml,compiled from Crystal design; visual review pending,0,,True
1520-InvRptGatePassOutwardRegister.rpt,1520-InvRptGatePassOutwardRegister.jrxml,compiled from Crystal design; visual review pending,1,section PageHeaderSection2 extended 2 points to contain its objects,True
1521-InvGdn_SlipAndRegisterReport.rpt,1521-InvGdn_SlipAndRegisterReport.jrxml,compiled from Crystal design; visual review pending,6,section PageHeaderSection2 contains objects 4 points outside the printable width | section PageHeaderSection3 contains objects 4 points outside the printable width | section PageHeaderSection1 contains objects 4 points outside the printable width | section ReportFooterSection1 contains objects 4 points outside the printable width | section ReportFooterSection3 contains objects 4 points outside the printable width | section PageFooterSection1 contains objects 4 points outside the printable width,True
1522-SalesRegisterSummary.rpt,1522-SalesRegisterSummary.jrxml,compiled from Crystal design; visual review pending,0,,True
1523-SalesRegisterSummaryByCustomer.rpt,1523-SalesRegisterSummaryByCustomer.jrxml,compiled from Crystal design; visual review pending,5,section PageHeaderSection5 contains objects 10 points outside the printable width | section PageHeaderSection1 contains objects 10 points outside the printable width | section PageHeaderSection4 contains objects 10 points outside the printable width | section ReportFooterSection1 contains objects 10 points outside the printable width | section PageFooterSection1 contains objects 10 points outside the printable width,True
1524-SalesRegisterSummaryByItem.rpt,1524-SalesRegisterSummaryByItem.jrxml,compiled from Crystal design; visual review pending,1,section PageHeaderSection1 extended 3 points to contain its objects,True
1524_04-PurchaseRegisterSummaryByItem&PackSize.rpt,1524_04-PurchaseRegisterSummaryByItem&PackSize.jrxml,compiled from Crystal design; visual review pending,1,section PageHeaderSection1 extended 3 points to contain its objects,True
1525-SalesRegisterSummaryByCustomer&Item.rpt,1525-SalesRegisterSummaryByCustomer&Item.jrxml,compiled from Crystal design; visual review pending,5,section PageHeaderSection5 contains objects 24 points outside the printable width | section PageHeaderSection1 contains objects 28 points outside the printable width | section PageHeaderSection4 contains objects 24 points outside the printable width | section ReportFooterSection1 contains objects 24 points outside the printable width | section PageFooterSection1 contains objects 24 points outside the printable width,True
1526-SalesRegisterSummaryByItemWithoutPacking.rpt,1526-SalesRegisterSummaryByItemWithoutPacking.jrxml,compiled from Crystal design; visual review pending,0,,True
1527-SalesRegisterSummaryByWarehouse.rpt,1527-SalesRegisterSummaryByWarehouse.jrxml,compiled from Crystal design; visual review pending,5,section PageHeaderSection5 contains objects 26 points outside the printable width | section PageHeaderSection1 contains objects 26 points outside the printable width | section PageHeaderSection4 contains objects 26 points outside the printable width | section ReportFooterSection1 contains objects 26 points outside the printable width | section PageFooterSection1 contains objects 26 points outside the printable width,True
1528-PurchaseRegisterSummary.rpt,1528-PurchaseRegisterSummary.jrxml,compiled from Crystal design; visual review pending,0,,True
1528_01-PurchaseRegisterSummaryBySupplier.rpt,1528_01-PurchaseRegisterSummaryBySupplier.jrxml,compiled from Crystal design; visual review pending,0,,True
1528_02-PurchaseRegisterSummaryByItem.rpt,1528_02-PurchaseRegisterSummaryByItem.jrxml,compiled from Crystal design; visual review pending,1,section PageHeaderSection1 extended 3 points to contain its objects,True
1528_03-PurchaseRegisterSummaryByItem&City.rpt,1528_03-PurchaseRegisterSummaryByItem&City.jrxml,compiled from Crystal design; visual review pending,1,section PageHeaderSection1 extended 3 points to contain its objects,True
1528_05-SalesRegisterSummaryByItem&Warehouse.rpt,1528_05-SalesRegisterSummaryByItem&Warehouse.jrxml,compiled from Crystal design; visual review pending,5,section PageHeaderSection5 contains objects 26 points outside the printable width | section PageHeaderSection1 contains objects 26 points outside the printable width | section PageHeaderSection4 contains objects 26 points outside the printable width | section ReportFooterSection1 contains objects 26 points outside the printable width | section PageFooterSection1 contains objects 26 points outside the printable width,True
1528_06-PurchaseSummaryByItemPackSize&City.rpt,1528_06-PurchaseSummaryByItemPackSize&City.jrxml,compiled from Crystal design; visual review pending,0,,True
1528_07-PurchaseRegisterSummaryBySupplier&Item.rpt,1528_07-PurchaseRegisterSummaryBySupplier&Item.jrxml,compiled from Crystal design; visual review pending,5,section PageHeaderSection5 contains objects 24 points outside the printable width | section PageHeaderSection1 contains objects 28 points outside the printable width | section PageHeaderSection4 contains objects 24 points outside the printable width | section ReportFooterSection1 contains objects 24 points outside the printable width | section PageFooterSection1 contains objects 24 points outside the printable width,True
1528_08-PurchaseSummaryBySupplier&City.rpt,1528_08-PurchaseSummaryBySupplier&City.jrxml,compiled from Crystal design; visual review pending,2,section PageHeaderSection1 extended 2 points to contain its objects | section PageFooterSection1 contains objects 2 points outside the printable width,True
1528_09-PurchaseSummaryBySupplierItem&City.rpt,1528_09-PurchaseSummaryBySupplierItem&City.jrxml,compiled from Crystal design; visual review pending,5,section PageHeaderSection5 contains objects 10 points outside the printable width | section PageHeaderSection1 contains objects 10 points outside the printable width | section PageHeaderSection4 contains objects 10 points outside the printable width | section ReportFooterSection1 contains objects 10 points outside the printable width | section PageFooterSection1 contains objects 10 points outside the printable width,True
1528_10-PurchaseSummaryBySupplier&PackSize.rpt,1528_10-PurchaseSummaryBySupplier&PackSize.jrxml,compiled from Crystal design; visual review pending,5,section PageHeaderSection5 contains objects 10 points outside the printable width | section PageHeaderSection1 contains objects 10 points outside the printable width | section PageHeaderSection4 contains objects 10 points outside the printable width | section ReportFooterSection1 contains objects 11 points outside the printable width | section PageFooterSection1 contains objects 10 points outside the printable width,True
1528_11-PurchaseSummaryByParentCategory.rpt,1528_11-PurchaseSummaryByParentCategory.jrxml,compiled from Crystal design; visual review pending,0,,True
1528_12-PurchaseSummaryByParentCategory&Item.rpt,1528_12-PurchaseSummaryByParentCategory&Item.jrxml,compiled from Crystal design; visual review pending,5,section PageHeaderSection5 contains objects 10 points outside the printable width | section PageHeaderSection1 contains objects 10 points outside the printable width | section PageHeaderSection4 contains objects 10 points outside the printable width | section ReportFooterSection1 contains objects 10 points outside the printable width | section PageFooterSection1 contains objects 11 points outside the printable width,True
1528_13-PurchaseSummaryByParentCategory&Supplier.rpt,1528_13-PurchaseSummaryByParentCategory&Supplier.jrxml,compiled from Crystal design; visual review pending,0,,True
1529-SalesSummaryByCustomer&City.rpt,1529-SalesSummaryByCustomer&City.jrxml,compiled from Crystal design; visual review pending,1,section PageHeaderSection1 extended 2 points to contain its objects,True
153-BalanceSheetStatementRpt.rpt,153-BalanceSheetStatementRpt.jrxml,compiled from Crystal design; visual review pending,1,section PageHeaderSection4 extended 4 points to contain its objects,True
153-FCYPayablesAndReceivablesRpt.rpt,153-FCYPayablesAndReceivablesRpt.jrxml,compiled from Crystal design; visual review pending,1,section GroupFooterSection1 extended 2 points to contain its objects,True
153-FCYPayablesAndReceivablesRpt1.rpt,153-FCYPayablesAndReceivablesRpt1.jrxml,compiled from Crystal design; visual review pending,0,,True
153-FCYPayablesAndReceivablesRpt2.rpt,153-FCYPayablesAndReceivablesRpt2.jrxml,compiled from Crystal design; visual review pending,1,section GroupFooterSection1 extended 2 points to contain its objects,True
1530-SalesSummaryByItemPackSize&City.rpt,1530-SalesSummaryByItemPackSize&City.jrxml,compiled from Crystal design; visual review pending,0,,True
1531-SalesSummaryByCustomerItem&City.rpt,1531-SalesSummaryByCustomerItem&City.jrxml,compiled from Crystal design; visual review pending,5,section PageHeaderSection5 contains objects 10 points outside the printable width | section PageHeaderSection1 contains objects 10 points outside the printable width | section PageHeaderSection4 contains objects 10 points outside the printable width | section ReportFooterSection1 contains objects 10 points outside the printable width | section PageFooterSection1 contains objects 10 points outside the printable width,True
1532-SalesSummaryByCustomer&PackSize.rpt,1532-SalesSummaryByCustomer&PackSize.jrxml,compiled from Crystal design; visual review pending,6,section PageHeaderSection5 contains objects 10 points outside the printable width | section PageHeaderSection1 extended 2 points to contain its objects | section PageHeaderSection1 contains objects 10 points outside the printable width | section PageHeaderSection4 contains objects 10 points outside the printable width | section ReportFooterSection1 contains objects 10 points outside the printable width | section PageFooterSection1 contains objects 10 points outside the printable width,True
1533-SalesSummaryByParentCategory.rpt,,extraction or conversion failed,1,source RPT is empty,True
1534-SalesSummaryByParentCategory&Item.rpt,1534-SalesSummaryByParentCategory&Item.jrxml,compiled from Crystal design; visual review pending,5,section PageHeaderSection5 contains objects 10 points outside the printable width | section PageHeaderSection1 contains objects 10 points outside the printable width | section PageHeaderSection4 contains objects 10 points outside the printable width | section ReportFooterSection1 contains objects 10 points outside the printable width | section PageFooterSection1 contains objects 10 points outside the printable width,True
1535-SalesSummaryByParentCategory&Customer.rpt,1535-SalesSummaryByParentCategory&Customer.jrxml,compiled from Crystal design; visual review pending,0,,True
1536-InvRptSaleRegisterDetail.rpt,1536-InvRptSaleRegisterDetail.jrxml,compiled from Crystal design; visual review pending,0,,True
1537-InvRptSaleBillRegister.rpt,1537-InvRptSaleBillRegister.jrxml,compiled from Crystal design; visual review pending,1,section PageHeaderSection2 extended 3 points to contain its objects,True
1538-InvRptSale BillActivity.rpt,1538-InvRptSale BillActivity.jrxml,compiled from Crystal design; visual review pending,6,section ReportHeaderSection1 contains objects 8 points outside the printable width | section PageHeaderSection3 contains objects 8 points outside the printable width | section PageHeaderSection4 contains objects 8 points outside the printable width | section PageHeaderSection1 contains objects 8 points outside the printable width | section ReportFooterSection1 contains objects 8 points outside the printable width | section PageFooterSection1 contains objects 8 points outside the printable width,True
1539-InvRptSaleRegisterDetail.rpt,1539-InvRptSaleRegisterDetail.jrxml,compiled from Crystal design; visual review pending,0,,True
154-Payables&Receiveableaging-Rpt.rpt,154-Payables&Receiveableaging-Rpt.jrxml,compiled from Crystal design; visual review pending,0,,True
1540-InvRptSale BillActivity.rpt,1540-InvRptSale BillActivity.jrxml,compiled from Crystal design; visual review pending,1,section PageHeaderSection3 extended 2 points to contain its objects,True
1541-InvRptSaleBillRegister.rpt,1541-InvRptSaleBillRegister.jrxml,compiled from Crystal design; visual review pending,0,,True
1542-ItemStockSummary.rpt,1542-ItemStockSummary.jrxml,compiled from Crystal design; visual review pending,0,,True
1543-ItemandWarehouseStockSummary.rpt,1543-ItemandWarehouseStockSummary.jrxml,compiled from Crystal design; visual review pending,1,section GroupHeaderSection1 extended 2 points to contain its objects,True
1544-WarehouseAndItemStockSummary.rpt,1544-WarehouseAndItemStockSummary.jrxml,compiled from Crystal design; visual review pending,0,,True
1545-WarehouseandJoblotandItemStockSummary.rpt,1545-WarehouseandJoblotandItemStockSummary.jrxml,compiled from Crystal design; visual review pending,1,section PageHeaderSection3 extended 2 points to contain its objects,True
1546-ItemandPackSizeStockSummary.rpt,1546-ItemandPackSizeStockSummary.jrxml,compiled from Crystal design; visual review pending,0,,True
1547-JobLotandItemStockSummary.rpt,1547-JobLotandItemStockSummary.jrxml,compiled from Crystal design; visual review pending,0,,True
1548-ItemandPackingTypeStockSummary.rpt,1548-ItemandPackingTypeStockSummary.jrxml,compiled from Crystal design; visual review pending,0,,True
1549-ItemandPackSizeandPackingTypeStockSummary.rpt,1549-ItemandPackSizeandPackingTypeStockSummary.jrxml,compiled from Crystal design; visual review pending,1,section PageHeaderSection3 extended 2 points to contain its objects,True
155-JobManagementDetail.rpt,155-JobManagementDetail.jrxml,compiled from Crystal design; visual review pending,0,,True
1550-ItemStockSummary.rpt,1550-ItemStockSummary.jrxml,compiled from Crystal design; visual review pending,6,section ReportHeaderSection1 contains objects 36 points outside the printable width | section PageHeaderSection2 contains objects 36 points outside the printable width | section PageHeaderSection3 contains objects 36 points outside the printable width | section PageHeaderSection1 contains objects 36 points outside the printable width | section ReportFooterSection1 contains objects 36 points outside the printable width | section PageFooterSection1 contains objects 36 points outside the printable width,True
1551-ItemandWarehouseStockSummary.rpt,1551-ItemandWarehouseStockSummary.jrxml,compiled from Crystal design; visual review pending,6,section ReportHeaderSection1 contains objects 36 points outside the printable width | section PageHeaderSection2 contains objects 36 points outside the printable width | section PageHeaderSection3 contains objects 36 points outside the printable width | section PageHeaderSection1 contains objects 36 points outside the printable width | section ReportFooterSection1 contains objects 36 points outside the printable width | section PageFooterSection1 contains objects 36 points outside the printable width,True
1552-WarehouseAndItemStockSummary.rpt,1552-WarehouseAndItemStockSummary.jrxml,compiled from Crystal design; visual review pending,6,section ReportHeaderSection1 contains objects 36 points outside the printable width | section PageHeaderSection2 contains objects 36 points outside the printable width | section PageHeaderSection3 contains objects 36 points outside the printable width | section PageHeaderSection1 contains objects 36 points outside the printable width | section ReportFooterSection1 contains objects 36 points outside the printable width | section PageFooterSection1 contains objects 36 points outside the printable width,True
1553-JobLotandItemStockSummary.rpt,1553-JobLotandItemStockSummary.jrxml,compiled from Crystal design; visual review pending,6,section ReportHeaderSection1 contains objects 36 points outside the printable width | section PageHeaderSection2 contains objects 36 points outside the printable width | section PageHeaderSection3 contains objects 36 points outside the printable width | section PageHeaderSection1 contains objects 36 points outside the printable width | section ReportFooterSection1 contains objects 36 points outside the printable width | section PageFooterSection1 contains objects 36 points outside the printable width,True
1554-WarehouseandJoblotandItemStockSummary.rpt,1554-WarehouseandJoblotandItemStockSummary.jrxml,compiled from Crystal design; visual review pending,6,section ReportHeaderSection1 contains objects 36 points outside the printable width | section PageHeaderSection2 contains objects 36 points outside the printable width | section PageHeaderSection3 contains objects 36 points outside the printable width | section PageHeaderSection1 contains objects 36 points outside the printable width | section ReportFooterSection1 contains objects 36 points outside the printable width | section PageFooterSection1 contains objects 36 points outside the printable width,True
1555-ItemandPackSizeStockSummary.rpt,1555-ItemandPackSizeStockSummary.jrxml,compiled from Crystal design; visual review pending,6,section ReportHeaderSection1 contains objects 36 points outside the printable width | section PageHeaderSection2 contains objects 36 points outside the printable width | section PageHeaderSection3 contains objects 36 points outside the printable width | section PageHeaderSection1 contains objects 36 points outside the printable width | section ReportFooterSection1 contains objects 36 points outside the printable width | section PageFooterSection1 contains objects 36 points outside the printable width,True
1556-ItemandPackingTypeStockSummary.rpt,1556-ItemandPackingTypeStockSummary.jrxml,compiled from Crystal design; visual review pending,6,section ReportHeaderSection1 contains objects 36 points outside the printable width | section PageHeaderSection2 contains objects 36 points outside the printable width | section PageHeaderSection3 contains objects 36 points outside the printable width | section PageHeaderSection1 contains objects 36 points outside the printable width | section ReportFooterSection1 contains objects 36 points outside the printable width | section PageFooterSection1 contains objects 36 points outside the printable width,True
1557-ItemandPackSizeandPackingTypeStockSummary.rpt,1557-ItemandPackSizeandPackingTypeStockSummary.jrxml,compiled from Crystal design; visual review pending,6,section ReportHeaderSection1 contains objects 36 points outside the printable width | section PageHeaderSection2 contains objects 36 points outside the printable width | section PageHeaderSection3 contains objects 36 points outside the printable width | section PageHeaderSection1 contains objects 36 points outside the printable width | section ReportFooterSection1 contains objects 36 points outside the printable width | section PageFooterSection1 contains objects 36 points outside the printable width,True
1558-CommissionAgentTrade_Register.rpt,1558-CommissionAgentTrade_Register.jrxml,compiled from Crystal design; visual review pending,6,section ReportHeaderSection1 contains objects 36 points outside the printable width | section PageHeaderSection2 contains objects 36 points outside the printable width | section PageHeaderSection3 contains objects 36 points outside the printable width | section PageHeaderSection1 contains objects 36 points outside the printable width | section ReportFooterSection1 contains objects 36 points outside the printable width | section PageFooterSection1 contains objects 36 points outside the printable width,True
1558-CommissionTradePurchaseRpt.rpt,1558-CommissionTradePurchaseRpt.jrxml,compiled from Crystal design; visual review pending,0,,True
1558-InvStockRptInventoryTransactionsA.rpt,1558-InvStockRptInventoryTransactionsA.jrxml,compiled from Crystal design; visual review pending,0,,True
1559-CommissionTradeSaleRpt.rpt,1559-CommissionTradeSaleRpt.jrxml,compiled from Crystal design; visual review pending,0,,True
156-FcyGeneralLedger.rpt,156-FcyGeneralLedger.jrxml,compiled from Crystal design; visual review pending,0,,True
1560-CommissionTradeAllRpt.rpt,1560-CommissionTradeAllRpt.jrxml,compiled from Crystal design; visual review pending,0,,True
1560-CommissionTradeDetailBuyer.rpt,1560-CommissionTradeDetailBuyer.jrxml,compiled from Crystal design; visual review pending,0,,True
1560-CommissionTradeDetailSupplier.rpt,1560-CommissionTradeDetailSupplier.jrxml,compiled from Crystal design; visual review pending,0,,True
1560-StockRptInventoryTransactionsNew.rpt,1560-StockRptInventoryTransactionsNew.jrxml,compiled from Crystal design; visual review pending,0,,True
1561-DocumentWiseProfitAndLossAll.rpt,1561-DocumentWiseProfitAndLossAll.jrxml,compiled from Crystal design; visual review pending,0,,True
1561-InvStockRptInventoryTransactionsNew.rpt,1561-InvStockRptInventoryTransactionsNew.jrxml,compiled from Crystal design; visual review pending,1,section DetailSection1 extended 2 points to contain its objects,True
1562-DocumentWiseProfitAndLossPurchase.rpt,1562-DocumentWiseProfitAndLossPurchase.jrxml,compiled from Crystal design; visual review pending,0,,True
1562-ExportCommentariesByJobLot.rpt,1562-ExportCommentariesByJobLot.jrxml,compiled from Crystal design; visual review pending,8,section PageHeaderSection2 contains objects 24 points outside the printable width | section PageHeaderSection3 contains objects 24 points outside the printable width | section PageHeaderSection5 contains objects 24 points outside the printable width | section PageHeaderSection1 contains objects 24 points outside the printable width | section ReportFooterSection2 contains objects 24 points outside the printable width | section ReportFooterSection3 contains objects 24 points outside the printable width | section ReportFooterSection1 contains objects 24 points outside the printable width | section PageFooterSection1 contains objects 24 points outside the printable width,True
1563-DocumentWiseProfitAndLossSale.rpt,1563-DocumentWiseProfitAndLossSale.jrxml,compiled from Crystal design; visual review pending,0,,True
1563-ProductionJobOrderSlip.rpt,1563-ProductionJobOrderSlip.jrxml,compiled from Crystal design; visual review pending,0,,True
1564-VehicleWiseProfitAndLossSale.rpt,1564-VehicleWiseProfitAndLossSale.jrxml,compiled from Crystal design; visual review pending,0,,True
1565-VehicleWiseProfitAndLossPurcahase.rpt,1565-VehicleWiseProfitAndLossPurcahase.jrxml,compiled from Crystal design; visual review pending,0,,True
1566-VehicleWiseProfitAndLossAll.rpt,1566-VehicleWiseProfitAndLossAll.jrxml,compiled from Crystal design; visual review pending,1,section PageHeaderSection1 contains objects 2 points outside the printable width,True
158-InvStockAdjustmentPartyProcessingSlip.rpt,158-InvStockAdjustmentPartyProcessingSlip.jrxml,compiled from Crystal design; visual review pending,1,section PageHeaderSection3 extended 3 points to contain its objects,True
159-PayablesAndReceivablebetweenPeriod.rpt,159-PayablesAndReceivablebetweenPeriod.jrxml,compiled from Crystal design; visual review pending,0,,True
160-WagesRegister.rpt,160-WagesRegister.jrxml,compiled from Crystal design; visual review pending,1,section PageHeaderSection1 contains objects 3 points outside the printable width,True
1600-PurchaseOrder_Slip_Engr.rpt,1600-PurchaseOrder_Slip_Engr.jrxml,compiled from Crystal design; visual review pending,0,,True
1601-InwardGatePassSlipEngr.rpt,1601-InwardGatePassSlipEngr.jrxml,compiled from Crystal design; visual review pending,0,,True
1602-GoodsReceiptsNotesSlip.rpt,1602-GoodsReceiptsNotesSlip.jrxml,compiled from Crystal design; visual review pending,0,,True
1602_01-GoodsReceiptsNotesSlip.rpt,1602_01-GoodsReceiptsNotesSlip.jrxml,compiled from Crystal design; visual review pending,0,,True
1603-PurchaseBillSupplier_Engr_ItemSlip.rpt,1603-PurchaseBillSupplier_Engr_ItemSlip.jrxml,compiled from Crystal design; visual review pending,2,[InvRptPurchaseBillSupplierOthers.rpt] section ReportHeaderSection1 contains objects 2 points outside the printable width | [InvRptPurchaseBillSupplierOthers.rpt] section ReportFooterSection1 contains objects 2 points outside the printable width,True
1603A-PurchaseInvoice_Engr_PartySlip.rpt,1603A-PurchaseInvoice_Engr_PartySlip.jrxml,compiled from Crystal design; visual review pending,1,section PageHeaderSection2 extended 3 points to contain its objects,True
1604-PurchaseInvoiceDirect_Engr_ItemSlip.rpt,1604-PurchaseInvoiceDirect_Engr_ItemSlip.jrxml,compiled from Crystal design; visual review pending,1,section PageHeaderSection2 extended 2 points to contain its objects,True
1604A-PurchaseInvoiceDirect_Engr_PartySlip.rpt,1604A-PurchaseInvoiceDirect_Engr_PartySlip.jrxml,compiled from Crystal design; visual review pending,1,section PageHeaderSection2 extended 2 points to contain its objects,True
1605-SaleOrderSlipAndRegister_Engr.rpt,1605-SaleOrderSlipAndRegister_Engr.jrxml,compiled from Crystal design; visual review pending,0,,True
1605_01_OrderRegister.rpt,1605_01_OrderRegister.jrxml,compiled from Crystal design; visual review pending,0,,True
1605_02_OrderSummaryByItem&PackSize.rpt,1605_02_OrderSummaryByItem&PackSize.jrxml,compiled from Crystal design; visual review pending,0,,True
"1605_03_OrderSummaryByItem,PackSize&City.rpt","1605_03_OrderSummaryByItem,PackSize&City.jrxml",compiled from Crystal design; visual review pending,2,section PageHeaderSection3 extended 2 points to contain its objects | section PageHeaderSection6 extended 2 points to contain its objects,True
1605_04_OrderSummaryByCustomer&PackSize.rpt,1605_04_OrderSummaryByCustomer&PackSize.jrxml,compiled from Crystal design; visual review pending,0,,True
1605_05_OrderSummaryByItem.rpt,1605_05_OrderSummaryByItem.jrxml,compiled from Crystal design; visual review pending,0,,True
1605_06_OrderSummaryByItem&City.rpt,1605_06_OrderSummaryByItem&City.jrxml,compiled from Crystal design; visual review pending,2,section PageHeaderSection3 extended 2 points to contain its objects | section PageHeaderSection6 extended 2 points to contain its objects,True
1605_07_OrderSummaryByCustomer.rpt,1605_07_OrderSummaryByCustomer.jrxml,compiled from Crystal design; visual review pending,1,section PageHeaderSection4 extended 2 points to contain its objects,True
1605_08_OrderSummaryByCustomer&City.rpt,1605_08_OrderSummaryByCustomer&City.jrxml,compiled from Crystal design; visual review pending,1,section PageHeaderSection3 extended 2 points to contain its objects,True
1605_09_OrderSummaryByCustomer&Item.rpt,1605_09_OrderSummaryByCustomer&Item.jrxml,compiled from Crystal design; visual review pending,2,section PageHeaderSection4 extended 2 points to contain its objects | section PageHeaderSection3 extended 2 points to contain its objects,True
"1605_10_OrderSummaryByCustomer,Item&City.rpt","1605_10_OrderSummaryByCustomer,Item&City.jrxml",compiled from Crystal design; visual review pending,1,section PageHeaderSection3 extended 2 points to contain its objects,True
1605_11_OrderSummaryByCustomer&Order.rpt,1605_11_OrderSummaryByCustomer&Order.jrxml,compiled from Crystal design; visual review pending,2,section PageHeaderSection4 extended 2 points to contain its objects | section PageHeaderSection3 extended 2 points to contain its objects,True
1605A-InvRptSalesOrderRegister.rpt,1605A-InvRptSalesOrderRegister.jrxml,compiled from Crystal design; visual review pending,1,section PageHeaderSection2 extended 3 points to contain its objects,True
1605B-InvRptSaleOderRegister.rpt,1605B-InvRptSaleOderRegister.jrxml,compiled from Crystal design; visual review pending,1,section PageHeaderSection2 extended 3 points to contain its objects,True
1606-DeliveryOrderSlip_Engr.rpt,1606-DeliveryOrderSlip_Engr.jrxml,compiled from Crystal design; visual review pending,0,,True
1606A-InvDeliveryOrderForApproval_Register.rpt,1606A-InvDeliveryOrderForApproval_Register.jrxml,compiled from Crystal design; visual review pending,1,section PageHeaderSection3 extended 2 points to contain its objects,True
1608-SaleInvoice_CustomerBillDirect_Engr.rpt,1608-SaleInvoice_CustomerBillDirect_Engr.jrxml,compiled from Crystal design; visual review pending,1,section PageHeaderSection2 extended 3 points to contain its objects,True
1608A-SaleInvoice_CustomerBillDirect_Engr.rpt,1608A-SaleInvoice_CustomerBillDirect_Engr.jrxml,compiled from Crystal design; visual review pending,2,section PageHeaderSection2 extended 2 points to contain its objects | [InvRptPurchaseBillSupplierOthers.rpt] section ReportFooterSection1 extended 2 points to contain its objects,True
1609-InvRepSaleBillCustomer.rpt,1609-InvRepSaleBillCustomer.jrxml,compiled from Crystal design; visual review pending,1,section GroupHeaderSection1 extended 3 points to contain its objects,True
1609A-InvRepSaleBillCustomer-Format-II.rpt,1609A-InvRepSaleBillCustomer-Format-II.jrxml,compiled from Crystal design; visual review pending,1,section PageHeaderSection1 extended 2 points to contain its objects,True
161-PrematurePaymentsReceipts.rpt,161-PrematurePaymentsReceipts.jrxml,compiled from Crystal design; visual review pending,1,section PageHeaderSection4 contains objects 2 points outside the printable width,True
1611-SaleInvoice_CustomerBillReturn_Engr.rpt,1611-SaleInvoice_CustomerBillReturn_Engr.jrxml,compiled from Crystal design; visual review pending,1,section PageHeaderSection2 extended 2 points to contain its objects,True
1611A-SaleInvoice_CustomerBillReturn_Engr.rpt,1611A-SaleInvoice_CustomerBillReturn_Engr.jrxml,compiled from Crystal design; visual review pending,2,section PageHeaderSection2 extended 4 points to contain its objects | [InvRptPurchaseBillSupplierOthers.rpt] section ReportFooterSection1 extended 2 points to contain its objects,True
1612-GdnRegister_Eng.rpt,1612-GdnRegister_Eng.jrxml,compiled from Crystal design; visual review pending,1,section PageHeaderSection4 extended 12 points to contain its objects,True
1612-InvGdn_Slip.rpt,1612-InvGdn_Slip.jrxml,compiled from Crystal design; visual review pending,1,section DetailSection1 extended 2 points to contain its objects,True
1614_WorkOrder_Slip.rpt,1614_WorkOrder_Slip.jrxml,compiled from Crystal design; visual review pending,1,section PageHeaderSection1 extended 3 points to contain its objects,True
1615-DepartmentRequestToConsumableStoreSlip.rpt,1615-DepartmentRequestToConsumableStoreSlip.jrxml,compiled from Crystal design; visual review pending,1,section ReportHeaderSection3 extended 2 points to contain its objects,True
1616-StoreIssuanceToConsumableStore_Slip.rpt,1616-StoreIssuanceToConsumableStore_Slip.jrxml,compiled from Crystal design; visual review pending,0,,True
1617_USP_BillOfMaterial_Slip.rpt,1617_USP_BillOfMaterial_Slip.jrxml,compiled from Crystal design; visual review pending,0,,True
1618-GoodsReceiptsNotesSlip.rpt,1618-GoodsReceiptsNotesSlip.jrxml,compiled from Crystal design; visual review pending,0,,True
1619-Production_Slip.rpt,1619-Production_Slip.jrxml,compiled from Crystal design; visual review pending,0,,True
1620_WorkOrderInProgress_Slip.rpt,1620_WorkOrderInProgress_Slip.jrxml,compiled from Crystal design; visual review pending,1,section PageHeaderSection1 extended 3 points to contain its objects,True
1621_WorkOrderSemiFinish_Slip.rpt,1621_WorkOrderSemiFinish_Slip.jrxml,compiled from Crystal design; visual review pending,1,section PageHeaderSection1 extended 3 points to contain its objects,True
1624-PurchaseByDetail.rpt,1624-PurchaseByDetail.jrxml,compiled from Crystal design; visual review pending,0,,True
1625-PurchaseByInvoices&Supplier.rpt,1625-PurchaseByInvoices&Supplier.jrxml,compiled from Crystal design; visual review pending,0,,True
1626-PurchaseBySupplier.rpt,1626-PurchaseBySupplier.jrxml,compiled from Crystal design; visual review pending,0,,True
1627-PurchaseBySupplier&Item.rpt,1627-PurchaseBySupplier&Item.jrxml,compiled from Crystal design; visual review pending,0,,True
"1628-PurchaseByItem,Category&ItemType.rpt","1628-PurchaseByItem,Category&ItemType.jrxml",compiled from Crystal design; visual review pending,0,,True
1629-PurchaseByCategory.rpt,1629-PurchaseByCategory.jrxml,compiled from Crystal design; visual review pending,0,,True
1630-PurchaseByItemType.rpt,1630-PurchaseByItemType.jrxml,compiled from Crystal design; visual review pending,0,,True
1631-PurchaseByPaymentTerms.rpt,1631-PurchaseByPaymentTerms.jrxml,compiled from Crystal design; visual review pending,0,,True
1632-PurchaseByCategory&PackSize.rpt,1632-PurchaseByCategory&PackSize.jrxml,compiled from Crystal design; visual review pending,0,,True
1633_USP_BillOfMaterial_Slip.rpt,1633_USP_BillOfMaterial_Slip.jrxml,compiled from Crystal design; visual review pending,0,,True
164-AcRptQuantativeLedger.rpt,164-AcRptQuantativeLedger.jrxml,compiled from Crystal design; visual review pending,2,section PageHeaderSection1 extended 2 points to contain its objects | section PageHeaderSection3 extended 9 points to contain its objects,True
164-WagesSummaryByContractorAndJobOrder.rpt,164-WagesSummaryByContractorAndJobOrder.jrxml,compiled from Crystal design; visual review pending,4,section PageHeaderSection1 extended 75 points to contain its objects | section PageHeaderSection4 contains objects 24 points outside the printable width | section ReportFooterSection1 contains objects 24 points outside the printable width | section PageFooterSection1 contains objects 24 points outside the printable width,True
1654_01_PurchaseRegisterSummary.rpt,1654_01_PurchaseRegisterSummary.jrxml,compiled from Crystal design; visual review pending,0,,True
1654_02_PurchaseByCustomer&Invoice.rpt,1654_02_PurchaseByCustomer&Invoice.jrxml,compiled from Crystal design; visual review pending,0,,True
1654_PurchaseInvoice_CustomerBillDirectSlip_Engr.rpt,1654_PurchaseInvoice_CustomerBillDirectSlip_Engr.jrxml,compiled from Crystal design; visual review pending,0,,True
1654A_PurchaseInvoice_CustomerBillDirectSlip_Engr.rpt,1654A_PurchaseInvoice_CustomerBillDirectSlip_Engr.jrxml,compiled from Crystal design; visual review pending,0,,True
1656_SaleOrderSlip_Engr.rpt,1656_SaleOrderSlip_Engr.jrxml,compiled from Crystal design; visual review pending,1,section PageHeaderSection2 extended 3 points to contain its objects,True
1656A-InvRptSalesOrderRegister.rpt,1656A-InvRptSalesOrderRegister.jrxml,compiled from Crystal design; visual review pending,1,section PageHeaderSection2 extended 3 points to contain its objects,True
1656B-InvRptSaleOderRegister.rpt,1656B-InvRptSaleOderRegister.jrxml,compiled from Crystal design; visual review pending,1,section PageHeaderSection2 extended 2 points to contain its objects,True
1657_DeliveryOrderSlip_Engr.rpt,1657_DeliveryOrderSlip_Engr.jrxml,compiled from Crystal design; visual review pending,0,,True
1657A-InvDeliveryOrderForApproval_Register.rpt,1657A-InvDeliveryOrderForApproval_Register.jrxml,compiled from Crystal design; visual review pending,1,section PageHeaderSection3 extended 2 points to contain its objects,True
166-ProfitLossNewReport.rpt,166-ProfitLossNewReport.jrxml,compiled from Crystal design; visual review pending,1,section PageHeaderSection1 extended 3 points to contain its objects,True
1660_SaleInvoiceSlipEngr.rpt,1660_SaleInvoiceSlipEngr.jrxml,compiled from Crystal design; visual review pending,0,,True
1660A_SaleInvoiceSlipEngr.rpt,1660A_SaleInvoiceSlipEngr.jrxml,compiled from Crystal design; visual review pending,1,section PageHeaderSection1 extended 2 points to contain its objects,True
1661_01_SalesRegisterSummary.rpt,1661_01_SalesRegisterSummary.jrxml,compiled from Crystal design; visual review pending,0,,True
1661_02_SalesByCustomer&Invoice.rpt,1661_02_SalesByCustomer&Invoice.jrxml,compiled from Crystal design; visual review pending,0,,True
1661_8_SalesSummeryMonthWise.rpt,1661_8_SalesSummeryMonthWise.jrxml,compiled from Crystal design; visual review pending,0,,True
1661_9_SaleSummaryByCustomer&Model_(6).rpt,1661_9_SaleSummaryByCustomer&Model_(6).jrxml,compiled from Crystal design; visual review pending,0,,True
1661_9_SaleSummaryByCustomer_(6).rpt,1661_9_SaleSummaryByCustomer_(6).jrxml,compiled from Crystal design; visual review pending,0,,True
1661_9_SaleSummaryByCutomer&Model_(12).rpt,1661_9_SaleSummaryByCutomer&Model_(12).jrxml,compiled from Crystal design; visual review pending,0,,True
1661_9_SaleSummaryByCutomer_(12).rpt,1661_9_SaleSummaryByCutomer_(12).jrxml,compiled from Crystal design; visual review pending,0,,True
1661_9_SaleSummaryByModel_(12).rpt,1661_9_SaleSummaryByModel_(12).jrxml,compiled from Crystal design; visual review pending,0,,True
1661_9_SaleSummaryByModel_(6).rpt,1661_9_SaleSummaryByModel_(6).jrxml,compiled from Crystal design; visual review pending,0,,True
1661_SaleInvoice_CustomerBillDirectSlip_Engr.rpt,1661_SaleInvoice_CustomerBillDirectSlip_Engr.jrxml,compiled from Crystal design; visual review pending,2,[getLedgerforPrint.rpt] section ReportHeaderSection2 contains objects 68 points outside the printable width | [getLedgerforPrint.rpt] section ReportFooterSection1 contains objects 68 points outside the printable width,True
1661A_SaleInvoice_CustomerBillDirectSlip_Engr.rpt,1661A_SaleInvoice_CustomerBillDirectSlip_Engr.jrxml,compiled from Crystal design; visual review pending,0,,True
1662_SaleInvoiceReturn_Slip_Engr.rpt,1662_SaleInvoiceReturn_Slip_Engr.jrxml,compiled from Crystal design; visual review pending,2,[getLedgerforPrint.rpt] section ReportHeaderSection2 contains objects 68 points outside the printable width | [getLedgerforPrint.rpt] section ReportFooterSection1 contains objects 68 points outside the printable width,True
1662A_SaleInvoiceReturn_Slip_Engr.rpt,1662A_SaleInvoiceReturn_Slip_Engr.jrxml,compiled from Crystal design; visual review pending,0,,True
1663_StockTransfer_Slip.rpt,1663_StockTransfer_Slip.jrxml,compiled from Crystal design; visual review pending,0,,True
1670_ProductionEngr_Slip.rpt,1670_ProductionEngr_Slip.jrxml,compiled from Crystal design; visual review pending,1,section ReportHeaderSection2 extended 2 points to contain its objects,True
168-CommisionTradeBillAndSlip.rpt,168-CommisionTradeBillAndSlip.jrxml,compiled from Crystal design; visual review pending,1,section PageHeaderSection1 extended 10 points to contain its objects,True
169-InvPartyProcessingGrnInfo.rpt,169-InvPartyProcessingGrnInfo.jrxml,compiled from Crystal design; visual review pending,0,,True
170-CommisionTradeBillPurchaseSlip.rpt,170-CommisionTradeBillPurchaseSlip.jrxml,compiled from Crystal design; visual review pending,1,section PageHeaderSection4 extended 2 points to contain its objects,True
1702-CommissionTradeLoadingDelivery_Register.rpt,1702-CommissionTradeLoadingDelivery_Register.jrxml,compiled from Crystal design; visual review pending,0,,True
1702-CommissionTradeLoadingDelivery_Slip.rpt,1702-CommissionTradeLoadingDelivery_Slip.jrxml,compiled from Crystal design; visual review pending,0,,True
1702A-CommissionTradeLoadingDelivery_Slip.rpt,1702A-CommissionTradeLoadingDelivery_Slip.jrxml,compiled from Crystal design; visual review pending,0,,True
1704-CommissionTransaction_Register.rpt,1704-CommissionTransaction_Register.jrxml,compiled from Crystal design; visual review pending,0,,True
1704-CommTradeTransactionCustomerExpense_SubReport.rpt,1704-CommTradeTransactionCustomerExpense_SubReport.jrxml,compiled from Crystal design; visual review pending,0,,True
1704-CommTradeTransactionHeader_Slip.rpt,1704-CommTradeTransactionHeader_Slip.jrxml,compiled from Crystal design; visual review pending,2,[1704-CommTradeTransactionHeader_Slip.rpt] section ReportHeaderSection5 contains objects 3 points outside the printable width | [1704-CommTradeTransactionHeader_Slip.rpt] section ReportFooterSection1 contains objects 3 points outside the printable width,True
1704_01_CommTradeTransaction_SlipWithSupplier.rpt,1704_01_CommTradeTransaction_SlipWithSupplier.jrxml,compiled from Crystal design; visual review pending,1,section ReportFooterSection2 extended 13 points to contain its objects,True
1704_01_CommTradeTransactionSupplierSummary_SubReport.rpt,1704_01_CommTradeTransactionSupplierSummary_SubReport.jrxml,compiled from Crystal design; visual review pending,0,,True
1705-CommissionOrder_Register.rpt,1705-CommissionOrder_Register.jrxml,compiled from Crystal design; visual review pending,0,,True
1705-CommissionTradeOrder_Slip.rpt,1705-CommissionTradeOrder_Slip.jrxml,compiled from Crystal design; visual review pending,0,,True
1706-CommissionBillSupplierCustomerAndIncomeTransactions.rpt,1706-CommissionBillSupplierCustomerAndIncomeTransactions.jrxml,compiled from Crystal design; visual review pending,5,section PageHeaderSection1 contains objects 3 points outside the printable width | section PageHeaderSection2 contains objects 3 points outside the printable width | section PageHeaderSection3 contains objects 3 points outside the printable width | section ReportFooterSection3 contains objects 3 points outside the printable width | section PageFooterSection1 contains objects 3 points outside the printable width,True
171-CommisionTradeBillSaleSlip.rpt,171-CommisionTradeBillSaleSlip.jrxml,compiled from Crystal design; visual review pending,1,section PageHeaderSection4 extended 2 points to contain its objects,True
172-CommisionTradeBillSaleSlip.rpt,172-CommisionTradeBillSaleSlip.jrxml,compiled from Crystal design; visual review pending,1,section PageHeaderSection4 extended 4 points to contain its objects,True
177-PostDatedChequeRegister-1.rpt,177-PostDatedChequeRegister-1.jrxml,compiled from Crystal design; visual review pending,1,section PageHeaderSection3 extended 2 points to contain its objects,True
177-PostDatedChequeRegister.rpt,177-PostDatedChequeRegister.jrxml,compiled from Crystal design; visual review pending,0,,True
178-ItemStockSummary.rpt,178-ItemStockSummary.jrxml,compiled from Crystal design; visual review pending,0,,True
179-ItemandWarehouseStockSummary.rpt,179-ItemandWarehouseStockSummary.jrxml,compiled from Crystal design; visual review pending,1,section PageHeaderSection2 extended 2 points to contain its objects,True
180-ItemandWarehouseStockSummary.rpt,180-ItemandWarehouseStockSummary.jrxml,compiled from Crystal design; visual review pending,1,section PageHeaderSection3 contains objects 2 points outside the printable width,True
1800-Loan Facility Agreement_Slip.rpt,1800-Loan Facility Agreement_Slip.jrxml,compiled from Crystal design; visual review pending,0,,True
1801_LoanRegistration_Slip.rpt,1801_LoanRegistration_Slip.jrxml,compiled from Crystal design; visual review pending,0,,True
1804-InvRepPurchaseBillDirectWithoutPo.rpt,1804-InvRepPurchaseBillDirectWithoutPo.jrxml,compiled from Crystal design; visual review pending,2,section PageHeaderSection1 extended 2 points to contain its objects | section GroupHeaderSection3 extended 3 points to contain its objects,True
1804_01_PurchaseRegister.rpt,1804_01_PurchaseRegister.jrxml,compiled from Crystal design; visual review pending,1,section PageHeaderSection6 extended 2 points to contain its objects,True
1804_02_PurchaseSummaryByItem.rpt,1804_02_PurchaseSummaryByItem.jrxml,compiled from Crystal design; visual review pending,2,section PageHeaderSection6 extended 2 points to contain its objects | section DetailSection1 extended 9 points to contain its objects,True
1804_03_PurchaseSummaryByItemAndWarehouse.rpt,1804_03_PurchaseSummaryByItemAndWarehouse.jrxml,compiled from Crystal design; visual review pending,1,section PageHeaderSection6 extended 2 points to contain its objects,True
1804_04_PurchaseSummaryBySupplier.rpt,1804_04_PurchaseSummaryBySupplier.jrxml,compiled from Crystal design; visual review pending,1,section PageHeaderSection6 extended 2 points to contain its objects,True
1804_05_PurchaseSummaryByItemAndSupplier.rpt,1804_05_PurchaseSummaryByItemAndSupplier.jrxml,compiled from Crystal design; visual review pending,1,section PageHeaderSection6 extended 2 points to contain its objects,True
1804_06_PurchaseSummaryByParentCategory.rpt,1804_06_PurchaseSummaryByParentCategory.jrxml,compiled from Crystal design; visual review pending,1,section PageHeaderSection6 extended 2 points to contain its objects,True
1804_07_PurchaseSummaryByParentCategoryAndSupplier.rpt,1804_07_PurchaseSummaryByParentCategoryAndSupplier.jrxml,compiled from Crystal design; visual review pending,1,section PageHeaderSection6 extended 2 points to contain its objects,True
1804A-InvRepPurchaseBillDirectWithoutPo.rpt,1804A-InvRepPurchaseBillDirectWithoutPo.jrxml,compiled from Crystal design; visual review pending,2,section PageHeaderSection1 extended 3 points to contain its objects | section ReportFooterSection1 contains objects 2 points outside the printable width,True
1809-InvRptSaleRegisterDetailSalt.rpt,1809-InvRptSaleRegisterDetailSalt.jrxml,compiled from Crystal design; visual review pending,0,,True
1809-SaleInvoiceDirectSlip_ForSalt.rpt,1809-SaleInvoiceDirectSlip_ForSalt.jrxml,compiled from Crystal design; visual review pending,1,section PageHeaderSection1 extended 3 points to contain its objects,True
1809_01_SalesRegisterSummary.rpt,1809_01_SalesRegisterSummary.jrxml,compiled from Crystal design; visual review pending,0,,True
1809_02-SalesRegisterSummaryByCustomer.rpt,1809_02-SalesRegisterSummaryByCustomer.jrxml,compiled from Crystal design; visual review pending,1,section PageHeaderSection1 extended 3 points to contain its objects,True
1809_03-SalesRegisterSummaryByItem.rpt,1809_03-SalesRegisterSummaryByItem.jrxml,compiled from Crystal design; visual review pending,0,,True
1809_04-SalesRegisterSummaryByCustomer&Item.rpt,1809_04-SalesRegisterSummaryByCustomer&Item.jrxml,compiled from Crystal design; visual review pending,0,,True
1809_05-SalesRegisterSummaryByItemWithoutPacking.rpt,1809_05-SalesRegisterSummaryByItemWithoutPacking.jrxml,compiled from Crystal design; visual review pending,0,,True
1809_06-SalesRegisterSummaryByWarehouse.rpt,1809_06-SalesRegisterSummaryByWarehouse.jrxml,compiled from Crystal design; visual review pending,0,,True
1809_06-SalesSummaryByItem&City.rpt,1809_06-SalesSummaryByItem&City.jrxml,compiled from Crystal design; visual review pending,0,,True
1809_07-SalesSummaryByCustomer&City.rpt,1809_07-SalesSummaryByCustomer&City.jrxml,compiled from Crystal design; visual review pending,0,,True
1809_08-SalesSummaryByItemPackSize&City.rpt,1809_08-SalesSummaryByItemPackSize&City.jrxml,compiled from Crystal design; visual review pending,1,section PageHeaderSection1 extended 2 points to contain its objects,True
1809_09-SalesSummaryByCustomerItem&City.rpt,1809_09-SalesSummaryByCustomerItem&City.jrxml,compiled from Crystal design; visual review pending,0,,True
1809_10-SalesSummaryByCustomer&PackSize.rpt,1809_10-SalesSummaryByCustomer&PackSize.jrxml,compiled from Crystal design; visual review pending,0,,True
1809_11-SalesSummaryByParentCategory.rpt,1809_11-SalesSummaryByParentCategory.jrxml,compiled from Crystal design; visual review pending,1,section PageHeaderSection1 extended 3 points to contain its objects,True
1809_12-SalesSummaryByParentCategory&Item.rpt,1809_12-SalesSummaryByParentCategory&Item.jrxml,compiled from Crystal design; visual review pending,1,section PageHeaderSection1 extended 3 points to contain its objects,True
1809_13-SalesSummaryByParentCategory&Customer.rpt,1809_13-SalesSummaryByParentCategory&Customer.jrxml,compiled from Crystal design; visual review pending,1,section PageHeaderSection1 extended 3 points to contain its objects,True
1809_14-SalesSummaryByItemPackSize&City.rpt,1809_14-SalesSummaryByItemPackSize&City.jrxml,compiled from Crystal design; visual review pending,1,section PageHeaderSection1 extended 2 points to contain its objects,True
1809_15-SalesSummaryByItem&City.rpt,1809_15-SalesSummaryByItem&City.jrxml,compiled from Crystal design; visual review pending,0,,True
1809A-InvRptSaleBillRegisterSalt.rpt,1809A-InvRptSaleBillRegisterSalt.jrxml,compiled from Crystal design; visual review pending,1,section PageHeaderSection1 extended 2 points to contain its objects,True
1809A-SaleInvoiceDirectSlip_ForSalt.rpt,1809A-SaleInvoiceDirectSlip_ForSalt.jrxml,compiled from Crystal design; visual review pending,1,section PageHeaderSection1 extended 4 points to contain its objects,True
181-ItemandCropYearStockSummary.rpt,181-ItemandCropYearStockSummary.jrxml,compiled from Crystal design; visual review pending,2,section PageHeaderSection3 extended 2 points to contain its objects | section PageHeaderSection6 extended 2 points to contain its objects,True
1818-ProductionSalt-Slip.rpt,1818-ProductionSalt-Slip.jrxml,compiled from Crystal design; visual review pending,2,section PageHeaderSection5 contains objects 2 points outside the printable width | section ReportFooterSection3 contains objects 2 points outside the printable width,True
1818-ProductionSalt_Register.rpt,1818-ProductionSalt_Register.jrxml,compiled from Crystal design; visual review pending,2,section PageHeaderSection2 extended 2 points to contain its objects | section ReportFooterSection3 contains objects 27 points outside the printable width,True
182-ItemandCropYearandWarehouseStockSummary.rpt,182-ItemandCropYearandWarehouseStockSummary.jrxml,compiled from Crystal design; visual review pending,1,section PageHeaderSection7 extended 2 points to contain its objects,True
183-JobLotandItemStockSummary.rpt,183-JobLotandItemStockSummary.jrxml,compiled from Crystal design; visual review pending,2,section PageHeaderSection3 extended 2 points to contain its objects | section PageHeaderSection2 extended 2 points to contain its objects,True
184-WarehouseandJoblotandItemStockSummary.rpt,184-WarehouseandJoblotandItemStockSummary.jrxml,compiled from Crystal design; visual review pending,2,section PageHeaderSection6 extended 2 points to contain its objects | section GroupHeaderSection2 extended 2 points to contain its objects,True
185-ItemandPackSizeStockSummary.rpt,185-ItemandPackSizeStockSummary.jrxml,compiled from Crystal design; visual review pending,1,section PageHeaderSection2 extended 2 points to contain its objects,True
1850_01_Production_Report.rpt,1850_01_Production_Report.jrxml,compiled from Crystal design; visual review pending,0,,True
1850_02_ProductionExFactoryDetail.rpt,1850_02_ProductionExFactoryDetail.jrxml,compiled from Crystal design; visual review pending,0,,True
1850_03_ProductionExFactoryDetail.rpt,1850_03_ProductionExFactoryDetail.jrxml,compiled from Crystal design; visual review pending,0,,True
1850_Production_Slip.rpt,1850_Production_Slip.jrxml,compiled from Crystal design; visual review pending,0,,True
1852-ApprovalRegister.rpt,1852-ApprovalRegister.jrxml,compiled from Crystal design; visual review pending,1,section PageHeaderSection2 extended 2 points to contain its objects,True
1852-InvRptSaleOrderSlip.rpt,1852-InvRptSaleOrderSlip.jrxml,compiled from Crystal design; visual review pending,0,,True
1852-SaleOrderRegister.rpt,1852-SaleOrderRegister.jrxml,compiled from Crystal design; visual review pending,1,section PageHeaderSection2 extended 2 points to contain its objects,True
1852_01-OrderRegister.rpt,1852_01-OrderRegister.jrxml,compiled from Crystal design; visual review pending,3,section PageHeaderSection2 extended 2 points to contain its objects | section ReportFooterSection1 contains objects 2 points outside the printable width | section PageFooterSection1 contains objects 2 points outside the printable width,True
1852_02-OrderSummaryByItem.rpt,1852_02-OrderSummaryByItem.jrxml,compiled from Crystal design; visual review pending,0,,True
1852_03-OrderSummaryByItem&Varient.rpt,1852_03-OrderSummaryByItem&Varient.jrxml,compiled from Crystal design; visual review pending,0,,True
1852_04-OrderSummaryByItem&City.rpt,1852_04-OrderSummaryByItem&City.jrxml,compiled from Crystal design; visual review pending,1,section PageHeaderSection3 extended 2 points to contain its objects,True
1852_05-OrderSummaryByItem_Varient&City.rpt,1852_05-OrderSummaryByItem_Varient&City.jrxml,compiled from Crystal design; visual review pending,0,,True
1852_06-OrderSummaryByCustomer.rpt,1852_06-OrderSummaryByCustomer.jrxml,compiled from Crystal design; visual review pending,1,section PageHeaderSection3 extended 2 points to contain its objects,True
1852_07-OrderSummaryByCustomerItem.rpt,1852_07-OrderSummaryByCustomerItem.jrxml,compiled from Crystal design; visual review pending,0,,True
1852_08-OrderSummaryByCustomer&City.rpt,1852_08-OrderSummaryByCustomer&City.jrxml,compiled from Crystal design; visual review pending,1,section PageHeaderSection3 extended 2 points to contain its objects,True
1852_09-OrderSummaryByCustomer_Item&City.rpt,1852_09-OrderSummaryByCustomer_Item&City.jrxml,compiled from Crystal design; visual review pending,1,section PageHeaderSection3 extended 2 points to contain its objects,True
1852_10-OrderSummaryByCustomer&Varient.rpt,1852_10-OrderSummaryByCustomer&Varient.jrxml,compiled from Crystal design; visual review pending,0,,True
1852_11-OrderSummarByCustomer_Item&Varient.rpt,1852_11-OrderSummarByCustomer_Item&Varient.jrxml,compiled from Crystal design; visual review pending,0,,True
1852_11-OrderSummaryByCustomer_ItemVarient.rpt,1852_11-OrderSummaryByCustomer_ItemVarient.jrxml,compiled from Crystal design; visual review pending,1,section PageHeaderSection3 extended 2 points to contain its objects,True
1852_12-OrderSummaryByCustomer&ReferenceParty.rpt,1852_12-OrderSummaryByCustomer&ReferenceParty.jrxml,compiled from Crystal design; visual review pending,0,,True
1852_13-OrderSummaryByCustomerItem&ReferenceParty.rpt,1852_13-OrderSummaryByCustomerItem&ReferenceParty.jrxml,compiled from Crystal design; visual review pending,0,,True
1852_14-OrderSummaryByCustomerVarient&ReferenceParty.rpt,1852_14-OrderSummaryByCustomerVarient&ReferenceParty.jrxml,compiled from Crystal design; visual review pending,0,,True
1852_15-OrderSummaryByCustomer_Item_Varient&ReferenceParty.rpt,1852_15-OrderSummaryByCustomer_Item_Varient&ReferenceParty.jrxml,compiled from Crystal design; visual review pending,0,,True
1852_16-OrderSummaryByReferenceParty.rpt,1852_16-OrderSummaryByReferenceParty.jrxml,compiled from Crystal design; visual review pending,1,section PageHeaderSection3 extended 2 points to contain its objects,True
1852_17-OrderSummaryByReferenceParty&Item.rpt,1852_17-OrderSummaryByReferenceParty&Item.jrxml,compiled from Crystal design; visual review pending,1,section PageHeaderSection3 extended 2 points to contain its objects,True
1852_18-OrderSummaryByReferenceParty&Varient.rpt,1852_18-OrderSummaryByReferenceParty&Varient.jrxml,compiled from Crystal design; visual review pending,0,,True
1852_19-OrderSummaryByReferenceParty_Item&Varient.rpt,1852_19-OrderSummaryByReferenceParty_Item&Varient.jrxml,compiled from Crystal design; visual review pending,0,,True
1852_20-OrderSummaryByReferenceParty&City.rpt,1852_20-OrderSummaryByReferenceParty&City.jrxml,compiled from Crystal design; visual review pending,0,,True
1852_21-dtOrderSummaryByOrderNoAndCustomer.rpt,1852_21-dtOrderSummaryByOrderNoAndCustomer.jrxml,compiled from Crystal design; visual review pending,2,section ReportFooterSection1 contains objects 2 points outside the printable width | section PageFooterSection1 contains objects 2 points outside the printable width,True
1852_22-OrderSummaryByOrderNoAndSalesMan.rpt,1852_22-OrderSummaryByOrderNoAndSalesMan.jrxml,compiled from Crystal design; visual review pending,1,section ReportFooterSection1 contains objects 2 points outside the printable width,True
1852A-ApprovalRegister.rpt,1852A-ApprovalRegister.jrxml,compiled from Crystal design; visual review pending,0,,True
1852A-SaleOrder_Register.rpt,1852A-SaleOrder_Register.jrxml,compiled from Crystal design; visual review pending,0,,True
1853-DeliveryOrderRegister.rpt,1853-DeliveryOrderRegister.jrxml,compiled from Crystal design; visual review pending,0,,True
1853-DeliveryOrderSlip.rpt,1853-DeliveryOrderSlip.jrxml,compiled from Crystal design; visual review pending,0,,True
1853A-DeliveryOrderRegister.rpt,1853A-DeliveryOrderRegister.jrxml,compiled from Crystal design; visual review pending,1,section PageHeaderSection2 extended 2 points to contain its objects,True
1853A-DeliveryOrderSlip.rpt,1853A-DeliveryOrderSlip.jrxml,compiled from Crystal design; visual review pending,0,,True
1855-GDNRegister.rpt,1855-GDNRegister.jrxml,compiled from Crystal design; visual review pending,2,section PageHeaderSection5 extended 2 points to contain its objects | section DetailSection1 extended 2 points to contain its objects,True
1855-InvGdn_Slip.rpt,1855-InvGdn_Slip.jrxml,compiled from Crystal design; visual review pending,0,,True
1855A-GDNRegister.rpt,1855A-GDNRegister.jrxml,compiled from Crystal design; visual review pending,0,,True
1856-SaleInvoiceDirect_Slip.rpt,1856-SaleInvoiceDirect_Slip.jrxml,compiled from Crystal design; visual review pending,2,section PageHeaderSection2 extended 2 points to contain its objects | [SaleInvoice_SubReport.rpt] section ReportHeaderSection2 contains objects 3 points outside the printable width,True
1856A-SaleInvoiceDirect_Slip.rpt,1856A-SaleInvoiceDirect_Slip.jrxml,compiled from Crystal design; visual review pending,1,section PageHeaderSection2 extended 2 points to contain its objects,True
1858-GoodsReceiptsNotes_Slip.rpt,1858-GoodsReceiptsNotes_Slip.jrxml,compiled from Crystal design; visual review pending,0,,True
1858-GrnRegister.rpt,1858-GrnRegister.jrxml,compiled from Crystal design; visual review pending,0,,True
1859-PurchaseInvoice_ApprovalRegister.rpt,1859-PurchaseInvoice_ApprovalRegister.jrxml,compiled from Crystal design; visual review pending,0,,True
1859_01-PurchaseRegisterSummary.rpt,1859_01-PurchaseRegisterSummary.jrxml,compiled from Crystal design; visual review pending,0,,True
1859_02-PurchaseRegisterSummaryByItem.rpt,1859_02-PurchaseRegisterSummaryByItem.jrxml,compiled from Crystal design; visual review pending,1,section PageFooterSection1 contains objects 2 points outside the printable width,True
1859_03-PurchaseSummaryByItem&City.rpt,1859_03-PurchaseSummaryByItem&City.jrxml,compiled from Crystal design; visual review pending,1,section PageFooterSection1 contains objects 2 points outside the printable width,True
1859_04-PurchaseRegisterSummaryByItem&Varient.rpt,1859_04-PurchaseRegisterSummaryByItem&Varient.jrxml,compiled from Crystal design; visual review pending,0,,True
1859_05-PurchaseRegisterSummaryByItem&Warehouse.rpt,1859_05-PurchaseRegisterSummaryByItem&Warehouse.jrxml,compiled from Crystal design; visual review pending,1,section PageFooterSection1 contains objects 2 points outside the printable width,True
1859_06-PurchaseSummaryByItemPackSize&City.rpt,1859_06-PurchaseSummaryByItemPackSize&City.jrxml,compiled from Crystal design; visual review pending,0,,True
1859_07-PurchaseRegisterSummaryByCustomer.rpt,1859_07-PurchaseRegisterSummaryByCustomer.jrxml,compiled from Crystal design; visual review pending,0,,True
1859_08-PurchaseSummaryByCustomer&Item.rpt,1859_08-PurchaseSummaryByCustomer&Item.jrxml,compiled from Crystal design; visual review pending,1,section PageFooterSection1 contains objects 2 points outside the printable width,True
1859_09-PurchaseRegisterSummaryByCustomer&City.rpt,1859_09-PurchaseRegisterSummaryByCustomer&City.jrxml,compiled from Crystal design; visual review pending,1,section PageFooterSection1 contains objects 2 points outside the printable width,True
1859_09-PurchaseRegisterSummaryBySupplier&City.rpt,1859_09-PurchaseRegisterSummaryBySupplier&City.jrxml,compiled from Crystal design; visual review pending,1,section PageFooterSection1 contains objects 2 points outside the printable width,True
1859_10-PurchaseSummaryByCustomerItem&City.rpt,1859_10-PurchaseSummaryByCustomerItem&City.jrxml,compiled from Crystal design; visual review pending,1,section PageFooterSection1 contains objects 2 points outside the printable width,True
1859_11-PurchaseSummaryByCustomer&Varient.rpt,1859_11-PurchaseSummaryByCustomer&Varient.jrxml,compiled from Crystal design; visual review pending,1,section PageFooterSection1 contains objects 2 points outside the printable width,True
1859_12-PurchaseSummaryByCity.rpt,1859_12-PurchaseSummaryByCity.jrxml,compiled from Crystal design; visual review pending,1,section PageFooterSection1 contains objects 2 points outside the printable width,True
1859_13-PurchaseSummaryByParentCategory.rpt,1859_13-PurchaseSummaryByParentCategory.jrxml,compiled from Crystal design; visual review pending,1,section PageFooterSection1 contains objects 2 points outside the printable width,True
1859_14-PurchaseSummaryByParentCategory&Item.rpt,1859_14-PurchaseSummaryByParentCategory&Item.jrxml,compiled from Crystal design; visual review pending,2,section ReportFooterSection1 extended 2 points to contain its objects | section PageFooterSection1 contains objects 2 points outside the printable width,True
1859_15-PurchaseSummaryByParentCategory&Customter.rpt,1859_15-PurchaseSummaryByParentCategory&Customter.jrxml,compiled from Crystal design; visual review pending,1,section PageFooterSection1 contains objects 2 points outside the printable width,True
1859_15-PurchaseSummaryByParentCategory&Supplier.rpt,1859_15-PurchaseSummaryByParentCategory&Supplier.jrxml,compiled from Crystal design; visual review pending,0,,True
1859_InvPurchaseInvoice_DirectSlip.rpt,1859_InvPurchaseInvoice_DirectSlip.jrxml,compiled from Crystal design; visual review pending,5,section PageHeaderSection2 extended 2 points to contain its objects | [InvPurchaseInvoice_ItemExpense_SubReport.rpt] section ReportHeaderSection1 contains objects 4 points outside the printable width | [InvPurchaseInvoice_ItemExpense_SubReport.rpt] section ReportHeaderSection2 extended 2 points to contain its objects | [InvPurchaseInvoice_ItemExpense_SubReport.rpt] section ReportHeaderSection2 contains objects 4 points outside the printable width | [InvPurchaseInvoice_ItemExpense_SubReport.rpt] section ReportFooterSection1 contains objects 4 points outside the printable width,True
1859A_InvPurchaseInvoice_DirectSlip.rpt,1859A_InvPurchaseInvoice_DirectSlip.jrxml,compiled from Crystal design; visual review pending,5,section PageHeaderSection2 extended 2 points to contain its objects | [InvPurchaseInvoice_SupplierBillExpense_SubReport.rpt] section ReportHeaderSection1 contains objects 5 points outside the printable width | [InvPurchaseInvoice_SupplierBillExpense_SubReport.rpt] section ReportHeaderSection2 extended 2 points to contain its objects | [InvPurchaseInvoice_SupplierBillExpense_SubReport.rpt] section ReportHeaderSection2 contains objects 5 points outside the printable width | [InvPurchaseInvoice_SupplierBillExpense_SubReport.rpt] section ReportFooterSection1 contains objects 5 points outside the printable width,True
186-ItemandPackingTypeStockSummary.rpt,186-ItemandPackingTypeStockSummary.jrxml,compiled from Crystal design; visual review pending,0,,True
1860-StockSummaryDetail.rpt,1860-StockSummaryDetail.jrxml,compiled from Crystal design; visual review pending,1,section PageHeaderSection3 contains objects 2 points outside the printable width,True
1860-StockTransferManual-Slip.rpt,1860-StockTransferManual-Slip.jrxml,compiled from Crystal design; visual review pending,0,,True
1860-StockTransferManual_Register.rpt,1860-StockTransferManual_Register.jrxml,compiled from Crystal design; visual review pending,3,section PageHeaderSection2 extended 2 points to contain its objects | section PageHeaderSection2 contains objects 7 points outside the printable width | section ReportFooterSection3 contains objects 128 points outside the printable width,True
1860A-StockSummaryDetail.rpt,1860A-StockSummaryDetail.jrxml,compiled from Crystal design; visual review pending,0,,True
1861-ItemStockSummary.rpt,1861-ItemStockSummary.jrxml,compiled from Crystal design; visual review pending,1,section PageHeaderSection3 contains objects 3 points outside the printable width,True
1861-SaleInvoice_Slip.rpt,1861-SaleInvoice_Slip.jrxml,compiled from Crystal design; visual review pending,2,section PageHeaderSection2 extended 2 points to contain its objects | [SaleInvoice_SubReport.rpt] section ReportHeaderSection2 extended 2 points to contain its objects,True
1861-SaleInvoiceApprovalRegister.rpt,1861-SaleInvoiceApprovalRegister.jrxml,compiled from Crystal design; visual review pending,0,,True
1861_01-SalesRegister.rpt,1861_01-SalesRegister.jrxml,compiled from Crystal design; visual review pending,3,section PageHeaderSection1 extended 11 points to contain its objects | section ReportFooterSection1 contains objects 2 points outside the printable width | section PageFooterSection1 contains objects 2 points outside the printable width,True
1861_02-SalesSummaryByItem&Varient.rpt,1861_02-SalesSummaryByItem&Varient.jrxml,compiled from Crystal design; visual review pending,0,,True
1861_03-SalesSummaryByItem.rpt,1861_03-SalesSummaryByItem.jrxml,compiled from Crystal design; visual review pending,0,,True
1861_04-SalesSummaryByCity&Varient.rpt,1861_04-SalesSummaryByCity&Varient.jrxml,compiled from Crystal design; visual review pending,0,,True
1861_05-SalesSummaryByVarient.rpt,1861_05-SalesSummaryByVarient.jrxml,compiled from Crystal design; visual review pending,0,,True
1861_06-SalesSummaryByCity.rpt,1861_06-SalesSummaryByCity.jrxml,compiled from Crystal design; visual review pending,0,,True
1861_07-SalesSummaryByCustomerVarient&City.rpt,1861_07-SalesSummaryByCustomerVarient&City.jrxml,compiled from Crystal design; visual review pending,1,section PageFooterSection1 contains objects 2 points outside the printable width,True
1861_08-SalesSummaryByCustomerVarient.rpt,1861_08-SalesSummaryByCustomerVarient.jrxml,compiled from Crystal design; visual review pending,1,section PageFooterSection1 contains objects 2 points outside the printable width,True
1861_09-SalesSummaryByCustomerCity.rpt,1861_09-SalesSummaryByCustomerCity.jrxml,compiled from Crystal design; visual review pending,1,section PageFooterSection1 contains objects 2 points outside the printable width,True
1861_10-SalesSummaryByCustomerItemVarient&City.rpt,1861_10-SalesSummaryByCustomerItemVarient&City.jrxml,compiled from Crystal design; visual review pending,0,,True
1861_11-SalesSummaryByCustomerItemVarient.rpt,1861_11-SalesSummaryByCustomerItemVarient.jrxml,compiled from Crystal design; visual review pending,0,,True
1861_12-SalesSummaryByCustomerItem&City.rpt,1861_12-SalesSummaryByCustomerItem&City.jrxml,compiled from Crystal design; visual review pending,0,,True
1861_13-SalesSummaryByCustomer.rpt,1861_13-SalesSummaryByCustomer.jrxml,compiled from Crystal design; visual review pending,1,section PageFooterSection1 contains objects 2 points outside the printable width,True
1861_14-SalesSummaryByCustomerItem.rpt,1861_14-SalesSummaryByCustomerItem.jrxml,compiled from Crystal design; visual review pending,0,,True
1861_15-SalesSummaryByItem&City.rpt,1861_15-SalesSummaryByItem&City.jrxml,compiled from Crystal design; visual review pending,0,,True
1861_16-SalesSummaryByItemCity&Varient.rpt,1861_16-SalesSummaryByItemCity&Varient.jrxml,compiled from Crystal design; visual review pending,0,,True
1861_17-SalesSummaryDocNo_Customer&SalesMan.rpt,1861_17-SalesSummaryDocNo_Customer&SalesMan.jrxml,compiled from Crystal design; visual review pending,1,section PageHeaderSection1 extended 11 points to contain its objects,True
1861_18-SalesSummaryByReferencePartyCustomerItemVarient&City.rpt,1861_18-SalesSummaryByReferencePartyCustomerItemVarient&City.jrxml,compiled from Crystal design; visual review pending,0,,True
1861_19-SalesSummaryByReferencePartyCustomerItemVarient.rpt,1861_19-SalesSummaryByReferencePartyCustomerItemVarient.jrxml,compiled from Crystal design; visual review pending,0,,True
1861_20-SalesSummaryByReferencePartyCustomerItem&City.rpt,1861_20-SalesSummaryByReferencePartyCustomerItem&City.jrxml,compiled from Crystal design; visual review pending,1,section PageHeaderSection2 contains objects 100 points outside the printable width,True
1861_21-SalesSummaryByReferencePartyCustomerItem.rpt,1861_21-SalesSummaryByReferencePartyCustomerItem.jrxml,compiled from Crystal design; visual review pending,1,section PageHeaderSection5 contains objects 122 points outside the printable width,True
1861_22-SalesSummaryByReferencePartyItemVarient&City.rpt,1861_22-SalesSummaryByReferencePartyItemVarient&City.jrxml,compiled from Crystal design; visual review pending,0,,True
1861_23-SalesSummaryByReferencePartyItemVarient.rpt,1861_23-SalesSummaryByReferencePartyItemVarient.jrxml,compiled from Crystal design; visual review pending,1,section PageHeaderSection1 extended 8 points to contain its objects,True
1861_24-SalesSummaryByReferencePartyItem&City.rpt,1861_24-SalesSummaryByReferencePartyItem&City.jrxml,compiled from Crystal design; visual review pending,0,,True
1861_25-SalesSummaryByReferencePartyItem.rpt,1861_25-SalesSummaryByReferencePartyItem.jrxml,compiled from Crystal design; visual review pending,1,section PageHeaderSection1 extended 8 points to contain its objects,True
1861_26-SalesSummaryByReferencePartyVarient&City.rpt,1861_26-SalesSummaryByReferencePartyVarient&City.jrxml,compiled from Crystal design; visual review pending,0,,True
1861_27-SalesSummaryByReferencePartyVarient.rpt,1861_27-SalesSummaryByReferencePartyVarient.jrxml,compiled from Crystal design; visual review pending,1,section PageHeaderSection1 extended 9 points to contain its objects,True
1861_28-SalesSummaryByReferenceParty&City.rpt,1861_28-SalesSummaryByReferenceParty&City.jrxml,compiled from Crystal design; visual review pending,0,,True
1861_29-SalesSummaryByReferenceParty.rpt,1861_29-SalesSummaryByReferenceParty.jrxml,compiled from Crystal design; visual review pending,0,,True
1861_33-SalesSummaryByReferenceParty.rpt,1861_33-SalesSummaryByReferenceParty.jrxml,compiled from Crystal design; visual review pending,0,,True
1861A-ItemStockSummary.rpt,1861A-ItemStockSummary.jrxml,compiled from Crystal design; visual review pending,1,section PageHeaderSection3 extended 2 points to contain its objects,True
1861A-SaleInvoice_Slip.rpt,1861A-SaleInvoice_Slip.jrxml,compiled from Crystal design; visual review pending,1,section PageHeaderSection2 extended 2 points to contain its objects,True
1861A-SaleInvoiceApprovalRegister.rpt,1861A-SaleInvoiceApprovalRegister.jrxml,compiled from Crystal design; visual review pending,0,,True
1862-ItemandWarehouseStockSummary.rpt,1862-ItemandWarehouseStockSummary.jrxml,compiled from Crystal design; visual review pending,0,,True
1862-SaleInvoiceRetrurn_Slip.rpt,1862-SaleInvoiceRetrurn_Slip.jrxml,compiled from Crystal design; visual review pending,2,section PageHeaderSection2 extended 2 points to contain its objects | [SaleInvoice_SubReport.rpt] section ReportHeaderSection2 contains objects 3 points outside the printable width,True
1862A-ItemandWarehouseStockSummary.rpt,1862A-ItemandWarehouseStockSummary.jrxml,compiled from Crystal design; visual review pending,1,section PageHeaderSection3 extended 3 points to contain its objects,True
1863-InvRptPurchaseOrderSlip.rpt,1863-InvRptPurchaseOrderSlip.jrxml,compiled from Crystal design; visual review pending,0,,True
1863-PurchaseOrderRegister.rpt,1863-PurchaseOrderRegister.jrxml,compiled from Crystal design; visual review pending,1,section PageHeaderSection2 extended 2 points to contain its objects,True
1863-WarehouseAndItemStockSummary.rpt,1863-WarehouseAndItemStockSummary.jrxml,compiled from Crystal design; visual review pending,0,,True
1863_01-OrderRegister.rpt,1863_01-OrderRegister.jrxml,compiled from Crystal design; visual review pending,3,section PageHeaderSection2 contains objects 3 points outside the printable width | section PageHeaderSection1 contains objects 2 points outside the printable width | section ReportFooterSection1 contains objects 2 points outside the printable width,True
1863_02-OrderSummaryByItem.rpt,1863_02-OrderSummaryByItem.jrxml,compiled from Crystal design; visual review pending,0,,True
1863_03-OrderSummaryByItem&Varient.rpt,1863_03-OrderSummaryByItem&Varient.jrxml,compiled from Crystal design; visual review pending,0,,True
1863_04-OrderSummaryByItem&City.rpt,1863_04-OrderSummaryByItem&City.jrxml,compiled from Crystal design; visual review pending,0,,True
1863_05-OrderSummaryByItem_Varient&City.rpt,1863_05-OrderSummaryByItem_Varient&City.jrxml,compiled from Crystal design; visual review pending,0,,True
1863_06-OrderSummaryBySupplier.rpt,1863_06-OrderSummaryBySupplier.jrxml,compiled from Crystal design; visual review pending,0,,True
1863_07-OrderSummaryBySupplierItem.rpt,1863_07-OrderSummaryBySupplierItem.jrxml,compiled from Crystal design; visual review pending,0,,True
1863_08-OrderSummaryBySupplier&City.rpt,1863_08-OrderSummaryBySupplier&City.jrxml,compiled from Crystal design; visual review pending,0,,True
1863_09-OrderSummaryBySupplier_Item&City.rpt,1863_09-OrderSummaryBySupplier_Item&City.jrxml,compiled from Crystal design; visual review pending,0,,True
1863_10-OrderSummaryBySupplier&Varient.rpt,1863_10-OrderSummaryBySupplier&Varient.jrxml,compiled from Crystal design; visual review pending,0,,True
1863_11-OrderSummaryBySupplier_ItemVarient.rpt,1863_11-OrderSummaryBySupplier_ItemVarient.jrxml,compiled from Crystal design; visual review pending,0,,True
1863_PurchaseOrderApprovalRegister.rpt,1863_PurchaseOrderApprovalRegister.jrxml,compiled from Crystal design; visual review pending,1,section PageHeaderSection2 extended 2 points to contain its objects,True
1863A-PuchaseOrder_Register.rpt,1863A-PuchaseOrder_Register.jrxml,compiled from Crystal design; visual review pending,0,,True
1863A-PurchaseOrder_Register.rpt,1863A-PurchaseOrder_Register.jrxml,compiled from Crystal design; visual review pending,0,,True
1863A-WarehouseAndItemStockSummary.rpt,1863A-WarehouseAndItemStockSummary.jrxml,compiled from Crystal design; visual review pending,1,section PageHeaderSection3 extended 2 points to contain its objects,True
1864-GrnRegister.rpt,1864-GrnRegister.jrxml,compiled from Crystal design; visual review pending,0,,True
1864-ItemandPackSizeStockSummary.rpt,1864-ItemandPackSizeStockSummary.jrxml,compiled from Crystal design; visual review pending,3,section PageHeaderSection3 contains objects 118 points outside the printable width | section PageHeaderSection1 contains objects 57 points outside the printable width | section ReportFooterSection1 contains objects 56 points outside the printable width,True
1864_GoodsRecieptNotesFinish.rpt,1864_GoodsRecieptNotesFinish.jrxml,compiled from Crystal design; visual review pending,1,section PageHeaderSection2 extended 3 points to contain its objects,True
1864A-ItemandPackSizeStockSummary.rpt,1864A-ItemandPackSizeStockSummary.jrxml,compiled from Crystal design; visual review pending,1,section PageHeaderSection3 extended 2 points to contain its objects,True
1865-SalesWages_Register.rpt,1865-SalesWages_Register.jrxml,compiled from Crystal design; visual review pending,1,section ReportHeaderSection3 extended 2 points to contain its objects,True
1865_01_SalesWages_SummaryRegister.rpt,1865_01_SalesWages_SummaryRegister.jrxml,compiled from Crystal design; visual review pending,1,section ReportHeaderSection3 extended 2 points to contain its objects,True
1866-InvGdnDirect_Slip.rpt,1866-InvGdnDirect_Slip.jrxml,compiled from Crystal design; visual review pending,2,section PageHeaderSection5 extended 2 points to contain its objects | section DetailSection1 extended 2 points to contain its objects,True
1868_ContractorWagesBillSlip.rpt,1868_ContractorWagesBillSlip.jrxml,compiled from Crystal design; visual review pending,0,,True
1869_ContractorWagesBillSlip.rpt,1869_ContractorWagesBillSlip.jrxml,compiled from Crystal design; visual review pending,0,,True
187-ItemandPackSizeandPackingTypeStockSummary.rpt,187-ItemandPackSizeandPackingTypeStockSummary.jrxml,compiled from Crystal design; visual review pending,2,section PageHeaderSection3 extended 3 points to contain its objects | section GroupHeaderSection2 extended 2 points to contain its objects,True
1870-WagesDetail.rpt,1870-WagesDetail.jrxml,compiled from Crystal design; visual review pending,0,,True
1870_01_WorkOrderDetailReport.rpt,1870_01_WorkOrderDetailReport.jrxml,compiled from Crystal design; visual review pending,0,,True
1870_WorkOrderConcrete_Slip.rpt,1870_WorkOrderConcrete_Slip.jrxml,compiled from Crystal design; visual review pending,0,,True
1871-SummaryByItem.rpt,1871-SummaryByItem.jrxml,compiled from Crystal design; visual review pending,0,,True
1872-SummaryByItemandContractor.rpt,1872-SummaryByItemandContractor.jrxml,compiled from Crystal design; visual review pending,1,section PageHeaderSection5 extended 4 points to contain its objects,True
1873-SummaryByItemandServiceActivity.rpt,1873-SummaryByItemandServiceActivity.jrxml,compiled from Crystal design; visual review pending,1,section PageHeaderSection5 extended 2 points to contain its objects,True
1878-SummaryByWagesGroupandContractor.rpt,1878-SummaryByWagesGroupandContractor.jrxml,compiled from Crystal design; visual review pending,0,,True
1879-SummaryByWagesGroupContractorandServiceActivity.rpt,1879-SummaryByWagesGroupContractorandServiceActivity.jrxml,compiled from Crystal design; visual review pending,1,section PageHeaderSection5 extended 3 points to contain its objects,True
188-ItemStockSummary.rpt,188-ItemStockSummary.jrxml,compiled from Crystal design; visual review pending,1,section PageHeaderSection3 extended 2 points to contain its objects,True
1880-dtSummaryByContractor.rpt,1880-dtSummaryByContractor.jrxml,compiled from Crystal design; visual review pending,0,,True
1880-SalesRegisterSummary.rpt,1880-SalesRegisterSummary.jrxml,compiled from Crystal design; visual review pending,0,,True
1886_01_StockReportWithDocumentWiseIncludeOrders.rpt,1886_01_StockReportWithDocumentWiseIncludeOrders.jrxml,compiled from Crystal design; visual review pending,1,section PageHeaderSection2 extended 4 points to contain its objects,True
188_01-ItemStockSummary.rpt,188_01-ItemStockSummary.jrxml,compiled from Crystal design; visual review pending,0,,True
188_02-ItemStockSummary.rpt,188_02-ItemStockSummary.jrxml,compiled from Crystal design; visual review pending,2,section PageHeaderSection3 extended 3 points to contain its objects | section PageHeaderSection6 contains objects 2 points outside the printable width,True
189-ItemandWarehouseStockSummary.rpt,189-ItemandWarehouseStockSummary.jrxml,compiled from Crystal design; visual review pending,1,section PageHeaderSection3 extended 2 points to contain its objects,True
190-ItemandWarehouseStockSummary.rpt,190-ItemandWarehouseStockSummary.jrxml,compiled from Crystal design; visual review pending,1,section PageHeaderSection3 extended 2 points to contain its objects,True
191-ItemandCropYearStockSummary.rpt,191-ItemandCropYearStockSummary.jrxml,compiled from Crystal design; visual review pending,1,section GroupHeaderSection2 extended 4 points to contain its objects,True
192-ItemandCropYearandWarehouseStockSummary.rpt,192-ItemandCropYearandWarehouseStockSummary.jrxml,compiled from Crystal design; visual review pending,0,,True
193-JobLotandItemStockSummary.rpt,193-JobLotandItemStockSummary.jrxml,compiled from Crystal design; visual review pending,1,section PageHeaderSection3 extended 2 points to contain its objects,True
194-WarehouseandJoblotandItemStockSummary.rpt,194-WarehouseandJoblotandItemStockSummary.jrxml,compiled from Crystal design; visual review pending,0,,True
194A-WarehouseandItemandJoblotStockSummary.rpt,194A-WarehouseandItemandJoblotStockSummary.jrxml,compiled from Crystal design; visual review pending,0,,True
195-ItemandPackSizeStockSummary.rpt,195-ItemandPackSizeStockSummary.jrxml,compiled from Crystal design; visual review pending,0,,True
196-ItemandPackingTypeStockSummary.rpt,196-ItemandPackingTypeStockSummary.jrxml,compiled from Crystal design; visual review pending,0,,True
197-ItemandPackSizeandPackingTypeStockSummary.rpt,197-ItemandPackSizeandPackingTypeStockSummary.jrxml,compiled from Crystal design; visual review pending,0,,True
198-WIPStockPlantWiseSummary.rpt,198-WIPStockPlantWiseSummary.jrxml,compiled from Crystal design; visual review pending,0,,True
199-GetOutstandingOrdersWithLedgerBalance.rpt,199-GetOutstandingOrdersWithLedgerBalance.jrxml,compiled from Crystal design; visual review pending,1,section PageHeaderSection1 extended 3 points to contain its objects,True
200-InvRptItemsList.rpt,200-InvRptItemsList.jrxml,compiled from Crystal design; visual review pending,1,section PageHeaderSection1 extended 3 points to contain its objects,True
201-InvRptPurchaseOrderGeneralSlip.rpt,201-InvRptPurchaseOrderGeneralSlip.jrxml,compiled from Crystal design; visual review pending,0,,True
202_01_ItemandWarehouseStockSummary.rpt,_design_review/202_01_ItemandWarehouseStockSummary.jrxml,needs review: sort on {@WareHouse Name} (not a database field) is not applied,2,section PageHeaderSection3 extended 2 points to contain its objects | sort on {@WareHouse Name} (not a database field) is not applied,True
202_02_ItemandWarehouseStockSummary.rpt,_design_review/202_02_ItemandWarehouseStockSummary.jrxml,needs review: sort on {@ItemName} (not a database field) is not applied,2,section PageHeaderSection3 extended 2 points to contain its objects | sort on {@ItemName} (not a database field) is not applied,True
202_03_ItemandPackSizeStockSummary.rpt,202_03_ItemandPackSizeStockSummary.jrxml,compiled from Crystal design; visual review pending,1,section PageHeaderSection2 extended 2 points to contain its objects,True
202_ItemStockSummary.rpt,202_ItemStockSummary.jrxml,compiled from Crystal design; visual review pending,1,section PageHeaderSection3 extended 3 points to contain its objects,True
203-InvRptPurchaseOrderRiceSlip(A).rpt,203-InvRptPurchaseOrderRiceSlip(A).jrxml,compiled from Crystal design; visual review pending,1,section PageHeaderSection1 extended 3 points to contain its objects,True
203-InvRptPurchaseOrderRiceSlip.rpt,203-InvRptPurchaseOrderRiceSlip.jrxml,compiled from Crystal design; visual review pending,2,section PageHeaderSection3 extended 3 points to contain its objects | section ReportFooterSection2 contains objects 2 points outside the printable width,True
203_01_PurchaseOrderRiceSlip.rpt,203_01_PurchaseOrderRiceSlip.jrxml,compiled from Crystal design; visual review pending,5,section PageHeaderSection3 extended 3 points to contain its objects | [PurchaseOrderSupplierExpenseSubReport.rpt] section ReportHeaderSection1 contains objects 2 points outside the printable width | [PurchaseOrderSupplierExpenseSubReport.rpt] section ReportHeaderSection2 contains objects 2 points outside the printable width | [PurchaseOrderSupplierExpenseSubReport.rpt] section ReportFooterSection1 contains objects 2 points outside the printable width | [PurchaseOrderSupplierExpenseSubReport.rpt] section ReportFooterSection2 contains objects 2 points outside the printable width,True
203_02_PurchaseOrderRiceSlip.rpt,203_02_PurchaseOrderRiceSlip.jrxml,compiled from Crystal design; visual review pending,4,section PageHeaderSection3 extended 3 points to contain its objects | [PurchaseOrderSupplierExpenseSubReport.rpt] section ReportHeaderSection1 contains objects 2 points outside the printable width | [PurchaseOrderSupplierExpenseSubReport.rpt] section ReportHeaderSection2 contains objects 2 points outside the printable width | [PurchaseOrderSupplierExpenseSubReport.rpt] section ReportFooterSection1 contains objects 2 points outside the printable width,True
205-InvRptPurchaseOrderDetailRegisterRice.rpt,205-InvRptPurchaseOrderDetailRegisterRice.jrxml,compiled from Crystal design; visual review pending,0,,True
206-RptPurchaseOrderRegisterRice(B).rpt,206-RptPurchaseOrderRegisterRice(B).jrxml,compiled from Crystal design; visual review pending,0,,True
206-RptPurchaseOrderRegisterRice.rpt,206-RptPurchaseOrderRegisterRice.jrxml,compiled from Crystal design; visual review pending,1,section PageHeaderSection4 extended 2 points to contain its objects,True
211-InvRptGoodsReceiptsNotesRiceSlip.rpt,211-InvRptGoodsReceiptsNotesRiceSlip.jrxml,compiled from Crystal design; visual review pending,4,section PageHeaderSection1 extended 2 points to contain its objects | [GrnDetailEmptyBagsSubReport.rpt] section ReportHeaderSection1 extended 31 points to contain its objects | [InvContractorWagesSubReport.rpt] section ReportHeaderSection1 extended 33 points to contain its objects | [InvContractorWagesSubReport.rpt] section GroupHeaderSection2 extended 2 points to contain its objects,True
212-InvRptGoodsReceiptsNotesStoreSlip.rpt,212-InvRptGoodsReceiptsNotesStoreSlip.jrxml,compiled from Crystal design; visual review pending,1,section GroupHeaderSection4 extended 2 points to contain its objects,True
212_01_GoodsReceiptsNotesEmptyBagsSlip.rpt,212_01_GoodsReceiptsNotesEmptyBagsSlip.jrxml,compiled from Crystal design; visual review pending,1,section GroupHeaderSection4 extended 2 points to contain its objects,True
213-GoodsReceiptsNotesAgainstOrderSlip.rpt,213-GoodsReceiptsNotesAgainstOrderSlip.jrxml,compiled from Crystal design; visual review pending,2,section PageHeaderSection1 extended 2 points to contain its objects | [GrnDetailEmptyBagsSubReport.rpt] section ReportHeaderSection1 extended 33 points to contain its objects,True
213-GoodsReceiptsNotesAgainstOrderSlip2.rpt,213-GoodsReceiptsNotesAgainstOrderSlip2.jrxml,compiled from Crystal design; visual review pending,0,,True
214-GRNPackingMaterialSlip.rpt,214-GRNPackingMaterialSlip.jrxml,compiled from Crystal design; visual review pending,0,,True
215-ExportReturnGrnSlip.rpt,215-ExportReturnGrnSlip.jrxml,compiled from Crystal design; visual review pending,1,section DetailSection1 extended 2 points to contain its objects,True
215-PurchaseOrderPackingMaterialSlip.rpt,215-PurchaseOrderPackingMaterialSlip.jrxml,compiled from Crystal design; visual review pending,1,section PageHeaderSection1 contains objects 2 points outside the printable width,True
215_StockAdjustmentPMSlip.rpt,215_StockAdjustmentPMSlip.jrxml,compiled from Crystal design; visual review pending,1,section PageHeaderSection3 extended 3 points to contain its objects,True
215A-ExportReturnGrnRegister.rpt,215A-ExportReturnGrnRegister.jrxml,compiled from Crystal design; visual review pending,1,section PageHeaderSection5 extended 2 points to contain its objects,True
215ExportReturnGrnRegiste-.rpt,215ExportReturnGrnRegiste-.jrxml,compiled from Crystal design; visual review pending,0,,True
216-ExportReturnInvoice_Register.rpt,216-ExportReturnInvoice_Register.jrxml,compiled from Crystal design; visual review pending,0,,True
216-ExportReturnInvoiceSlip.rpt,216-ExportReturnInvoiceSlip.jrxml,compiled from Crystal design; visual review pending,0,,True
216A-ExportReturnInvoice_Register.rpt,216A-ExportReturnInvoice_Register.jrxml,compiled from Crystal design; visual review pending,1,section PageHeaderSection5 extended 2 points to contain its objects,True
217-StockRecievedRegister.rpt,217-StockRecievedRegister.jrxml,compiled from Crystal design; visual review pending,0,,True
217A_StockRecievedSummaryByBranchAndItem.rpt,217A_StockRecievedSummaryByBranchAndItem.jrxml,compiled from Crystal design; visual review pending,0,,True
220-InvRptPurchaseBillSupplierRiceSlip.rpt,220-InvRptPurchaseBillSupplierRiceSlip.jrxml,compiled from Crystal design; visual review pending,1,section PageHeaderSection2 extended 3 points to contain its objects,True
220-InvRptPurchaseBillSupplierRiceSlip1.rpt,220-InvRptPurchaseBillSupplierRiceSlip1.jrxml,compiled from Crystal design; visual review pending,1,[InvRptPurchaseItemBillOthers.rpt] section ReportFooterSection1 extended 3 points to contain its objects,True
220-InvRptSaleReturnItemSlip.rpt,220-InvRptSaleReturnItemSlip.jrxml,compiled from Crystal design; visual review pending,1,section PageHeaderSection2 extended 9 points to contain its objects,True
220_StockTransferPartyProcessingSlip.rpt,220_StockTransferPartyProcessingSlip.jrxml,compiled from Crystal design; visual review pending,0,,True
220A-InvRptPurchaseBillSupplierRiceSlip.rpt,220A-InvRptPurchaseBillSupplierRiceSlip.jrxml,compiled from Crystal design; visual review pending,1,section PageHeaderSection2 extended 3 points to contain its objects,True
220A-InvRptPurchaseBillSupplierRiceSlip1.rpt,220A-InvRptPurchaseBillSupplierRiceSlip1.jrxml,compiled from Crystal design; visual review pending,5,section PageHeaderSection1 contains objects 3 points outside the printable width | section PageHeaderSection2 contains objects 3 points outside the printable width | section ReportFooterSection1 contains objects 3 points outside the printable width | [InvRptPurchaseBillSupplierOthers] section ReportHeaderSection1 contains objects 2 points outside the printable width | [InvRptPurchaseBillSupplierOthers] section ReportFooterSection1 contains objects 2 points outside the printable width,True
220B-InvRptPurchaseBillSupplierRiceSummary.rpt,220B-InvRptPurchaseBillSupplierRiceSummary.jrxml,compiled from Crystal design; visual review pending,2,[InvRptPurchaseItemBillOthers.rpt] section ReportHeaderSection2 contains objects 24 points outside the printable width | [InvRptPurchaseItemBillOthers.rpt] section ReportFooterSection1 contains objects 24 points outside the printable width,True
220B-InvRptPurchaseBillSupplierRiceSummary1.rpt,220B-InvRptPurchaseBillSupplierRiceSummary1.jrxml,compiled from Crystal design; visual review pending,0,,True
220R-InvRptPurchaseBillReturnSupplierRiceSlip.rpt,220R-InvRptPurchaseBillReturnSupplierRiceSlip.jrxml,compiled from Crystal design; visual review pending,0,,True
221-InvRptPurchaseInvoicePurchaseAvgRateByItem.rpt,221-InvRptPurchaseInvoicePurchaseAvgRateByItem.jrxml,compiled from Crystal design; visual review pending,1,section PageFooterSection1 contains objects 20 points outside the printable width,True
221_GdnForSaleToPartyProcssingSlip.rpt,221_GdnForSaleToPartyProcssingSlip.jrxml,compiled from Crystal design; visual review pending,1,[InvContractorWagesSubReport.rpt] section ReportHeaderSection1 extended 33 points to contain its objects,True
222-InvRptPurchaseInvoicePurchaseAvgRateByItemSupplier.rpt,222-InvRptPurchaseInvoicePurchaseAvgRateByItemSupplier.jrxml,compiled from Crystal design; visual review pending,0,,True
223-InvRptPurchaseRegisterDetail.rpt,223-InvRptPurchaseRegisterDetail.jrxml,compiled from Crystal design; visual review pending,1,section PageHeaderSection4 extended 4 points to contain its objects,True
224-InvRptPurchaseBillRegister.rpt,224-InvRptPurchaseBillRegister.jrxml,compiled from Crystal design; visual review pending,1,section TSection1 extended 2 points to contain its objects,True
225-InvRepPurchaseBillDirectWithoutPo.rpt,225-InvRepPurchaseBillDirectWithoutPo.jrxml,compiled from Crystal design; visual review pending,0,,True
225-InvRptPurchaseBillRegisterItemWise -.rpt,_design_review/225-InvRptPurchaseBillRegisterItemWise -.jrxml,needs review: picture Picture1: embedded images cannot be read through the SDK - drawn as an empty frame,1,picture Picture1: embedded images cannot be read through the SDK - drawn as an empty frame,True
225_StockReservedRegister.rpt,225_StockReservedRegister.jrxml,compiled from Crystal design; visual review pending,0,,True
225A-InvRepPurchaseBillDirectWithoutPo.rpt,225A-InvRepPurchaseBillDirectWithoutPo.jrxml,compiled from Crystal design; visual review pending,0,,True
226-InvRptPurchaseBillRegisterSupplierWise.rpt,_design_review/226-InvRptPurchaseBillRegisterSupplierWise.jrxml,needs review: picture Picture1: embedded images cannot be read through the SDK - drawn as an empty frame,1,picture Picture1: embedded images cannot be read through the SDK - drawn as an empty frame,True
227-InvRptPurchaseBillRegisterSupplier & Item Wise -.rpt,_design_review/227-InvRptPurchaseBillRegisterSupplier & Item Wise -.jrxml,needs review: picture Picture1: embedded images cannot be read through the SDK - drawn as an empty frame,1,picture Picture1: embedded images cannot be read through the SDK - drawn as an empty frame,True
230-InvRptPurchaseBillStoreSlip.rpt,230-InvRptPurchaseBillStoreSlip.jrxml,compiled from Crystal design; visual review pending,0,,True
231-InvRptPurchaseBillPackingMaterialSlip.rpt,231-InvRptPurchaseBillPackingMaterialSlip.jrxml,compiled from Crystal design; visual review pending,1,section PageHeaderSection1 extended 2 points to contain its objects,True
231_01_PurchaseBillPmSlipWithGrnDetail.rpt,231_01_PurchaseBillPmSlipWithGrnDetail.jrxml,compiled from Crystal design; visual review pending,1,section PageHeaderSection1 extended 2 points to contain its objects,True
232-SpInventoryTransactions_PurchasesingRicePaddy_NewRpt_Format-I.rpt,232-SpInventoryTransactions_PurchasesingRicePaddy_NewRpt_Format-I.jrxml,compiled from Crystal design; visual review pending,0,,True
232-SpInventoryTransactions_PurchasesingRicePaddy_NewRpt_Format-II.rpt,,extraction or conversion failed,1,Crystal could not read the source design; see extraction log,True
233-SpInvPurchaseInvoice_StoreBillDirect.rpt,233-SpInvPurchaseInvoice_StoreBillDirect.jrxml,compiled from Crystal design; visual review pending,2,[SupplierBillSubReport.rpt] section ReportHeaderSection2 contains objects 143 points outside the printable width | [SupplierBillSubReport.rpt] section ReportFooterSection1 contains objects 72 points outside the printable width,True
234-PurchaseRegisterSummary.rpt,234-PurchaseRegisterSummary.jrxml,compiled from Crystal design; visual review pending,0,,True
235-PurchaseRegisterSummaryByItem&Customer.rpt,235-PurchaseRegisterSummaryByItem&Customer.jrxml,compiled from Crystal design; visual review pending,0,,True
236-PurchaseRegisterSummaryByItem.rpt,236-PurchaseRegisterSummaryByItem.jrxml,compiled from Crystal design; visual review pending,0,,True
236_01-PurchaseAvgSummary.rpt,236_01-PurchaseAvgSummary.jrxml,compiled from Crystal design; visual review pending,1,section PageHeaderSection1 contains objects 150 points outside the printable width,True
238-InvPurchaseInvoice_StoreBillWithTax.rpt,238-InvPurchaseInvoice_StoreBillWithTax.jrxml,compiled from Crystal design; visual review pending,2,section Section1 extended 39 points to contain its objects | section GroupHeaderSection3 extended 2 points to contain its objects,True
239-ImLcOrderSchedule_FormHistory.rpt,239-ImLcOrderSchedule_FormHistory.jrxml,compiled from Crystal design; visual review pending,0,,True
240-FreightVoucherRegister.rpt,240-FreightVoucherRegister.jrxml,compiled from Crystal design; visual review pending,1,section PageHeaderSection3 extended 2 points to contain its objects,True
241-FreightVoucherSlip-Old.rpt,241-FreightVoucherSlip-Old.jrxml,compiled from Crystal design; visual review pending,0,,True
241-FreightVoucherSlip.rpt,241-FreightVoucherSlip.jrxml,compiled from Crystal design; visual review pending,0,,True
242-MonthTransactionReport_01.rpt,242-MonthTransactionReport_01.jrxml,compiled from Crystal design; visual review pending,0,,True
242-MonthTransactionReport_02.rpt,242-MonthTransactionReport_02.jrxml,compiled from Crystal design; visual review pending,0,,True
242-MonthTransactionReport_03.rpt,242-MonthTransactionReport_03.jrxml,compiled from Crystal design; visual review pending,0,,True
242-MonthTransactionReport_04.rpt,242-MonthTransactionReport_04.jrxml,compiled from Crystal design; visual review pending,0,,True
242-MonthTransactionReport_12M.rpt,242-MonthTransactionReport_12M.jrxml,compiled from Crystal design; visual review pending,0,,True
242-MonthTransactionReport_4M.rpt,242-MonthTransactionReport_4M.jrxml,compiled from Crystal design; visual review pending,0,,True
242-MonthTransactionReport_6M.rpt,242-MonthTransactionReport_6M.jrxml,compiled from Crystal design; visual review pending,0,,True
245_PurchaseInvoiceDirectPM_PartySlip.rpt,245_PurchaseInvoiceDirectPM_PartySlip.jrxml,compiled from Crystal design; visual review pending,0,,True
250_PdcPaymentTransactionsSlip.rpt,250_PdcPaymentTransactionsSlip.jrxml,compiled from Crystal design; visual review pending,1,section ReportHeaderSection2 extended 2 points to contain its objects,True
251-InvRptInwardGatePassSlip.rpt,251-InvRptInwardGatePassSlip.jrxml,compiled from Crystal design; visual review pending,0,,True
251_SupplierDispatchPreBillSlip.rpt,251_SupplierDispatchPreBillSlip.jrxml,compiled from Crystal design; visual review pending,0,,True
253-InvRptGatePassInwardRegisterA.rpt,253-InvRptGatePassInwardRegisterA.jrxml,compiled from Crystal design; visual review pending,0,,True
254-RptInwardGatePassSlipGeneral.rpt,254-RptInwardGatePassSlipGeneral.jrxml,compiled from Crystal design; visual review pending,3,section PageHeaderSection1 extended 2 points to contain its objects | section PageHeaderSection1 contains objects 2 points outside the printable width | section GroupFooterSection3 extended 2 points to contain its objects,True
255-GatePassGeneralRpt.rpt,255-GatePassGeneralRpt.jrxml,compiled from Crystal design; visual review pending,1,section PageHeaderSection1 extended 4 points to contain its objects,True
257-InwardGatePassWithWbAndLabSlip.rpt,257-InwardGatePassWithWbAndLabSlip.jrxml,compiled from Crystal design; visual review pending,0,,True
258-OutwardGatePassWithWbAndLabSlip.rpt,258-OutwardGatePassWithWbAndLabSlip.jrxml,compiled from Crystal design; visual review pending,0,,True
260-InvRptGdnRiceSlip.rpt,260-InvRptGdnRiceSlip.jrxml,compiled from Crystal design; visual review pending,0,,True
260A-DeliveryChallansByGDN.rpt,260A-DeliveryChallansByGDN.jrxml,compiled from Crystal design; visual review pending,1,section GroupHeaderSection2 extended 3 points to contain its objects,True
261-InvRptGdnRegister.rpt,261-InvRptGdnRegister.jrxml,compiled from Crystal design; visual review pending,0,,True
262-DeliveryOrderSlip For Weight Bridge...rpt,262-DeliveryOrderSlip For Weight Bridge...jrxml,compiled from Crystal design; visual review pending,1,section GroupHeaderSection2 extended 2 points to contain its objects,True
262-DeliveryOrderSlip For Weight Bridge.rpt,262-DeliveryOrderSlip For Weight Bridge.jrxml,compiled from Crystal design; visual review pending,1,section GroupHeaderSection2 extended 2 points to contain its objects,True
262-DeliveryOrderSlip.rpt,262-DeliveryOrderSlip.jrxml,compiled from Crystal design; visual review pending,0,,True
262-DeliveryOrderSlip1.rpt,262-DeliveryOrderSlip1.jrxml,compiled from Crystal design; visual review pending,0,,True
263-InvDeliveryOrderForApproval.rpt,263-InvDeliveryOrderForApproval.jrxml,compiled from Crystal design; visual review pending,0,,True
263-InvDeliveryOrderForApprovel.rpt,263-InvDeliveryOrderForApprovel.jrxml,compiled from Crystal design; visual review pending,1,section DetailSection1 extended 18 points to contain its objects,True
264-DeliveryChallanByDeliveryOrder.rpt,264-DeliveryChallanByDeliveryOrder.jrxml,compiled from Crystal design; visual review pending,0,,True
270-InvRptSaleOderRegister.rpt,270-InvRptSaleOderRegister.jrxml,compiled from Crystal design; visual review pending,1,section PageHeaderSection2 extended 2 points to contain its objects,True
271-InvRptSalesOrderRegister.rpt,271-InvRptSalesOrderRegister.jrxml,compiled from Crystal design; visual review pending,0,,True
271_01-InvRptSalesOrderRegister.rpt,271_01-InvRptSalesOrderRegister.jrxml,compiled from Crystal design; visual review pending,0,,True
271A-InvRptSalesOrderRegister.rpt,271A-InvRptSalesOrderRegister.jrxml,compiled from Crystal design; visual review pending,1,section PageHeaderSection2 extended 2 points to contain its objects,True
272-InvRptSaleOrderSlipWithDespatchDetail.rpt,272-InvRptSaleOrderSlipWithDespatchDetail.jrxml,compiled from Crystal design; visual review pending,1,section PageHeaderSection1 extended 2 points to contain its objects,True
273-InvRptSaleOrderSlip(A).rpt,273-InvRptSaleOrderSlip(A).jrxml,compiled from Crystal design; visual review pending,0,,True
273-InvRptSaleOrderSlip.rpt,273-InvRptSaleOrderSlip.jrxml,compiled from Crystal design; visual review pending,0,,True
273_01_SaleOrderSlip.rpt,_design_review/273_01_SaleOrderSlip.jrxml,compiled from Crystal design; visual review pending; existing customized template retained,0,,True
274_1-PreBookinRegister.rpt,274_1-PreBookinRegister.jrxml,compiled from Crystal design; visual review pending,1,section PageHeaderSection2 extended 2 points to contain its objects,True
274_PreBookingOrder_Slip.rpt,274_PreBookingOrder_Slip.jrxml,compiled from Crystal design; visual review pending,0,,True
280-InvRptWeighBridgeSlip-1.rpt,_design_review/280-InvRptWeighBridgeSlip-1.jrxml,needs review: picture Picture1: embedded images cannot be read through the SDK - drawn as an empty frame,1,picture Picture1: embedded images cannot be read through the SDK - drawn as an empty frame,True
280-InvRptWeighBridgeSlip.rpt,280-InvRptWeighBridgeSlip.jrxml,compiled from Crystal design; visual review pending,1,section PageHeaderSection1 extended 3 points to contain its objects,True
280-InvRptWeighBridgeSlip.rpt.rpt,280-InvRptWeighBridgeSlip.rpt.jrxml,compiled from Crystal design; visual review pending,0,,True
281-InvRptWeighBridgeRegister.rpt,281-InvRptWeighBridgeRegister.jrxml,compiled from Crystal design; visual review pending,1,section PageHeaderSection2 extended 2 points to contain its objects,True
281-InvRptWeighBridgeSlipWithPics.rpt,_design_review/281-InvRptWeighBridgeSlipWithPics.jrxml,needs review: picture Picture1: embedded images cannot be read through the SDK - drawn as an empty frame | picture Picture2: embedded images cannot be read through the SDK - drawn as an empty frame | picture Picture3: embedded images cannot be read through the SDK - drawn as an empty frame | picture Picture4: embedded images cannot be read through the SDK - drawn as an empty frame | picture Picture5: embedded images cannot be read through the SDK - drawn as an empty frame | picture Picture6: embedded images cannot be read through the SDK - drawn as an empty frame,6,picture Picture1: embedded images cannot be read through the SDK - drawn as an empty frame | picture Picture2: embedded images cannot be read through the SDK - drawn as an empty frame | picture Picture3: embedded images cannot be read through the SDK - drawn as an empty frame | picture Picture4: embedded images cannot be read through the SDK - drawn as an empty frame | picture Picture5: embedded images cannot be read through the SDK - drawn as an empty frame | picture Picture6: embedded images cannot be read through the SDK - drawn as an empty frame,True
282-SaleInvoice_DirectFlour.rpt,282-SaleInvoice_DirectFlour.jrxml,compiled from Crystal design; visual review pending,0,,True
282A-SaleInvoice_DirectFlour.rpt,282A-SaleInvoice_DirectFlour.jrxml,compiled from Crystal design; visual review pending,1,section PageHeaderSection1 extended 3 points to contain its objects,True
283-FcyBankChargesRegister.rpt,283-FcyBankChargesRegister.jrxml,compiled from Crystal design; visual review pending,0,,True
288-FcyReceiptsSummaryRegister.rpt,288-FcyReceiptsSummaryRegister.jrxml,compiled from Crystal design; visual review pending,0,,True
289-BankGdsSummaryRegister.rpt,289-BankGdsSummaryRegister.jrxml,compiled from Crystal design; visual review pending,1,section DetailSection1 extended 9 points to contain its objects,True
290-InvRptOutwardGatePassSlip.rpt,290-InvRptOutwardGatePassSlip.jrxml,compiled from Crystal design; visual review pending,1,section ReportFooterSection1 contains objects 4 points outside the printable width,True
291-InvRptGatePassOutwardRegister.rpt,291-InvRptGatePassOutwardRegister.jrxml,compiled from Crystal design; visual review pending,0,,True
291-SaleInvoice_AutoRated.rpt,291-SaleInvoice_AutoRated.jrxml,compiled from Crystal design; visual review pending,0,,True
291A-SaleInvoice_AutoRated.rpt,291A-SaleInvoice_AutoRated.jrxml,compiled from Crystal design; visual review pending,2,section PageHeaderSection1 extended 3 points to contain its objects | section GroupHeaderSection1 extended 2 points to contain its objects,True
292-InvRptSupplierRegister.rpt,292-InvRptSupplierRegister.jrxml,compiled from Crystal design; visual review pending,0,,True
292_01-InvRptSupplierRegister.rpt,292_01-InvRptSupplierRegister.jrxml,compiled from Crystal design; visual review pending,0,,True
293-InvRptSupplierSlip.rpt,293-InvRptSupplierSlip.jrxml,compiled from Crystal design; visual review pending,0,,True
294-InvRptSaleBillDirectWithoutSO.rpt,294-InvRptSaleBillDirectWithoutSO.jrxml,compiled from Crystal design; visual review pending,1,section PageHeaderSection1 extended 2 points to contain its objects,True
294-InvRptSaleBillDirectWithoutSO12.rpt,294-InvRptSaleBillDirectWithoutSO12.jrxml,compiled from Crystal design; visual review pending,1,section ReportHeaderSection1 extended 4 points to contain its objects,True
294A-InvRptSaleBillDirectWithoutSO.rpt,294A-InvRptSaleBillDirectWithoutSO.jrxml,compiled from Crystal design; visual review pending,0,,True
294B-InvRptSaleBillDirectWithoutSO.rpt,294B-InvRptSaleBillDirectWithoutSO.jrxml,compiled from Crystal design; visual review pending,1,section PageHeaderSection1 extended 2 points to contain its objects,True
294C_SaleBillDirectItemSlip.rpt,294C_SaleBillDirectItemSlip.jrxml,compiled from Crystal design; visual review pending,0,,True
295-InvRptOutwardGatePassSlipWithItems.rpt,295-InvRptOutwardGatePassSlipWithItems.jrxml,compiled from Crystal design; visual review pending,0,,True
296-InvRptSaleRegisterDetail.rpt,296-InvRptSaleRegisterDetail.jrxml,compiled from Crystal design; visual review pending,1,section PageHeaderSection1 extended 4 points to contain its objects,True
297-InvRptSaleBillRegister.rpt,297-InvRptSaleBillRegister.jrxml,compiled from Crystal design; visual review pending,1,section PageHeaderSection1 extended 2 points to contain its objects,True
298-InvRptSale BillActivity.rpt,298-InvRptSale BillActivity.jrxml,compiled from Crystal design; visual review pending,0,,True
299-InvRptPartyProcessingInwardGatePassSlip.rpt,299-InvRptPartyProcessingInwardGatePassSlip.jrxml,compiled from Crystal design; visual review pending,1,section PageHeaderSection1 extended 3 points to contain its objects,True
299-InvRptPartyProcessingOutwardGatePassSlip.rpt,299-InvRptPartyProcessingOutwardGatePassSlip.jrxml,compiled from Crystal design; visual review pending,1,section PageHeaderSection1 extended 3 points to contain its objects,True
299-SalesOrderRegistery.rpt,299-SalesOrderRegistery.jrxml,compiled from Crystal design; visual review pending,1,section PageHeaderSection4 extended 2 points to contain its objects,True
300-RptPartyProcessingGatePassRegister.rpt,300-RptPartyProcessingGatePassRegister.jrxml,compiled from Crystal design; visual review pending,1,section DetailSection1 extended 3 points to contain its objects,True
300_01_FISummaryRegister.rpt,300_01_FISummaryRegister.jrxml,compiled from Crystal design; visual review pending,0,,True
300_02-FIAdvanceBalanceSummary.rpt,300_02-FIAdvanceBalanceSummary.jrxml,compiled from Crystal design; visual review pending,0,,True
301-InvRepSaleBillCustomer.rpt,301-InvRepSaleBillCustomer.jrxml,compiled from Crystal design; visual review pending,1,section GroupHeaderSection3 extended 3 points to contain its objects,True
302-InvSaleInvoice.rpt,302-InvSaleInvoice.jrxml,compiled from Crystal design; visual review pending,1,section PageHeaderSection1 extended 2 points to contain its objects,True
303-InvRepSaleBillCustomer-Format-II.rpt,303-InvRepSaleBillCustomer-Format-II.jrxml,compiled from Crystal design; visual review pending,0,,True
303A_SaleInvoiceItemSlip.rpt,303A_SaleInvoiceItemSlip.jrxml,compiled from Crystal design; visual review pending,0,,True
312-SalesRegisterSummary.rpt,312-SalesRegisterSummary.jrxml,compiled from Crystal design; visual review pending,0,,True
313-SalesRegisterSummaryByCustomer.rpt,313-SalesRegisterSummaryByCustomer.jrxml,compiled from Crystal design; visual review pending,1,section PageHeaderSection1 extended 3 points to contain its objects,True
314-SalesRegisterSummaryByItem.rpt,314-SalesRegisterSummaryByItem.jrxml,compiled from Crystal design; visual review pending,0,,True
315-SalesRegisterSummaryByCustomer&Item.rpt,315-SalesRegisterSummaryByCustomer&Item.jrxml,compiled from Crystal design; visual review pending,0,,True
316-SalesRegisterSummaryByItemWithoutPacking.rpt,316-SalesRegisterSummaryByItemWithoutPacking.jrxml,compiled from Crystal design; visual review pending,0,,True
317-SalesRegisterSummaryByWarehouse.rpt,317-SalesRegisterSummaryByWarehouse.jrxml,compiled from Crystal design; visual review pending,0,,True
318-InvRepSaleBillCustomer.rpt,318-InvRepSaleBillCustomer.jrxml,compiled from Crystal design; visual review pending,0,,True
324-SalesItemPricingList.rpt,324-SalesItemPricingList.jrxml,compiled from Crystal design; visual review pending,0,,True
324A_SalesPricingList.rpt,324A_SalesPricingList.jrxml,compiled from Crystal design; visual review pending,0,,True
325-ItemPricingList.rpt,325-ItemPricingList.jrxml,compiled from Crystal design; visual review pending,1,section PageHeaderSection3 extended 4 points to contain its objects,True
325_01-ItemPricingList.rpt,325_01-ItemPricingList.jrxml,compiled from Crystal design; visual review pending,1,section PageHeaderSection3 extended 2 points to contain its objects,True
326-GetItemsFromMinAndMaxRateSchedule.rpt,326-GetItemsFromMinAndMaxRateSchedule.jrxml,compiled from Crystal design; visual review pending,1,section PageHeaderSection3 extended 2 points to contain its objects,True
326_01_ItemsFromMinAndMaxRateSchedule_FormHistory.rpt,326_01_ItemsFromMinAndMaxRateSchedule_FormHistory.jrxml,compiled from Crystal design; visual review pending,1,section PageHeaderSection3 extended 2 points to contain its objects,True
330-InvSupplyOrderSlip.rpt,330-InvSupplyOrderSlip.jrxml,compiled from Crystal design; visual review pending,4,section PageHeaderSection1 extended 2 points to contain its objects | section PageHeaderSection1 contains objects 27 points outside the printable width | section ReportFooterSection1 contains objects 27 points outside the printable width | section ReportFooterSection3 contains objects 27 points outside the printable width,True
331-InvRptGoodsReceiptsNotesRiceSlip.rpt,331-InvRptGoodsReceiptsNotesRiceSlip.jrxml,compiled from Crystal design; visual review pending,0,,True
332-PartyProcessingGRNSlip.rpt,332-PartyProcessingGRNSlip.jrxml,compiled from Crystal design; visual review pending,0,,True
332-Sp_InvGrnPartyProcessing_RiceRegister.rpt,332-Sp_InvGrnPartyProcessing_RiceRegister.jrxml,compiled from Crystal design; visual review pending,0,,True
332_01-PartyProcessingGDNSlip.rpt,332_01-PartyProcessingGDNSlip.jrxml,compiled from Crystal design; visual review pending,0,,True
333-InvRptGoodsReceiptsNotesRiceSlip.rpt,333-InvRptGoodsReceiptsNotesRiceSlip.jrxml,compiled from Crystal design; visual review pending,0,,True
334-RptGrnRegister.rpt,334-RptGrnRegister.jrxml,compiled from Crystal design; visual review pending,0,,True
334_01-GrnAuditReport.rpt,334_01-GrnAuditReport.jrxml,compiled from Crystal design; visual review pending,1,section PageHeaderSection3 extended 2 points to contain its objects,True
335-RptGrnRegister.rpt,335-RptGrnRegister.jrxml,compiled from Crystal design; visual review pending,0,,True
335_01-GrnRegisterSummaryItemWise.rpt,335_01-GrnRegisterSummaryItemWise.jrxml,compiled from Crystal design; visual review pending,0,,True
336-GrnStoreRegister.rpt,336-GrnStoreRegister.jrxml,compiled from Crystal design; visual review pending,1,section PageHeaderSection3 contains objects 4 points outside the printable width,True
337-GrnPartyProcessing_RiceRegister-Format-2.rpt,337-GrnPartyProcessing_RiceRegister-Format-2.jrxml,compiled from Crystal design; visual review pending,1,section GroupHeaderSection1 extended 3 points to contain its objects,True
337-Sp_InvGrnPartyProcessing_RiceRegisterGDN1.rpt,337-Sp_InvGrnPartyProcessing_RiceRegisterGDN1.jrxml,compiled from Crystal design; visual review pending,0,,True
338-GdnPartyProcessing_RiceRegister-Format-2.rpt,338-GdnPartyProcessing_RiceRegister-Format-2.jrxml,compiled from Crystal design; visual review pending,0,,True
338-GrnPartyProcessing_RiceRegister-Format-3.rpt,338-GrnPartyProcessing_RiceRegister-Format-3.jrxml,compiled from Crystal design; visual review pending,0,,True
339-InvRptGoodsReceiptsNotesRiceSlipGDN.rpt,339-InvRptGoodsReceiptsNotesRiceSlipGDN.jrxml,compiled from Crystal design; visual review pending,1,section DetailSection1 extended 2 points to contain its objects,True
341-GrnPackingMaterialRegister.rpt,341-GrnPackingMaterialRegister.jrxml,compiled from Crystal design; visual review pending,0,,True
342-SalesSummaryByItem&City.rpt,342-SalesSummaryByItem&City.jrxml,compiled from Crystal design; visual review pending,0,,True
343-SalesSummaryByCustomer&City.rpt,343-SalesSummaryByCustomer&City.jrxml,compiled from Crystal design; visual review pending,0,,True
344-SalesSummaryByItemPackSize&City.rpt,344-SalesSummaryByItemPackSize&City.jrxml,compiled from Crystal design; visual review pending,1,section PageHeaderSection1 extended 2 points to contain its objects,True
345-SalesSummaryByCustomerItem&City.rpt,345-SalesSummaryByCustomerItem&City.jrxml,compiled from Crystal design; visual review pending,0,,True
346-SalesSummaryByCustomer&PackSize.rpt,346-SalesSummaryByCustomer&PackSize.jrxml,compiled from Crystal design; visual review pending,0,,True
347-OrderRegister.rpt,347-OrderRegister.jrxml,compiled from Crystal design; visual review pending,0,,True
347-SalesSummaryByParentCategory.rpt,347-SalesSummaryByParentCategory.jrxml,compiled from Crystal design; visual review pending,1,section PageHeaderSection1 extended 3 points to contain its objects,True
348-OrderSummaryByItem&PackSize.rpt,348-OrderSummaryByItem&PackSize.jrxml,compiled from Crystal design; visual review pending,0,,True
348-SalesSummaryByParentCategory&Item.rpt,348-SalesSummaryByParentCategory&Item.jrxml,compiled from Crystal design; visual review pending,1,section PageHeaderSection1 extended 3 points to contain its objects,True
"349-OrderSummaryByItem,PackSize&City.rpt","349-OrderSummaryByItem,PackSize&City.jrxml",compiled from Crystal design; visual review pending,1,section PageHeaderSection3 extended 2 points to contain its objects,True
349-SalesSummaryByParentCategory&Customer.rpt,349-SalesSummaryByParentCategory&Customer.jrxml,compiled from Crystal design; visual review pending,1,section PageHeaderSection1 extended 3 points to contain its objects,True
350-OrderSummaryByCustomer&PackSize.rpt,350-OrderSummaryByCustomer&PackSize.jrxml,compiled from Crystal design; visual review pending,0,,True
350-SalesSummaryByReferenceParty.rpt,350-SalesSummaryByReferenceParty.jrxml,compiled from Crystal design; visual review pending,1,section PageHeaderSection1 extended 3 points to contain its objects,True
351-OrderSummaryByItem.rpt,351-OrderSummaryByItem.jrxml,compiled from Crystal design; visual review pending,0,,True
351-SalesSummaryByReferenceParty&City.rpt,351-SalesSummaryByReferenceParty&City.jrxml,compiled from Crystal design; visual review pending,1,section PageHeaderSection1 extended 3 points to contain its objects,True
352-OrderSummaryByItem&City.rpt,352-OrderSummaryByItem&City.jrxml,compiled from Crystal design; visual review pending,1,section PageHeaderSection6 extended 2 points to contain its objects,True
352-SalesSummaryByReferenceParty&PackSize.rpt,352-SalesSummaryByReferenceParty&PackSize.jrxml,compiled from Crystal design; visual review pending,1,section PageHeaderSection1 extended 3 points to contain its objects,True
353-OrderSummaryByCustomer.rpt,353-OrderSummaryByCustomer.jrxml,compiled from Crystal design; visual review pending,1,section PageHeaderSection4 extended 2 points to contain its objects,True
354-OrderSummaryByCustomer&City.rpt,354-OrderSummaryByCustomer&City.jrxml,compiled from Crystal design; visual review pending,1,section PageHeaderSection3 extended 2 points to contain its objects,True
355-OrderSummaryByCustomer&Item.rpt,355-OrderSummaryByCustomer&Item.jrxml,compiled from Crystal design; visual review pending,2,section PageHeaderSection4 extended 2 points to contain its objects | section PageHeaderSection3 extended 2 points to contain its objects,True
"356-OrderSummaryByCustomer,Item&City.rpt","356-OrderSummaryByCustomer,Item&City.jrxml",compiled from Crystal design; visual review pending,1,section PageHeaderSection3 extended 2 points to contain its objects,True
357-OrderSummaryByCustomerandReferenceParty.rpt,357-OrderSummaryByCustomerandReferenceParty.jrxml,compiled from Crystal design; visual review pending,1,section PageHeaderSection3 extended 2 points to contain its objects,True
357-PurchaseOrderRegister_PM.rpt,357-PurchaseOrderRegister_PM.jrxml,compiled from Crystal design; visual review pending,0,,True
357_01-PurchaseOrderRegister_PM.rpt,357_01-PurchaseOrderRegister_PM.jrxml,compiled from Crystal design; visual review pending,1,section PageHeaderSection1 extended 2 points to contain its objects,True
358-OrderSummaryByCustomer&Item&ReferenceParty.rpt,358-OrderSummaryByCustomer&Item&ReferenceParty.jrxml,compiled from Crystal design; visual review pending,2,section PageHeaderSection4 extended 2 points to contain its objects | section PageHeaderSection3 extended 2 points to contain its objects,True
358-PendingGatePassForDelivery.rpt,358-PendingGatePassForDelivery.jrxml,compiled from Crystal design; visual review pending,0,,True
358_01_PendingGatePassForGRN.rpt,358_01_PendingGatePassForGRN.jrxml,compiled from Crystal design; visual review pending,0,,True
359-GetExportSales.rpt,359-GetExportSales.jrxml,compiled from Crystal design; visual review pending,0,,True
359-OrderSummaryByReferenceParty.rpt,359-OrderSummaryByReferenceParty.jrxml,compiled from Crystal design; visual review pending,1,section PageHeaderSection3 extended 2 points to contain its objects,True
360-OrderSummaryByReferenceParty&City.rpt,360-OrderSummaryByReferenceParty&City.jrxml,compiled from Crystal design; visual review pending,1,section PageHeaderSection3 extended 2 points to contain its objects,True
360-SalesRegisterSummary.rpt,360-SalesRegisterSummary.jrxml,compiled from Crystal design; visual review pending,1,section PageHeaderSection3 extended 2 points to contain its objects,True
361-OrderSummaryByReferenceParty&Item.rpt,361-OrderSummaryByReferenceParty&Item.jrxml,compiled from Crystal design; visual review pending,0,,True
361-SalesSummaryByItem.rpt,361-SalesSummaryByItem.jrxml,compiled from Crystal design; visual review pending,2,section PageHeaderSection5 extended 3 points to contain its objects | section PageHeaderSection2 extended 2 points to contain its objects,True
362-SalesSummaryByItem&City.rpt,362-SalesSummaryByItem&City.jrxml,compiled from Crystal design; visual review pending,2,section PageHeaderSection1 extended 2 points to contain its objects | section PageHeaderSection3 extended 2 points to contain its objects,True
363-SalesSummaryByItem&PackSize.rpt,363-SalesSummaryByItem&PackSize.jrxml,compiled from Crystal design; visual review pending,1,section PageHeaderSection1 extended 2 points to contain its objects,True
364-SalesSummaryByItem&Warehouse.rpt,364-SalesSummaryByItem&Warehouse.jrxml,compiled from Crystal design; visual review pending,2,section PageHeaderSection1 extended 2 points to contain its objects | section PageHeaderSection3 extended 2 points to contain its objects,True
365-SalesSummaryByItemPackSize&City.rpt,365-SalesSummaryByItemPackSize&City.jrxml,compiled from Crystal design; visual review pending,0,,True
366-SalesSummaryByCustomer.rpt,366-SalesSummaryByCustomer.jrxml,compiled from Crystal design; visual review pending,1,section PageHeaderSection3 extended 2 points to contain its objects,True
366ASalesSummaryByCustomer&Invoice.rpt,366ASalesSummaryByCustomer&Invoice.jrxml,compiled from Crystal design; visual review pending,2,section PageHeaderSection3 extended 2 points to contain its objects | section GroupHeaderSection1 extended 4 points to contain its objects,True
366B-SalesSummaryByCustomer&Invoice.rpt,366B-SalesSummaryByCustomer&Invoice.jrxml,compiled from Crystal design; visual review pending,1,section PageHeaderSection3 extended 2 points to contain its objects,True
367-SalesSummaryByCustomer&Item.rpt,367-SalesSummaryByCustomer&Item.jrxml,compiled from Crystal design; visual review pending,2,section PageHeaderSection1 contains objects 5 points outside the printable width | section PageHeaderSection3 extended 2 points to contain its objects,True
368-SalesSummaryByCustomer&City.rpt,368-SalesSummaryByCustomer&City.jrxml,compiled from Crystal design; visual review pending,1,section PageHeaderSection3 extended 2 points to contain its objects,True
369-SalesSummaryByCustomerItem&City.rpt,369-SalesSummaryByCustomerItem&City.jrxml,compiled from Crystal design; visual review pending,1,section PageHeaderSection3 extended 2 points to contain its objects,True
370-SalesSummaryByCustomer&PackSize.rpt,370-SalesSummaryByCustomer&PackSize.jrxml,compiled from Crystal design; visual review pending,0,,True
371-SalesSummaryByCity.rpt,371-SalesSummaryByCity.jrxml,compiled from Crystal design; visual review pending,1,section PageHeaderSection3 extended 2 points to contain its objects,True
372-SalesSummaryByParentCategory.rpt,372-SalesSummaryByParentCategory.jrxml,compiled from Crystal design; visual review pending,2,section PageHeaderSection3 extended 2 points to contain its objects | section PageHeaderSection3 contains objects 58 points outside the printable width,True
373-SalesSummaryByParentCategory&Item.rpt,373-SalesSummaryByParentCategory&Item.jrxml,compiled from Crystal design; visual review pending,1,section PageHeaderSection3 extended 2 points to contain its objects,True
374-SalesSummaryByParentCategory&Customer.rpt,374-SalesSummaryByParentCategory&Customer.jrxml,compiled from Crystal design; visual review pending,1,section PageHeaderSection3 extended 2 points to contain its objects,True
"376-SalesSummaryByCustomer,ItemReferenceParty.rpt","376-SalesSummaryByCustomer,ItemReferenceParty.jrxml",compiled from Crystal design; visual review pending,0,,True
377-SalesSummaryByReferenceParty&Item.rpt,377-SalesSummaryByReferenceParty&Item.jrxml,compiled from Crystal design; visual review pending,1,section PageHeaderSection1 extended 3 points to contain its objects,True
378-SalesSummaryByCustomer&ReferenceParty.rpt,378-SalesSummaryByCustomer&ReferenceParty.jrxml,compiled from Crystal design; visual review pending,0,,True
"379-SalesSummaryByReferenceParty,Item&PackSize.rpt","379-SalesSummaryByReferenceParty,Item&PackSize.jrxml",compiled from Crystal design; visual review pending,1,section PageHeaderSection1 extended 3 points to contain its objects,True
380-DueByDateReceivables.rpt,380-DueByDateReceivables.jrxml,compiled from Crystal design; visual review pending,1,section PageHeaderSection2 extended 2 points to contain its objects,True
382-ItemStockSummary.rpt,382-ItemStockSummary.jrxml,compiled from Crystal design; visual review pending,1,section PageHeaderSection3 extended 2 points to contain its objects,True
383-ItemandWarehouseStockSummary.rpt,383-ItemandWarehouseStockSummary.jrxml,compiled from Crystal design; visual review pending,2,section PageHeaderSection3 extended 2 points to contain its objects | section GroupHeaderSection1 extended 2 points to contain its objects,True
384-ItemandWarehouseStockSummary.rpt,384-ItemandWarehouseStockSummary.jrxml,compiled from Crystal design; visual review pending,2,section PageHeaderSection3 extended 2 points to contain its objects | section GroupHeaderSection1 extended 2 points to contain its objects,True
385-JobLotandItemStockSummary.rpt,385-JobLotandItemStockSummary.jrxml,compiled from Crystal design; visual review pending,2,section PageHeaderSection3 extended 2 points to contain its objects | section GroupHeaderSection1 extended 3 points to contain its objects,True
386-WarehouseandJoblotandItemStockSummary.rpt,386-WarehouseandJoblotandItemStockSummary.jrxml,compiled from Crystal design; visual review pending,1,section PageHeaderSection3 extended 2 points to contain its objects,True
387-GRNWeightAuditReport.rpt,,extraction or conversion failed,1,Crystal could not read the source design; see extraction log,True
388-GRNFreightAuditReport.rpt,388-GRNFreightAuditReport.jrxml,compiled from Crystal design; visual review pending,0,,True
389-GetPreInvoicesAndForwardingDateForCommercialInvoices.rpt,389-GetPreInvoicesAndForwardingDateForCommercialInvoices.jrxml,compiled from Crystal design; visual review pending,0,,True
390_01_GetStockByFifo.rpt,390_01_GetStockByFifo.jrxml,compiled from Crystal design; visual review pending,1,section PageHeaderSection1 extended 10 points to contain its objects,True
390_GetFIFODataForAudit.rpt,390_GetFIFODataForAudit.jrxml,compiled from Crystal design; visual review pending,0,,True
391-OrderRegister.rpt,391-OrderRegister.jrxml,compiled from Crystal design; visual review pending,0,,True
392-OrderSummaryByItem.rpt,392-OrderSummaryByItem.jrxml,compiled from Crystal design; visual review pending,0,,True
393-OrderSummaryBySupplier.rpt,393-OrderSummaryBySupplier.jrxml,compiled from Crystal design; visual review pending,2,section PageHeaderSection4 extended 2 points to contain its objects | section PageHeaderSection3 extended 2 points to contain its objects,True
394-OrderSummaryByCustomerandItem.rpt,394-OrderSummaryByCustomerandItem.jrxml,compiled from Crystal design; visual review pending,1,section PageHeaderSection4 extended 2 points to contain its objects,True
395-LcOrderShipmentScheduleLcOrderWise_Slip.rpt,395-LcOrderShipmentScheduleLcOrderWise_Slip.jrxml,compiled from Crystal design; visual review pending,1,section PageHeaderSection2 extended 2 points to contain its objects,True
396-ExportDeliveryOrderSlip.rpt,396-ExportDeliveryOrderSlip.jrxml,compiled from Crystal design; visual review pending,2,section GroupHeaderSection2 extended 2 points to contain its objects | section GroupFooterSection2 extended 2 points to contain its objects,True
396-ExportDeliveryOrderSlip1.rpt,396-ExportDeliveryOrderSlip1.jrxml,compiled from Crystal design; visual review pending,1,section GroupHeaderSection2 extended 2 points to contain its objects,True
401-StockEvalautionDetail_GenerateStocks_Register -Store.rpt,401-StockEvalautionDetail_GenerateStocks_Register -Store.jrxml,compiled from Crystal design; visual review pending,2,section PageHeaderSection1 extended 2 points to contain its objects | section DetailSection1 extended 2 points to contain its objects,True
402-InvStockRptInventoryTransactionsA-Store.rpt,402-InvStockRptInventoryTransactionsA-Store.jrxml,compiled from Crystal design; visual review pending,1,section PageHeaderSection1 contains objects 28 points outside the printable width,True
402-InvStockRptInventoryTransactionsA.rpt,402-InvStockRptInventoryTransactionsA.jrxml,compiled from Crystal design; visual review pending,1,section PageHeaderSection1 contains objects 2 points outside the printable width,True
403-InvStockRptInventoryTransactionsStocks -Store.rpt,403-InvStockRptInventoryTransactionsStocks -Store.jrxml,compiled from Crystal design; visual review pending,1,section PageHeaderSection2 extended 2 points to contain its objects,True
403-InvStockRptInventoryTransactionsStocks.rpt,403-InvStockRptInventoryTransactionsStocks.jrxml,compiled from Crystal design; visual review pending,0,,True
404-RptEBGLBySupplierandItem.rpt,404-RptEBGLBySupplierandItem.jrxml,compiled from Crystal design; visual review pending,0,,True
405-RptEBGLBySupplier.rpt,405-RptEBGLBySupplier.jrxml,compiled from Crystal design; visual review pending,0,,True
406-InvStockTransferSlip.rpt,406-InvStockTransferSlip.jrxml,compiled from Crystal design; visual review pending,1,section DetailSection1 extended 2 points to contain its objects,True
407-InvStockTransferSlip.rpt,407-InvStockTransferSlip.jrxml,compiled from Crystal design; visual review pending,0,,True
408-StockTransferRegister.rpt,408-StockTransferRegister.jrxml,compiled from Crystal design; visual review pending,1,section PageHeaderSection1 extended 2 points to contain its objects,True
409-InvStockAdjustmentSlip.rpt,409-InvStockAdjustmentSlip.jrxml,compiled from Crystal design; visual review pending,2,section PageHeaderSection3 extended 3 points to contain its objects | section PageHeaderSection1 extended 2 points to contain its objects,True
410-InvStockAdjustmentRegister.rpt,410-InvStockAdjustmentRegister.jrxml,compiled from Crystal design; visual review pending,1,section PageHeaderSection1 extended 3 points to contain its objects,True
411-InvStockRptInventoryTransactionsNew.rpt,411-InvStockRptInventoryTransactionsNew.jrxml,compiled from Crystal design; visual review pending,0,,True
412-StockRptInventoryTransactionsNew.rpt,412-StockRptInventoryTransactionsNew.jrxml,compiled from Crystal design; visual review pending,0,,True
413-PaddyPurchaseRegister.rpt,413-PaddyPurchaseRegister.jrxml,compiled from Crystal design; visual review pending,7,section PageHeaderSection1 contains objects 2 points outside the printable width | section PageHeaderSection2 extended 2 points to contain its objects | section PageHeaderSection2 contains objects 2 points outside the printable width | section PageHeaderSection3 contains objects 2 points outside the printable width | section DetailSection2 extended 2 points to contain its objects | section ReportFooterSection1 contains objects 2 points outside the printable width | section PageFooterSection2 contains objects 2 points outside the printable width,True
414-InvStockRptInventoryTransactions.rpt,414-InvStockRptInventoryTransactions.jrxml,compiled from Crystal design; visual review pending,1,section PageHeaderSection1 contains objects 2 points outside the printable width,True
415-InvStockTransferPackingMaterialAndStore_SlipandRegister.rpt,415-InvStockTransferPackingMaterialAndStore_SlipandRegister.jrxml,compiled from Crystal design; visual review pending,0,,True
416-InvStockOpeningBalanceHeader_Register.rpt,416-InvStockOpeningBalanceHeader_Register.jrxml,compiled from Crystal design; visual review pending,0,,True
416_01-InvStockOpeningBalancePartyProcessing_Slip.rpt,416_01-InvStockOpeningBalancePartyProcessing_Slip.jrxml,compiled from Crystal design; visual review pending,1,section PageHeaderSection1 contains objects 3 points outside the printable width,True
416_01_StockOpeningBalanceHeader_Register.rpt,416_01_StockOpeningBalanceHeader_Register.jrxml,compiled from Crystal design; visual review pending,0,,True
417-InventoryStockTransactionsReport.rpt,417-InventoryStockTransactionsReport.jrxml,compiled from Crystal design; visual review pending,0,,True
418-StockReprotWithFIFO_Register.rpt,418-StockReprotWithFIFO_Register.jrxml,compiled from Crystal design; visual review pending,1,section PageHeaderSection2 extended 2 points to contain its objects,True
419-PartyToPartyPackingMaterialSlip.rpt,419-PartyToPartyPackingMaterialSlip.jrxml,compiled from Crystal design; visual review pending,1,section PageHeaderSection3 extended 3 points to contain its objects,True
420_ProfitLossReport.rpt,420_ProfitLossReport.jrxml,compiled from Crystal design; visual review pending,0,,True
421_01_ItemEvaluationLedger.rpt,421_01_ItemEvaluationLedger.jrxml,compiled from Crystal design; visual review pending,0,,True
421_ItemEvaluationLedger.rpt,421_ItemEvaluationLedger.jrxml,compiled from Crystal design; visual review pending,0,,True
422_InventoryEvaluationLedgerStore.rpt,422_InventoryEvaluationLedgerStore.jrxml,compiled from Crystal design; visual review pending,0,,True
450-RptDepartmentRequestRegister.rpt,450-RptDepartmentRequestRegister.jrxml,compiled from Crystal design; visual review pending,3,section PageHeaderSection1 contains objects 65 points outside the printable width | section PageHeaderSection3 contains objects 64 points outside the printable width | section ReportFooterSection1 contains objects 64 points outside the printable width,True
451-RptDepartmentRequestSlip.rpt,451-RptDepartmentRequestSlip.jrxml,compiled from Crystal design; visual review pending,2,section PageHeaderSection1 contains objects 71 points outside the printable width | section ReportFooterSection1 contains objects 70 points outside the printable width,True
452-RptInvGsStoreIssuanceHeader_Slip.rpt,452-RptInvGsStoreIssuanceHeader_Slip.jrxml,compiled from Crystal design; visual review pending,0,,True
453-RptInvGsStoreIssuanceHeader_Register.rpt,453-RptInvGsStoreIssuanceHeader_Register.jrxml,compiled from Crystal design; visual review pending,1,section GroupHeaderSection1 extended 2 points to contain its objects,True
454-InvPurchaseDemanSlip.rpt,454-InvPurchaseDemanSlip.jrxml,compiled from Crystal design; visual review pending,1,section PageHeaderSection2 extended 4 points to contain its objects,True
455-StoreIssuanceHeaderRegister.rpt,455-StoreIssuanceHeaderRegister.jrxml,compiled from Crystal design; visual review pending,1,section PageHeaderSection1 extended 3 points to contain its objects,True
456-PurchaseDemandRegister.rpt,456-PurchaseDemandRegister.jrxml,compiled from Crystal design; visual review pending,2,section PageHeaderSection1 extended 3 points to contain its objects | section ReportFooterSection3 extended 2 points to contain its objects,True
457-StoreIssuanceReturnSlip.rpt,457-StoreIssuanceReturnSlip.jrxml,compiled from Crystal design; visual review pending,0,,True
458-StorePurchaseRegister.rpt,458-StorePurchaseRegister.jrxml,compiled from Crystal design; visual review pending,1,section PageHeaderSection1 extended 2 points to contain its objects,True
459-StoreIssuanceReturnRegister.rpt,459-StoreIssuanceReturnRegister.jrxml,compiled from Crystal design; visual review pending,0,,True
462-BoilerConsumption_Register.rpt,462-BoilerConsumption_Register.jrxml,compiled from Crystal design; visual review pending,0,,True
463-RequiredRawMaterialRegister.rpt,463-RequiredRawMaterialRegister.jrxml,compiled from Crystal design; visual review pending,0,,True
464-RequiredRawMaterialRegisterTwo.rpt,464-RequiredRawMaterialRegisterTwo.jrxml,compiled from Crystal design; visual review pending,0,,True
465-StoreSendReceipt_Slip.rpt,465-StoreSendReceipt_Slip.jrxml,compiled from Crystal design; visual review pending,0,,True
466_01-ItemStockSummaryPartyProcessing.rpt,466_01-ItemStockSummaryPartyProcessing.jrxml,compiled from Crystal design; visual review pending,0,,True
466_02-ItemandWarehouseStockSummaryPartyProcessing.rpt,466_02-ItemandWarehouseStockSummaryPartyProcessing.jrxml,compiled from Crystal design; visual review pending,1,section PageHeaderSection2 extended 2 points to contain its objects,True
466_03-ItemandCropYearStockSummaryPartyProcessing.rpt,466_03-ItemandCropYearStockSummaryPartyProcessing.jrxml,compiled from Crystal design; visual review pending,1,section PageHeaderSection2 extended 2 points to contain its objects,True
466_04-JobLotandItemStockSummaryPartyProcessing.rpt,466_04-JobLotandItemStockSummaryPartyProcessing.jrxml,compiled from Crystal design; visual review pending,1,section PageHeaderSection2 extended 2 points to contain its objects,True
466_05-ItemandCropYearandWarehouseStockSummaryPartyProcessing.rpt,466_05-ItemandCropYearandWarehouseStockSummaryPartyProcessing.jrxml,compiled from Crystal design; visual review pending,1,section PageHeaderSection2 extended 2 points to contain its objects,True
466_06-WarehouseandJoblotandItemStockSummaryStockSummaryPartyProcessing.rpt,466_06-WarehouseandJoblotandItemStockSummaryStockSummaryPartyProcessing.jrxml,compiled from Crystal design; visual review pending,1,section PageHeaderSection2 extended 2 points to contain its objects,True
475-RptInvGsStoreIssuanceHeader_Slip.rpt,475-RptInvGsStoreIssuanceHeader_Slip.jrxml,compiled from Crystal design; visual review pending,1,section ReportFooterSection3 contains objects 2 points outside the printable width,True
476-GetReportByFiFo.rpt,476-GetReportByFiFo.jrxml,compiled from Crystal design; visual review pending,0,,True
479_01_ItemStockSummary.rpt,479_01_ItemStockSummary.jrxml,compiled from Crystal design; visual review pending,1,section PageHeaderSection3 extended 3 points to contain its objects,True
479_02_ItemandWarehouseStockSummary.rpt,479_02_ItemandWarehouseStockSummary.jrxml,compiled from Crystal design; visual review pending,1,section PageHeaderSection3 extended 2 points to contain its objects,True
479_03_WarehouseAndItemStockSummary.rpt,479_03_WarehouseAndItemStockSummary.jrxml,compiled from Crystal design; visual review pending,1,section PageHeaderSection3 extended 2 points to contain its objects,True
479_04_JobLotandItemStockSummary.rpt,479_04_JobLotandItemStockSummary.jrxml,compiled from Crystal design; visual review pending,1,section PageHeaderSection3 extended 2 points to contain its objects,True
479_05_WarehouseandJoblotandItemStockSummary.rpt,479_05_WarehouseandJoblotandItemStockSummary.jrxml,compiled from Crystal design; visual review pending,1,section PageHeaderSection3 extended 2 points to contain its objects,True
479_06_WarehouseandItemandJoblotStockSummary.rpt,479_06_WarehouseandItemandJoblotStockSummary.jrxml,compiled from Crystal design; visual review pending,1,section PageHeaderSection3 extended 2 points to contain its objects,True
479_07_ItemandPackSizeStockSummary.rpt,479_07_ItemandPackSizeStockSummary.jrxml,compiled from Crystal design; visual review pending,1,section PageHeaderSection3 extended 2 points to contain its objects,True
479_08_ItemandPackingTypeStockSummary.rpt,479_08_ItemandPackingTypeStockSummary.jrxml,compiled from Crystal design; visual review pending,1,section PageHeaderSection3 extended 2 points to contain its objects,True
479_09_ItemandPackSizeandPackingTypeStockSummary.rpt,479_09_ItemandPackSizeandPackingTypeStockSummary.jrxml,compiled from Crystal design; visual review pending,1,section PageHeaderSection3 extended 2 points to contain its objects,True
480_01_ItemStockSummary.rpt,480_01_ItemStockSummary.jrxml,compiled from Crystal design; visual review pending,0,,True
480_02_ItemandWarehouseStockSummary.rpt,480_02_ItemandWarehouseStockSummary.jrxml,compiled from Crystal design; visual review pending,1,section PageHeaderSection2 extended 2 points to contain its objects,True
480_03_WarehouseAndItemStockSummary.rpt,480_03_WarehouseAndItemStockSummary.jrxml,compiled from Crystal design; visual review pending,1,section PageHeaderSection3 contains objects 2 points outside the printable width,True
480_06_JobLotandItemStockSummary.rpt,480_06_JobLotandItemStockSummary.jrxml,compiled from Crystal design; visual review pending,2,section PageHeaderSection3 extended 2 points to contain its objects | section PageHeaderSection2 extended 2 points to contain its objects,True
480_07_ItemWarehouseAndJoblotStockSummary.rpt,480_07_ItemWarehouseAndJoblotStockSummary.jrxml,compiled from Crystal design; visual review pending,2,section PageHeaderSection6 extended 2 points to contain its objects | section GroupHeaderSection2 extended 2 points to contain its objects,True
480_08_ItemandPackSizeStockSummary.rpt,480_08_ItemandPackSizeStockSummary.jrxml,compiled from Crystal design; visual review pending,1,section PageHeaderSection2 extended 2 points to contain its objects,True
480_09_ItemandItemAttributeVarientStockSummary.rpt,480_09_ItemandItemAttributeVarientStockSummary.jrxml,compiled from Crystal design; visual review pending,1,section PageHeaderSection2 extended 2 points to contain its objects,True
480_10_ItemandPackSizeandItemAttributeVarientStockSummary.rpt,480_10_ItemandPackSizeandItemAttributeVarientStockSummary.jrxml,compiled from Crystal design; visual review pending,1,section PageHeaderSection3 extended 3 points to contain its objects,True
481-ItemPricingScheduleListGroupWise.rpt,481-ItemPricingScheduleListGroupWise.jrxml,compiled from Crystal design; visual review pending,1,section PageHeaderSection3 extended 3 points to contain its objects,True
481-StockReconcilationRegister.rpt,481-StockReconcilationRegister.jrxml,compiled from Crystal design; visual review pending,1,section PageHeaderSection3 extended 3 points to contain its objects,True
501-ExportSalesContractExport.rpt,501-ExportSalesContractExport.jrxml,compiled from Crystal design; visual review pending,2,[LcorderOtherItem_SubRpt.rpt] section ReportFooterSection1 extended 2 points to contain its objects | [ExImLcOrderPaymentTermsDetail_SubRpt.rpt] section ReportFooterSection1 extended 2 points to contain its objects,True
501-ExportSalesContractExport02.rpt,_design_review/501-ExportSalesContractExport02.jrxml,needs review: picture Picture4: embedded images cannot be read through the SDK - drawn as an empty frame | picture Picture3: embedded images cannot be read through the SDK - drawn as an empty frame | picture Picture1: embedded images cannot be read through the SDK - drawn as an empty frame,6,picture Picture4: embedded images cannot be read through the SDK - drawn as an empty frame | picture Picture3: embedded images cannot be read through the SDK - drawn as an empty frame | section ReportFooterSection1 extended 4 points to contain its objects | picture Picture1: embedded images cannot be read through the SDK - drawn as an empty frame | [LcorderOtherItem_SubRpt.rpt] section ReportFooterSection1 extended 2 points to contain its objects | [ExImLcOrderPaymentTermsDetail_SubRpt.rpt] section ReportFooterSection1 extended 2 points to contain its objects,True
501-ExportSalesContractExportNew.rpt,501-ExportSalesContractExportNew.jrxml,compiled from Crystal design; visual review pending,1,section PageHeaderSection1 extended 4 points to contain its objects,True
501-ExpRptSalesContractExport.rpt,501-ExpRptSalesContractExport.jrxml,compiled from Crystal design; visual review pending,1,section PageFooterSection1 extended 2 points to contain its objects,True
501-ExpRptSalesContractExport01.rpt,_design_review/501-ExpRptSalesContractExport01.jrxml,needs review: picture Picture5: embedded images cannot be read through the SDK - drawn as an empty frame | picture Picture1: embedded images cannot be read through the SDK - drawn as an empty frame,5,picture Picture5: embedded images cannot be read through the SDK - drawn as an empty frame | section PageHeaderSection2 extended 2 points to contain its objects | section PageHeaderSection1 contains objects 12 points outside the printable width | section PageHeaderSection4 contains objects 6 points outside the printable width | picture Picture1: embedded images cannot be read through the SDK - drawn as an empty frame,True
501-ExpRptSalesContractExport02.rpt,501-ExpRptSalesContractExport02.jrxml,compiled from Crystal design; visual review pending,2,section PageHeaderSection1 contains objects 12 points outside the printable width | section PageHeaderSection4 contains objects 6 points outside the printable width,True
501A_ExportSalesContractExportNew.rpt,501A_ExportSalesContractExportNew.jrxml,compiled from Crystal design; visual review pending,0,,True
501B-ExpRptSalesContractExport.rpt,501B-ExpRptSalesContractExport.jrxml,compiled from Crystal design; visual review pending,1,section PageFooterSection1 extended 2 points to contain its objects,True
505-ExImBillOfLading_Slip.rpt,505-ExImBillOfLading_Slip.jrxml,compiled from Crystal design; visual review pending,0,,True
506-ExImBillOfLading_register.rpt,506-ExImBillOfLading_register.jrxml,compiled from Crystal design; visual review pending,0,,True
507-ExImForwarding_Slip.rpt,507-ExImForwarding_Slip.jrxml,compiled from Crystal design; visual review pending,0,,True
507_01_ExImForwardingDirect_Slip.rpt,507_01_ExImForwardingDirect_Slip.jrxml,compiled from Crystal design; visual review pending,0,,True
508-ExImForwarding_Register.rpt,508-ExImForwarding_Register.jrxml,compiled from Crystal design; visual review pending,1,section PageHeaderSection3 extended 2 points to contain its objects,True
508_01_Forwarding_Customised_Register.rpt,_design_review/508_01_Forwarding_Customised_Register.jrxml,needs review: sort on {@E&ShortWeight} (not a database field) is not applied,1,sort on {@E&ShortWeight} (not a database field) is not applied,True
508_02_ForwardingSummary_Register.rpt,_design_review/508_02_ForwardingSummary_Register.jrxml,needs review: sort on {@GpDate} (not a database field) is not applied,1,sort on {@GpDate} (not a database field) is not applied,True
509-ExImExportShipingLineBooking_Register.rpt,509-ExImExportShipingLineBooking_Register.jrxml,compiled from Crystal design; visual review pending,0,,True
513-invLabPreProductionSlip.rpt,513-invLabPreProductionSlip.jrxml,compiled from Crystal design; visual review pending,0,,True
514_01_ThirdPartyInspectionLotTrackingReport.rpt,514_01_ThirdPartyInspectionLotTrackingReport.jrxml,compiled from Crystal design; visual review pending,0,,True
514_ThirdPartyInspectionSlip.rpt,514_ThirdPartyInspectionSlip.jrxml,compiled from Crystal design; visual review pending,0,,True
516-ExImRptFCBankReceipts.rpt,516-ExImRptFCBankReceipts.jrxml,compiled from Crystal design; visual review pending,0,,True
518-ExpRptSalesContractExportRegister.rpt,518-ExpRptSalesContractExportRegister.jrxml,compiled from Crystal design; visual review pending,2,section PageHeaderSection3 extended 2 points to contain its objects | section PageHeaderSection3 contains objects 2 points outside the printable width,True
521-ExportInvoiceSlip.rpt,521-ExportInvoiceSlip.jrxml,compiled from Crystal design; visual review pending,1,section PageHeaderSection2 extended 2 points to contain its objects,True
521_A_ExportInvoiceSlip.rpt,521_A_ExportInvoiceSlip.jrxml,compiled from Crystal design; visual review pending,5,section PageHeaderSection2 extended 2 points to contain its objects | section PageHeaderSection1 contains objects 6 points outside the printable width | section ReportFooterSection2 contains objects 6 points outside the printable width | section ReportFooterSection1 contains objects 6 points outside the printable width | section PageFooterSection1 contains objects 14 points outside the printable width,True
521_B_ExportInvoiceSlip.rpt,521_B_ExportInvoiceSlip.jrxml,compiled from Crystal design; visual review pending,5,section PageHeaderSection2 extended 2 points to contain its objects | section PageHeaderSection1 contains objects 6 points outside the printable width | section ReportFooterSection2 contains objects 6 points outside the printable width | section ReportFooterSection1 contains objects 6 points outside the printable width | section PageFooterSection1 contains objects 14 points outside the printable width,True
521_C_ExportInvoiceSlip.rpt,521_C_ExportInvoiceSlip.jrxml,compiled from Crystal design; visual review pending,5,section PageHeaderSection2 extended 2 points to contain its objects | section PageHeaderSection1 contains objects 6 points outside the printable width | section ReportFooterSection2 contains objects 6 points outside the printable width | section ReportFooterSection1 contains objects 6 points outside the printable width | section PageFooterSection1 contains objects 14 points outside the printable width,True
521_D_ExportInvoiceSlip.rpt,521_D_ExportInvoiceSlip.jrxml,compiled from Crystal design; visual review pending,5,section PageHeaderSection2 extended 2 points to contain its objects | section PageHeaderSection1 contains objects 6 points outside the printable width | section ReportFooterSection2 contains objects 6 points outside the printable width | section ReportFooterSection1 contains objects 6 points outside the printable width | section PageFooterSection1 contains objects 14 points outside the printable width,True
521A-ExportInvoiceSlip.rpt,521A-ExportInvoiceSlip.jrxml,compiled from Crystal design; visual review pending,1,section PageHeaderSection2 extended 2 points to contain its objects,True
521B-ExportInvoiceSlip.rpt,521B-ExportInvoiceSlip.jrxml,compiled from Crystal design; visual review pending,1,section PageHeaderSection2 extended 2 points to contain its objects,True
521C-ExportInvoiceSlip.rpt,521C-ExportInvoiceSlip.jrxml,compiled from Crystal design; visual review pending,1,section PageHeaderSection2 extended 2 points to contain its objects,True
522-ExImInvoiceRegister.rpt,522-ExImInvoiceRegister.jrxml,compiled from Crystal design; visual review pending,0,,True
523-ExpRptSalesContractWiseInvoiceRegister.rpt,523-ExpRptSalesContractWiseInvoiceRegister.jrxml,compiled from Crystal design; visual review pending,1,section PageHeaderSection2 extended 2 points to contain its objects,True
526-SaleContractRegister.rpt,_design_review/526-SaleContractRegister.jrxml,"needs review: sort on Sum ({Sp_ExImLcOrder_ExportRegister_Rpt;1.BalanceWeight}, {Sp_ExImLcOrder_ExportRegister_Rpt;1.CustomerName}) (not a database field) is not applied",1,"sort on Sum ({Sp_ExImLcOrder_ExportRegister_Rpt;1.BalanceWeight}, {Sp_ExImLcOrder_ExportRegister_Rpt;1.CustomerName}) (not a database field) is not applied",True
527-ExImLcOrderShipmentScheduleDetailRegister.rpt,_design_review/527-ExImLcOrderShipmentScheduleDetailRegister.jrxml,needs review: picture Picture1: embedded images cannot be read through the SDK - drawn as an empty frame,1,picture Picture1: embedded images cannot be read through the SDK - drawn as an empty frame,True
527-ExImLcOrderShipmentScheduleDetailRegisterCustomerWise.rpt,_design_review/527-ExImLcOrderShipmentScheduleDetailRegisterCustomerWise.jrxml,needs review: picture Picture1: embedded images cannot be read through the SDK - drawn as an empty frame,1,picture Picture1: embedded images cannot be read through the SDK - drawn as an empty frame,True
527-ExportDeliveryOrderByInvoiceIdSlip.rpt,527-ExportDeliveryOrderByInvoiceIdSlip.jrxml,compiled from Crystal design; visual review pending,2,section ReportFooterSection1 contains objects 24 points outside the printable width | section PageFooterSection1 contains objects 24 points outside the printable width,True
528-ExportShipmentFollowupHistory.rpt,_design_review/528-ExportShipmentFollowupHistory.jrxml,needs review: picture Picture2: embedded images cannot be read through the SDK - drawn as an empty frame,1,picture Picture2: embedded images cannot be read through the SDK - drawn as an empty frame,True
529-ExportInvoiceSlipPackingList.rpt,529-ExportInvoiceSlipPackingList.jrxml,compiled from Crystal design; visual review pending,2,section PageHeaderSection2 extended 2 points to contain its objects | section ReportFooterSection6 extended 2 points to contain its objects,True
529-SubRpt-ContainerListByInvoice.rpt,529-SubRpt-ContainerListByInvoice.jrxml,compiled from Crystal design; visual review pending,0,,True
529A-ExportInvoiceSlipPackingList.rpt,529A-ExportInvoiceSlipPackingList.jrxml,compiled from Crystal design; visual review pending,2,section PageHeaderSection2 extended 2 points to contain its objects | section ReportFooterSection6 extended 2 points to contain its objects,True
529A_ExportInvoiceSlipPackingList.rpt,_design_review/529A_ExportInvoiceSlipPackingList.jrxml,needs review: picture Picture12: embedded images cannot be read through the SDK - drawn as an empty frame | picture Picture2: embedded images cannot be read through the SDK - drawn as an empty frame | picture Picture3: embedded images cannot be read through the SDK - drawn as an empty frame | picture Picture10: embedded images cannot be read through the SDK - drawn as an empty frame | picture Picture13: embedded images cannot be read through the SDK - drawn as an empty frame | picture Picture4: embedded images cannot be read through the SDK - drawn as an empty frame,9,picture Picture12: embedded images cannot be read through the SDK - drawn as an empty frame | section PageHeaderSection2 extended 3 points to contain its objects | picture Picture2: embedded images cannot be read through the SDK - drawn as an empty frame | picture Picture3: embedded images cannot be read through the SDK - drawn as an empty frame | picture Picture10: embedded images cannot be read through the SDK - drawn as an empty frame | picture Picture13: embedded images cannot be read through the SDK - drawn as an empty frame | picture Picture4: embedded images cannot be read through the SDK - drawn as an empty frame | section PageFooterSection1 extended 2 points to contain its objects | section PageFooterSection1 contains objects 22 points outside the printable width,True
529B-ExportInvoiceSlipPackingList.rpt,529B-ExportInvoiceSlipPackingList.jrxml,compiled from Crystal design; visual review pending,2,section PageHeaderSection2 extended 2 points to contain its objects | section ReportFooterSection6 extended 2 points to contain its objects,True
530-EximBillOfLadingSlip.rpt,530-EximBillOfLadingSlip.jrxml,compiled from Crystal design; visual review pending,2,section PageHeaderSection1 contains objects 6 points outside the printable width | section ReportFooterSection1 contains objects 4 points outside the printable width,True
531-ExImInvoiceSummeryByMonth.rpt,,extraction or conversion failed,1,source RPT is empty,True
532-ExpRptPurchaeContractWiseLcRegister.rpt,532-ExpRptPurchaeContractWiseLcRegister.jrxml,compiled from Crystal design; visual review pending,0,,True
533-ExpRptPurchaseContractExport.rpt,_design_review/533-ExpRptPurchaseContractExport.jrxml,needs review: picture Picture1: embedded images cannot be read through the SDK - drawn as an empty frame,1,picture Picture1: embedded images cannot be read through the SDK - drawn as an empty frame,True
534-ExportComparisonSummaryByCustomer&ItemReport.rpt,_design_review/534-ExportComparisonSummaryByCustomer&ItemReport.jrxml,"needs review: sort on Sum ({SpExImInvoice_ExportComparisonsSummeryByCustomerItem_Report;1.Fcy_Amount}, {SpExImInvoice_ExportComparisonsSummeryByCustomerItem_Report;1.FirstGroupName}) (not a database field) is not applied",1,"sort on Sum ({SpExImInvoice_ExportComparisonsSummeryByCustomerItem_Report;1.Fcy_Amount}, {SpExImInvoice_ExportComparisonsSummeryByCustomerItem_Report;1.FirstGroupName}) (not a database field) is not applied",True
535-ExportComparisonSummaryByCustomer&ItemReport.rpt,_design_review/535-ExportComparisonSummaryByCustomer&ItemReport.jrxml,"needs review: sort on Sum ({SpExImInvoice_ExportComparisonsSummeryByCustomerItem_Report;1.Fcy_Amount}, {SpExImInvoice_ExportComparisonsSummeryByCustomerItem_Report;1.SecondeGroupName}) (not a database field) is not applied",1,"sort on Sum ({SpExImInvoice_ExportComparisonsSummeryByCustomerItem_Report;1.Fcy_Amount}, {SpExImInvoice_ExportComparisonsSummeryByCustomerItem_Report;1.SecondeGroupName}) (not a database field) is not applied",True
536-ExportCustomerWiseComparisonReport.rpt,536-ExportCustomerWiseComparisonReport.jrxml,compiled from Crystal design; visual review pending,1,section PageHeaderSection2 extended 3 points to contain its objects,True
536_01_ExportSaleDetailReport.rpt,536_01_ExportSaleDetailReport.jrxml,compiled from Crystal design; visual review pending,0,,True
537-ExportDetailHistoryReport.rpt,537-ExportDetailHistoryReport.jrxml,compiled from Crystal design; visual review pending,1,section PageHeaderSection4 extended 2 points to contain its objects,True
538-ExportSummaryByCustomer.rpt,538-ExportSummaryByCustomer.jrxml,compiled from Crystal design; visual review pending,1,section PageHeaderSection1 extended 3 points to contain its objects,True
538_01-ExportSummaryByItem.rpt,538_01-ExportSummaryByItem.jrxml,compiled from Crystal design; visual review pending,1,section PageHeaderSection1 extended 3 points to contain its objects,True
538_02-ExportSummaryByPort.rpt,538_02-ExportSummaryByPort.jrxml,compiled from Crystal design; visual review pending,1,section PageHeaderSection1 extended 3 points to contain its objects,True
540-RptServiceBillSlip.rpt,540-RptServiceBillSlip.jrxml,compiled from Crystal design; visual review pending,1,section PageHeaderSection2 extended 2 points to contain its objects,True
541-ServiceBillRegister.rpt,541-ServiceBillRegister.jrxml,compiled from Crystal design; visual review pending,0,,True
542-ShipmentCostingRegister.rpt,542-ShipmentCostingRegister.jrxml,compiled from Crystal design; visual review pending,1,section PageHeaderSection2 extended 2 points to contain its objects,True
542_01-ShipmentCostingSummary.rpt,542_01-ShipmentCostingSummary.jrxml,compiled from Crystal design; visual review pending,1,section PageHeaderSection2 extended 2 points to contain its objects,True
543-USP_ExportDetailByContract_ReportWithContainers.rpt,543-USP_ExportDetailByContract_ReportWithContainers.jrxml,compiled from Crystal design; visual review pending,1,section PageHeaderSection2 extended 2 points to contain its objects,True
544-USP_ExportDetailByContract_ReportWithoutContainers.rpt,544-USP_ExportDetailByContract_ReportWithoutContainers.jrxml,compiled from Crystal design; visual review pending,1,section GroupHeaderSection1 extended 2 points to contain its objects,True
546-ExportPreInvoiceSlip.rpt,546-ExportPreInvoiceSlip.jrxml,compiled from Crystal design; visual review pending,1,section DetailSection1 extended 2 points to contain its objects,True
546-ExportPreInvoiceSlipForBank.rpt,546-ExportPreInvoiceSlipForBank.jrxml,compiled from Crystal design; visual review pending,0,,True
548-ExportCommercialInvoiceSlipForBank.rpt,548-ExportCommercialInvoiceSlipForBank.jrxml,compiled from Crystal design; visual review pending,0,,True
548A-ExportCommercialInvoiceSlipForBank.rpt,548A-ExportCommercialInvoiceSlipForBank.jrxml,compiled from Crystal design; visual review pending,3,section PageHeaderSection3 contains objects 4 points outside the printable width | section PageHeaderSection2 extended 3 points to contain its objects | section PageHeaderSection1 contains objects 6 points outside the printable width,True
549-ExportCommercialInvoiceSlip.rpt,549-ExportCommercialInvoiceSlip.jrxml,compiled from Crystal design; visual review pending,1,section PageHeaderSection2 extended 2 points to contain its objects,True
549A-ExportCommercialInvoiceSlip.rpt,549A-ExportCommercialInvoiceSlip.jrxml,compiled from Crystal design; visual review pending,1,section PageHeaderSection2 extended 3 points to contain its objects,True
550-CommercialInvoicePackingDetailList_Slip.rpt,550-CommercialInvoicePackingDetailList_Slip.jrxml,compiled from Crystal design; visual review pending,1,section PageHeaderSection2 extended 2 points to contain its objects,True
551-ContractSchedule_FormHistory.rpt,551-ContractSchedule_FormHistory.jrxml,compiled from Crystal design; visual review pending,1,section PageFooterSection1 contains objects 3 points outside the printable width,True
551_01_ContractSchedule_StatusReport.rpt,551_01_ContractSchedule_StatusReport.jrxml,compiled from Crystal design; visual review pending,1,section PageFooterSection1 contains objects 3 points outside the printable width,True
551_02_ExportContractScheduleLoadingDateItemWise_Slip.rpt,551_02_ExportContractScheduleLoadingDateItemWise_Slip.jrxml,compiled from Crystal design; visual review pending,0,,True
551_03_ExportContractScheduleLoadingDateCustomerItemWise_Slip.rpt,551_03_ExportContractScheduleLoadingDateCustomerItemWise_Slip.jrxml,compiled from Crystal design; visual review pending,0,,True
552-ExportPendingShippmentFollowUp.rpt,552-ExportPendingShippmentFollowUp.jrxml,compiled from Crystal design; visual review pending,0,,True
553-ProductionRegisterWithActivity.rpt,553-ProductionRegisterWithActivity.jrxml,compiled from Crystal design; visual review pending,0,,True
554-ProductionRegisterWithActivity(OutPut By Packing Material).rpt,554-ProductionRegisterWithActivity(OutPut By Packing Material).jrxml,compiled from Crystal design; visual review pending,1,section PageHeaderSection2 extended 2 points to contain its objects,True
555-PendingWorkExportRegister.rpt,555-PendingWorkExportRegister.jrxml,compiled from Crystal design; visual review pending,2,section PageHeaderSection4 extended 3 points to contain its objects | section PageFooterSection1 contains objects 2 points outside the printable width,True
556-ExportLoadSheet.rpt,556-ExportLoadSheet.jrxml,compiled from Crystal design; visual review pending,1,section PageHeaderSection1 extended 2 points to contain its objects,True
557-ExImLcOrderNo_ExportSlip.rpt,557-ExImLcOrderNo_ExportSlip.jrxml,compiled from Crystal design; visual review pending,4,section PageHeaderSection1 extended 4 points to contain its objects | section PageHeaderSection1 contains objects 4 points outside the printable width | section PageHeaderSection3 contains objects 6 points outside the printable width | [LcorderOtherItem_SubRpt.rpt] section ReportFooterSection1 extended 2 points to contain its objects,True
558-ExportInvoiceAgainstForwarding_Register.rpt,558-ExportInvoiceAgainstForwarding_Register.jrxml,compiled from Crystal design; visual review pending,0,,True
559-GDBreakUpandRealized_Register.rpt,559-GDBreakUpandRealized_Register.jrxml,compiled from Crystal design; visual review pending,0,,True
560-ExBooking Info(CRO).rpt,560-ExBooking Info(CRO).jrxml,compiled from Crystal design; visual review pending,3,section PageHeaderSection1 extended 3 points to contain its objects | section DetailSection1 extended 2 points to contain its objects | section ReportFooterSection1 contains objects 3 points outside the printable width,True
560-GDBreakUpBankRequest_Slip.rpt,560-GDBreakUpBankRequest_Slip.jrxml,compiled from Crystal design; visual review pending,0,,True
561-SaleContractRegisterItemWise.rpt,561-SaleContractRegisterItemWise.jrxml,compiled from Crystal design; visual review pending,1,[561-SaleContractRegisterItemWise.rpt] section GroupHeaderSection1 extended 2 points to contain its objects,True
562-ProductionRegisterWithActivity.rpt,562-ProductionRegisterWithActivity.jrxml,compiled from Crystal design; visual review pending,0,,True
563-PackingListRegister_Export.rpt,563-PackingListRegister_Export.jrxml,compiled from Crystal design; visual review pending,0,,True
567-EEReport_ExportGD.rpt,567-EEReport_ExportGD.jrxml,compiled from Crystal design; visual review pending,1,section DetailSection1 extended 12 points to contain its objects,True
567_01-EEReport_ExportGD.rpt,567_01-EEReport_ExportGD.jrxml,compiled from Crystal design; visual review pending,0,,True
567_02-EEReport_ExportGD.rpt,567_02-EEReport_ExportGD.jrxml,compiled from Crystal design; visual review pending,0,,True
568-CommissionAgentFcyLedger.rpt,568-CommissionAgentFcyLedger.jrxml,compiled from Crystal design; visual review pending,0,,True
569-CommercialInvoice_Shipments.rpt,569-CommercialInvoice_Shipments.jrxml,compiled from Crystal design; visual review pending,0,,True
56_01_PurchaseRegister.rpt,56_01_PurchaseRegister.jrxml,compiled from Crystal design; visual review pending,1,section PageHeaderSection6 extended 2 points to contain its objects,True
56_02_PurchaseSummaryByItem.rpt,56_02_PurchaseSummaryByItem.jrxml,compiled from Crystal design; visual review pending,1,section PageHeaderSection6 extended 2 points to contain its objects,True
56_03_PurchaseSummaryByItemAndWarehouse.rpt,56_03_PurchaseSummaryByItemAndWarehouse.jrxml,compiled from Crystal design; visual review pending,1,section PageHeaderSection6 extended 2 points to contain its objects,True
56_04_PurchaseSummaryBySupplier.rpt,56_04_PurchaseSummaryBySupplier.jrxml,compiled from Crystal design; visual review pending,1,section PageHeaderSection6 extended 2 points to contain its objects,True
56_05_PurchaseSummaryByItemAndSupplier.rpt,56_05_PurchaseSummaryByItemAndSupplier.jrxml,compiled from Crystal design; visual review pending,1,section PageHeaderSection6 extended 2 points to contain its objects,True
56_06_PurchaseSummaryByParentCategory.rpt,56_06_PurchaseSummaryByParentCategory.jrxml,compiled from Crystal design; visual review pending,1,section PageHeaderSection6 extended 2 points to contain its objects,True
56_07_PurchaseSummaryByParentCategoryAndSupplier.rpt,56_07_PurchaseSummaryByParentCategoryAndSupplier.jrxml,compiled from Crystal design; visual review pending,1,section PageHeaderSection6 extended 2 points to contain its objects,True
56_08_PurchaseAndSaleDetailByJobLot.rpt,56_08_PurchaseAndSaleDetailByJobLot.jrxml,compiled from Crystal design; visual review pending,1,section DetailSection1 extended 2 points to contain its objects,True
56_09_PurchaseSummaryByHsCode.rpt,56_09_PurchaseSummaryByHsCode.jrxml,compiled from Crystal design; visual review pending,1,section PageHeaderSection6 extended 2 points to contain its objects,True
570-ShipmentdataForBrokeryTax.rpt,570-ShipmentdataForBrokeryTax.jrxml,compiled from Crystal design; visual review pending,0,,True
590-BankBalances.rpt,590-BankBalances.jrxml,compiled from Crystal design; visual review pending,2,section ReportHeaderSection3 extended 3 points to contain its objects | section ReportFooterSection3 contains objects 2 points outside the printable width,True
590_01_BankBalancesWithSummary.rpt,590_01_BankBalancesWithSummary.jrxml,compiled from Crystal design; visual review pending,1,section ReportHeaderSection3 extended 3 points to contain its objects,True
592-CashBalances.rpt,592-CashBalances.jrxml,compiled from Crystal design; visual review pending,1,section DetailSection1 extended 3 points to contain its objects,True
593-CashBankBalancesSummery_Rpt.rpt,593-CashBankBalancesSummery_Rpt.jrxml,compiled from Crystal design; visual review pending,0,,True
594-CashBalancesInOutFlow.rpt,594-CashBalancesInOutFlow.jrxml,compiled from Crystal design; visual review pending,0,,True
595-Cash&BankPaymentReciept.rpt,595-Cash&BankPaymentReciept.jrxml,compiled from Crystal design; visual review pending,1,section DetailSection1 extended 2 points to contain its objects,True
595-Cash&BankPaymentReciept1.rpt,595-Cash&BankPaymentReciept1.jrxml,compiled from Crystal design; visual review pending,1,section DetailSection1 extended 3 points to contain its objects,True
596-PartiesPaymentReceipt.rpt,596-PartiesPaymentReceipt.jrxml,compiled from Crystal design; visual review pending,0,,True
597-ExportReturnInvoiceRegister.rpt,597-ExportReturnInvoiceRegister.jrxml,compiled from Crystal design; visual review pending,1,section PageHeaderSection5 extended 2 points to contain its objects,True
597A-ExportReturnInvoiceSlip.rpt,597A-ExportReturnInvoiceSlip.jrxml,compiled from Crystal design; visual review pending,1,section GroupHeaderSection2 extended 2 points to contain its objects,True
598-PaymentAndReceipts_CustomersAndSupplirWise.rpt,598-PaymentAndReceipts_CustomersAndSupplirWise.jrxml,compiled from Crystal design; visual review pending,0,,True
600-StockConversionPartyProcessing_Summery_Rpt.rpt,600-StockConversionPartyProcessing_Summery_Rpt.jrxml,compiled from Crystal design; visual review pending,6,section PageHeaderSection4 contains objects 12 points outside the printable width | section PageHeaderSection2 contains objects 12 points outside the printable width | section PageHeaderSection1 contains objects 12 points outside the printable width | section PageHeaderSection3 contains objects 12 points outside the printable width | section ReportFooterSection2 contains objects 12 points outside the printable width | section PageFooterSection2 contains objects 12 points outside the printable width,True
601-InvFoodProductionSlip.rpt,601-InvFoodProductionSlip.jrxml,compiled from Crystal design; visual review pending,1,section PageHeaderSection2 extended 2 points to contain its objects,True
601_01-FoodProductionTransactionSlip.rpt,601_01-FoodProductionTransactionSlip.jrxml,compiled from Crystal design; visual review pending,1,section PageHeaderSection3 extended 3 points to contain its objects,True
602-InvRptProductionSummery.rpt,602-InvRptProductionSummery.jrxml,compiled from Crystal design; visual review pending,1,section GroupHeaderSection1 extended 2 points to contain its objects,True
602_01_ProductionSummeryWithLab.rpt,602_01_ProductionSummeryWithLab.jrxml,compiled from Crystal design; visual review pending,1,[usp_InvProductionJobOrderLabStandardDetail_SubReport.rpt] section ReportHeaderSection1 extended 2 points to contain its objects,True
602A-InvRptProductionSummeryWithValues.rpt,602A-InvRptProductionSummeryWithValues.jrxml,compiled from Crystal design; visual review pending,0,,True
603-ProductionPendingInvoice.rpt,603-ProductionPendingInvoice.jrxml,compiled from Crystal design; visual review pending,0,,True
604-FoodProductionComparisonRpt.rpt,604-FoodProductionComparisonRpt.jrxml,compiled from Crystal design; visual review pending,1,section PageHeaderSection2 extended 3 points to contain its objects,True
605-StockConversionSummaryNewRpt.rpt,605-StockConversionSummaryNewRpt.jrxml,compiled from Crystal design; visual review pending,0,,True
606-InvFoodProductionPackingAndOverHeadReportByJobOrder.rpt,606-InvFoodProductionPackingAndOverHeadReportByJobOrder.jrxml,compiled from Crystal design; visual review pending,2,section PageHeaderSection2 contains objects 2 points outside the printable width | section ReportFooterSection1 contains objects 13 points outside the printable width,True
607-FoodProductionIssuanceGrnWiseByJobOrderId.rpt,607-FoodProductionIssuanceGrnWiseByJobOrderId.jrxml,compiled from Crystal design; visual review pending,0,,True
608-InvRptProductionSummeryPartyProcessing.rpt,608-InvRptProductionSummeryPartyProcessing.jrxml,compiled from Crystal design; visual review pending,5,section PageHeaderSection2 contains objects 14 points outside the printable width | section PageHeaderSection1 contains objects 14 points outside the printable width | section PageHeaderSection3 contains objects 14 points outside the printable width | section ReportFooterSection1 contains objects 14 points outside the printable width | section PageFooterSection1 contains objects 14 points outside the printable width,True
609-FoodProductionIssuancePartyProcessingGrnWiseByJobOrderId.rpt,609-FoodProductionIssuancePartyProcessingGrnWiseByJobOrderId.jrxml,compiled from Crystal design; visual review pending,2,section DetailSection1 extended 2 points to contain its objects | section ReportFooterSection1 extended 2 points to contain its objects,True
611-ProductionPartyProcessingBill.rpt,611-ProductionPartyProcessingBill.jrxml,compiled from Crystal design; visual review pending,0,,True
613-InvRptProductionSummeryWithExpValues.rpt,613-InvRptProductionSummeryWithExpValues.jrxml,compiled from Crystal design; visual review pending,0,,True
613_01-ProductionBeforSettlement_Summery2.rpt,613_01-ProductionBeforSettlement_Summery2.jrxml,compiled from Crystal design; visual review pending,0,,True
613_02_ProductionSettlement_WithReferenceDocumentDetailReport.rpt,613_02_ProductionSettlement_WithReferenceDocumentDetailReport.jrxml,compiled from Crystal design; visual review pending,1,[612-InvRptProductionDetailWithExpValues.rpt] section ReportHeaderSection2 extended 2 points to contain its objects,True
614-InvRptProductionSummeryWithExpValue.rpt,614-InvRptProductionSummeryWithExpValue.jrxml,compiled from Crystal design; visual review pending,1,section ReportFooterSection3 contains objects 6 points outside the printable width,True
615-InvRptProductionSummery.rpt,615-InvRptProductionSummery.jrxml,compiled from Crystal design; visual review pending,0,,True
615_01-ProductionBeforSettlement_Summery3.rpt,615_01-ProductionBeforSettlement_Summery3.jrxml,compiled from Crystal design; visual review pending,1,section GroupHeaderSection2 extended 2 points to contain its objects,True
616-GetItemSalePriceListRegister.rpt,616-GetItemSalePriceListRegister.jrxml,compiled from Crystal design; visual review pending,2,section PageHeaderSection2 extended 4 points to contain its objects | section GroupFooterSection1 extended 2 points to contain its objects,True
618-DoWeightWbWeightDiff.rpt,618-DoWeightWbWeightDiff.jrxml,compiled from Crystal design; visual review pending,1,section PageHeaderSection1 extended 2 points to contain its objects,True
620-ProductionJobOrderSlip.rpt,620-ProductionJobOrderSlip.jrxml,compiled from Crystal design; visual review pending,1,[ProductionJobOrder_SubReport.rpt] section ReportHeaderSection2 contains objects 2 points outside the printable width,True
621-StockEvalautionDetailTransactionVehiclesWise.rpt,621-StockEvalautionDetailTransactionVehiclesWise.jrxml,compiled from Crystal design; visual review pending,1,section PageHeaderSection3 extended 2 points to contain its objects,True
622-StockEvalaution_VehicleWiseTransaction.rpt,622-StockEvalaution_VehicleWiseTransaction.jrxml,compiled from Crystal design; visual review pending,1,section PageHeaderSection3 extended 2 points to contain its objects,True
623-InvFoodProduction_ConsumptionReport.rpt,623-InvFoodProduction_ConsumptionReport.jrxml,compiled from Crystal design; visual review pending,1,section PageHeaderSection2 extended 2 points to contain its objects,True
625_FoodProduction_DocWiseSummeryReport.rpt,625_FoodProduction_DocWiseSummeryReport.jrxml,compiled from Crystal design; visual review pending,2,section PageHeaderSection3 extended 2 points to contain its objects | section GroupHeaderSection1 extended 2 points to contain its objects,True
626-ProductionJobOrderPartyProcessing.rpt,626-ProductionJobOrderPartyProcessing.jrxml,compiled from Crystal design; visual review pending,0,,True
630-PreCostProductionJobOrderSlip.rpt,630-PreCostProductionJobOrderSlip.jrxml,compiled from Crystal design; visual review pending,2,[ProductionJobOrderOverHeadsSubReport.rpt] section ReportFooterSection1 extended 2 points to contain its objects | [ProductionJobOrderOverHeadsSubReport.rpt] section ReportFooterSection1 contains objects 8 points outside the printable width,True
650-SampleAnalysisRegister.rpt,650-SampleAnalysisRegister.jrxml,compiled from Crystal design; visual review pending,0,,True
651-RptInvLabSampleLogRegister.rpt,651-RptInvLabSampleLogRegister.jrxml,compiled from Crystal design; visual review pending,0,,True
652-RptInvLabSampleLogRegisterSlipA.rpt,652-RptInvLabSampleLogRegisterSlipA.jrxml,compiled from Crystal design; visual review pending,0,,True
653-RptInvLabPurchaseAnalysisSlip.rpt,653-RptInvLabPurchaseAnalysisSlip.jrxml,compiled from Crystal design; visual review pending,2,section PageHeaderSection2 extended 2 points to contain its objects | section GroupHeaderSection4 extended 2 points to contain its objects,True
657-RptInvLabSampleAnalysisSlipA.rpt,657-RptInvLabSampleAnalysisSlipA.jrxml,compiled from Crystal design; visual review pending,1,section PageHeaderSection3 extended 3 points to contain its objects,True
658-RptInvLabSaleAnalysisSlip.rpt,658-RptInvLabSaleAnalysisSlip.jrxml,compiled from Crystal design; visual review pending,1,section PageHeaderSection1 extended 3 points to contain its objects,True
659-RptInvLabInProcessAnalysisSlip.rpt,_design_review/659-RptInvLabInProcessAnalysisSlip.jrxml,needs review: picture Picture5: embedded images cannot be read through the SDK - drawn as an empty frame | picture Picture4: embedded images cannot be read through the SDK - drawn as an empty frame,3,picture Picture5: embedded images cannot be read through the SDK - drawn as an empty frame | picture Picture4: embedded images cannot be read through the SDK - drawn as an empty frame | [InvLabInProcessStepAnalysisSub.rpt] section ReportHeaderSection3 extended 2 points to contain its objects,True
660-LabSInProcessAnalysisRegister.rpt,660-LabSInProcessAnalysisRegister.jrxml,compiled from Crystal design; visual review pending,1,section ReportHeaderSection3 extended 3 points to contain its objects,True
661-LabPurchaseAnalysisRegitser.rpt,661-LabPurchaseAnalysisRegitser.jrxml,compiled from Crystal design; visual review pending,0,,True
664-LabSampleAnalysisRegister.rpt,664-LabSampleAnalysisRegister.jrxml,compiled from Crystal design; visual review pending,1,section ReportHeaderSection2 extended 2 points to contain its objects,True
665-LabDataVehicleWiseByParentIdRegister.rpt,665-LabDataVehicleWiseByParentIdRegister.jrxml,compiled from Crystal design; visual review pending,1,[LabDataVehicleWiseSummary_Report.rpt] section ReportHeaderSection1 extended 32 points to contain its objects,True
665-LabDataVehicleWiseByParentIdRegister.rpt.rpt,665-LabDataVehicleWiseByParentIdRegister.rpt.jrxml,compiled from Crystal design; visual review pending,1,[LabDataVehicleWiseSummary_Report.rpt] section ReportHeaderSection1 extended 33 points to contain its objects,True
666-DailyPlantConsumedHours_FormHistoryReport.rpt,666-DailyPlantConsumedHours_FormHistoryReport.jrxml,compiled from Crystal design; visual review pending,1,[LabDataVehicleWiseSummary_Report.rpt] section ReportHeaderSection1 extended 33 points to contain its objects,True
666_01_MonthlyPlantConsumedHours_Report.rpt,666_01_MonthlyPlantConsumedHours_Report.jrxml,compiled from Crystal design; visual review pending,2,section PageHeaderSection3 extended 2 points to contain its objects | section PageFooterSection1 contains objects 212 points outside the printable width,True
670_01_ProductionRegisterWithActivityPartyProcessing.rpt,670_01_ProductionRegisterWithActivityPartyProcessing.jrxml,compiled from Crystal design; visual review pending,0,,True
670_02_ProductionRegisterWithActivityPartyProcessing.rpt,670_02_ProductionRegisterWithActivityPartyProcessing.jrxml,compiled from Crystal design; visual review pending,0,,True
670_ProductionRegisterWithActivity_OutPutByPackingMaterialPartyProcessing - Copy.rpt,670_ProductionRegisterWithActivity_OutPutByPackingMaterialPartyProcessing - Copy.jrxml,compiled from Crystal design; visual review pending,1,section PageHeaderSection2 extended 2 points to contain its objects,True
670_ProductionRegisterWithActivity_OutPutByPackingMaterialPartyProcessing.rpt,670_ProductionRegisterWithActivity_OutPutByPackingMaterialPartyProcessing.jrxml,compiled from Crystal design; visual review pending,1,section PageHeaderSection2 extended 2 points to contain its objects,True
671_01_PackingMaterialRequirementPlanning_Detail.rpt,671_01_PackingMaterialRequirementPlanning_Detail.jrxml,compiled from Crystal design; visual review pending,1,section PageHeaderSection2 extended 2 points to contain its objects,True
671_PackingMaterialRequirementPlanning.rpt,671_PackingMaterialRequirementPlanning.jrxml,compiled from Crystal design; visual review pending,1,section PageHeaderSection2 extended 2 points to contain its objects,True
672_JobOrderSummaryReport.rpt,672_JobOrderSummaryReport.jrxml,compiled from Crystal design; visual review pending,1,section PageHeaderSection4 extended 3 points to contain its objects,True
700-Sp_WsrmSalesInvoiceSlip_Rpt.rpt,700-Sp_WsrmSalesInvoiceSlip_Rpt.jrxml,compiled from Crystal design; visual review pending,6,section PageHeaderSection1 contains objects 11 points outside the printable width | section PageHeaderSection4 contains objects 10 points outside the printable width | section PageHeaderSection3 contains objects 10 points outside the printable width | section ReportFooterSection3 contains objects 10 points outside the printable width | section ReportFooterSection1 contains objects 11 points outside the printable width | [SaleInvoiceDetailXGetYFree_Sub.rpt] section DetailSection1 extended 2 points to contain its objects,True
701-Sp_WsrmSalesOrderSlip_Rpt.rpt,701-Sp_WsrmSalesOrderSlip_Rpt.jrxml,compiled from Crystal design; visual review pending,3,section PageHeaderSection1 contains objects 12 points outside the printable width | section PageHeaderSection3 contains objects 6 points outside the printable width | section ReportFooterSection1 contains objects 6 points outside the printable width,True
702-Sp_WsrmStockReceivedNotesSlip_Rpt.rpt,702-Sp_WsrmStockReceivedNotesSlip_Rpt.jrxml,compiled from Crystal design; visual review pending,6,section PageHeaderSection1 contains objects 4 points outside the printable width | section PageHeaderSection4 contains objects 3 points outside the printable width | section PageHeaderSection3 contains objects 3 points outside the printable width | section ReportFooterSection4 contains objects 3 points outside the printable width | section ReportFooterSection1 contains objects 2 points outside the printable width | section ReportFooterSection3 contains objects 6 points outside the printable width,True
703-Sp_WsrmStockTransferNotesSlip_Rpt.rpt,703-Sp_WsrmStockTransferNotesSlip_Rpt.jrxml,compiled from Crystal design; visual review pending,4,section PageHeaderSection1 extended 2 points to contain its objects | section PageHeaderSection1 contains objects 3 points outside the printable width | section PageHeaderSection3 contains objects 2 points outside the printable width | section PageHeaderSection4 contains objects 3 points outside the printable width,True
703_Gdn_PurchaseReturnSlip.rpt,703_Gdn_PurchaseReturnSlip.jrxml,compiled from Crystal design; visual review pending,0,,True
703A_Gdn_PurchaseReturnSlip.rpt,703A_Gdn_PurchaseReturnSlip.jrxml,compiled from Crystal design; visual review pending,1,section GroupHeaderSection2 extended 3 points to contain its objects,True
704-Requisition Order(Rcpt).rpt,704-Requisition Order(Rcpt).jrxml,compiled from Crystal design; visual review pending,2,section PageHeaderSection1 contains objects 22 points outside the printable width | section PageHeaderSection3 contains objects 19 points outside the printable width,True
706-Sp_RequisitionOrderSlip_Rpt.rpt,706-Sp_RequisitionOrderSlip_Rpt.jrxml,compiled from Crystal design; visual review pending,5,section PageHeaderSection1 extended 2 points to contain its objects | section PageHeaderSection1 contains objects 11 points outside the printable width | section PageHeaderSection3 contains objects 2 points outside the printable width | section PageHeaderSection4 contains objects 2 points outside the printable width | section ReportFooterSection1 contains objects 14 points outside the printable width,True
708-PosSaleInvoiceReport.rpt,708-PosSaleInvoiceReport.jrxml,compiled from Crystal design; visual review pending,0,,True
710-Sp_WareHouseToWareHouseStocTransfer.rpt,710-Sp_WareHouseToWareHouseStocTransfer.jrxml,compiled from Crystal design; visual review pending,5,section PageHeaderSection1 extended 2 points to contain its objects | section PageHeaderSection1 contains objects 2 points outside the printable width | section PageHeaderSection3 contains objects 2 points outside the printable width | section PageHeaderSection4 contains objects 3 points outside the printable width | section ReportFooterSection1 contains objects 3 points outside the printable width,True
711-CurrentItemHoleSalePriceRpt.rpt,711-CurrentItemHoleSalePriceRpt.jrxml,compiled from Crystal design; visual review pending,0,,True
711-CurrentItemPricesesRpt.rpt,711-CurrentItemPricesesRpt.jrxml,compiled from Crystal design; visual review pending,1,section PageHeaderSection4 extended 26 points to contain its objects,True
711-CurrentItemRetailSalePriceRpt.rpt,711-CurrentItemRetailSalePriceRpt.jrxml,compiled from Crystal design; visual review pending,0,,True
712-wsrmSaleOrderRegister1.rpt,,extraction or conversion failed,1,source RPT has an invalid file header,True
712-wsrmSaleOrderRegister2.rpt,712-wsrmSaleOrderRegister2.jrxml,compiled from Crystal design; visual review pending,1,section PageHeaderSection1 extended 2 points to contain its objects,True
713-PosSaleReturnSlip.rpt,713-PosSaleReturnSlip.jrxml,compiled from Crystal design; visual review pending,1,section PageHeaderSection4 extended 4 points to contain its objects,True
714-PosSaleReturnRegister1.rpt,714-PosSaleReturnRegister1.jrxml,compiled from Crystal design; visual review pending,1,section PageHeaderSection3 extended 2 points to contain its objects,True
714-PosSaleReturnRegister2.rpt,714-PosSaleReturnRegister2.jrxml,compiled from Crystal design; visual review pending,2,section PageHeaderSection3 contains objects 7 points outside the printable width | section PageFooterSection1 contains objects 7 points outside the printable width,True
714-wsrmSaleInvoiceRegister.rpt,714-wsrmSaleInvoiceRegister.jrxml,compiled from Crystal design; visual review pending,0,,True
715-PosSaleeInvoice.rpt,715-PosSaleeInvoice.jrxml,compiled from Crystal design; visual review pending,1,section PageHeaderSection4 extended 2 points to contain its objects,True
716-saleinvoicesSlip.rpt,716-saleinvoicesSlip.jrxml,compiled from Crystal design; visual review pending,0,,True
716-WsrmThermalInvoice.rpt,716-WsrmThermalInvoice.jrxml,compiled from Crystal design; visual review pending,1,section PageHeaderSection1 contains objects 382 points outside the printable width,True
718-PosSaleInvoiceSlip.rpt,718-PosSaleInvoiceSlip.jrxml,compiled from Crystal design; visual review pending,1,section ReportFooterSection1 contains objects 3 points outside the printable width,True
718-PosThermalInvoice.rpt,718-PosThermalInvoice.jrxml,compiled from Crystal design; visual review pending,2,section PageHeaderSection5 extended 2 points to contain its objects | section PageHeaderSection1 contains objects 382 points outside the printable width,True
786-RptBankBalancesRecipet.rpt,786-RptBankBalancesRecipet.jrxml,compiled from Crystal design; visual review pending,0,,True
812-ProductionKamPackMaterialConsumption.rpt,812-ProductionKamPackMaterialConsumption.jrxml,compiled from Crystal design; visual review pending,0,,True
816-Sales By Customer & Item.rpt,816-Sales By Customer & Item.jrxml,compiled from Crystal design; visual review pending,3,section PageHeaderSection3 extended 2 points to contain its objects | section PageHeaderSection2 extended 2 points to contain its objects | section GroupHeaderSection1 extended 2 points to contain its objects,True
836-ImpRptSalesContractExportRegister.rpt,836-ImpRptSalesContractExportRegister.jrxml,compiled from Crystal design; visual review pending,0,,True
837-ImpRptSalesContractWiseInvoiceRegister.rpt,837-ImpRptSalesContractWiseInvoiceRegister.jrxml,compiled from Crystal design; visual review pending,1,section PageHeaderSection1 extended 2 points to contain its objects,True
838-ImpSaleContractRegister.rpt,838-ImpSaleContractRegister.jrxml,compiled from Crystal design; visual review pending,1,section PageHeaderSection4 extended 2 points to contain its objects,True
839-ImportContractcurrentstatus_Register.rpt,839-ImportContractcurrentstatus_Register.jrxml,compiled from Crystal design; visual review pending,2,section PageHeaderSection1 extended 4 points to contain its objects | section PageFooterSection1 contains objects 2 points outside the printable width,True
840_DueDateAnalysisPayablesAndReceivablesForcast.rpt,840_DueDateAnalysisPayablesAndReceivablesForcast.jrxml,compiled from Crystal design; visual review pending,0,,True
841_A_ExportDocumentTrackingReport.rpt,841_A_ExportDocumentTrackingReport.jrxml,compiled from Crystal design; visual review pending,1,section PageHeaderSection3 extended 2 points to contain its objects,True
841_ExportDocumentTrackingReport.rpt,841_ExportDocumentTrackingReport.jrxml,compiled from Crystal design; visual review pending,1,section PageHeaderSection3 extended 2 points to contain its objects,True
842-StockBreakUpInOutSummary.rpt,842-StockBreakUpInOutSummary.jrxml,compiled from Crystal design; visual review pending,1,section PageHeaderSection3 extended 2 points to contain its objects,True
843-PaddyStockBreakUpItemWise.rpt,843-PaddyStockBreakUpItemWise.jrxml,compiled from Crystal design; visual review pending,0,,True
844-StockClosingAndOpeningData.rpt,844-StockClosingAndOpeningData.jrxml,compiled from Crystal design; visual review pending,0,,True
901_01_VoucherInvoicesAdjustment_Slip.rpt,901_01_VoucherInvoicesAdjustment_Slip.jrxml,compiled from Crystal design; visual review pending,0,,True
901_02_VoucherInvoicesAdjustment_Slip.rpt,901_02_VoucherInvoicesAdjustment_Slip.jrxml,compiled from Crystal design; visual review pending,0,,True
901_VoucherInvoicesAdjustment_Slip.rpt,901_VoucherInvoicesAdjustment_Slip.jrxml,compiled from Crystal design; visual review pending,0,,True
902_ImportInvoiceSlip.rpt,902_ImportInvoiceSlip.jrxml,compiled from Crystal design; visual review pending,5,section PageHeaderSection2 extended 2 points to contain its objects | section PageHeaderSection1 contains objects 6 points outside the printable width | section ReportFooterSection2 contains objects 6 points outside the printable width | section ReportFooterSection1 contains objects 6 points outside the printable width | section PageFooterSection1 contains objects 14 points outside the printable width,True
910_AdvanceDeliveryOrderSlip.rpt,910_AdvanceDeliveryOrderSlip.jrxml,compiled from Crystal design; visual review pending,0,,True
910_StockEvaluationSummary.rpt,910_StockEvaluationSummary.jrxml,compiled from Crystal design; visual review pending,1,section PageHeaderSection2 extended 2 points to contain its objects,True
910A_AdvanceDeliveryChallanSlip.rpt,910A_AdvanceDeliveryChallanSlip.jrxml,compiled from Crystal design; visual review pending,0,,True
910A_StockEvaluationCgsReport.rpt,910A_StockEvaluationCgsReport.jrxml,compiled from Crystal design; visual review pending,1,section PageHeaderSection2 extended 2 points to contain its objects,True
921-01productioncostingreport.rpt,921-01productioncostingreport.jrxml,compiled from Crystal design; visual review pending,3,section PageHeaderSection4 extended 2 points to contain its objects | [ProductionManualCosting_ByProductDetailSubReport.rpt] section ReportHeaderSection2 contains objects 59 points outside the printable width | [ProductionManualCosting_ByProductDetailSubReport.rpt] section ReportFooterSection1 contains objects 58 points outside the printable width,True
921-productioncostingreport.rpt,921-productioncostingreport.jrxml,compiled from Crystal design; visual review pending,0,,True
921_I_01_ProductionCostingFormHistoryReport.rpt,921_I_01_ProductionCostingFormHistoryReport.jrxml,compiled from Crystal design; visual review pending,0,,True
922_ProdcutionFohAllocateToJobOrderSlip.rpt,922_ProdcutionFohAllocateToJobOrderSlip.jrxml,compiled from Crystal design; visual review pending,1,section ReportHeaderSection3 extended 2 points to contain its objects,True
98_SaleInvoiceReturnItemSlip.rpt,98_SaleInvoiceReturnItemSlip.jrxml,compiled from Crystal design; visual review pending,0,,True
98A_SaleInvoiceReturnPartySlip.rpt,98A_SaleInvoiceReturnPartySlip.jrxml,compiled from Crystal design; visual review pending,0,,True
98B_SaleInvoiceReturnPartySlip.rpt,98B_SaleInvoiceReturnPartySlip.jrxml,compiled from Crystal design; visual review pending,1,section PageHeaderSection1 extended 2 points to contain its objects,True
ABL.rpt,ABL.jrxml,compiled from Crystal design; visual review pending,0,,True
AskariBank.rpt,AskariBank.jrxml,compiled from Crystal design; visual review pending,0,,True
AuditActiviyReport.rpt,AuditActiviyReport.jrxml,compiled from Crystal design; visual review pending,0,,True
BankAlFalah.rpt,BankAlFalah.jrxml,compiled from Crystal design; visual review pending,0,,True
BankAlHabib.rpt,BankAlHabib.jrxml,compiled from Crystal design; visual review pending,0,,True
BankOfPunjab.rpt,BankOfPunjab.jrxml,compiled from Crystal design; visual review pending,0,,True
BillOfMaterialDetails_SubReport.rpt,BillOfMaterialDetails_SubReport.jrxml,compiled from Crystal design; visual review pending,2,section PageHeaderSection1 contains objects 9 points outside the printable width | section PageFooterSection1 contains objects 9 points outside the printable width,True
BIP.rpt,BIP.jrxml,compiled from Crystal design; visual review pending,0,,True
BOPBank.rpt,BOPBank.jrxml,compiled from Crystal design; visual review pending,0,,True
CommissionAgentBillSubreport.rpt,CommissionAgentBillSubreport.jrxml,compiled from Crystal design; visual review pending,0,,True
CrystalLoadDLL.rpt,CrystalLoadDLL.jrxml,compiled from Crystal design; visual review pending,0,,True
DeliveryChallanHeader_ExpenseSubReport.rpt,DeliveryChallanHeader_ExpenseSubReport.jrxml,compiled from Crystal design; visual review pending,0,,True
Export Receivable Due By Invoice.rpt,Export Receivable Due By Invoice.jrxml,compiled from Crystal design; visual review pending,1,section PageHeaderSection2 contains objects 143 points outside the printable width,True
ExportInvoiceCustomExpense_SubRpt.rpt,ExportInvoiceCustomExpense_SubRpt.jrxml,compiled from Crystal design; visual review pending,0,,True
ExportInvoiceOtherExpense_SubRpt.rpt,ExportInvoiceOtherExpense_SubRpt.jrxml,compiled from Crystal design; visual review pending,0,,True
FaysalBank.rpt,FaysalBank.jrxml,compiled from Crystal design; visual review pending,0,,True
getLedgerforPrint.rpt,getLedgerforPrint.jrxml,compiled from Crystal design; visual review pending,0,,True
HabibMetro.rpt,HabibMetro.jrxml,compiled from Crystal design; visual review pending,0,,True
HBL.rpt,HBL.jrxml,compiled from Crystal design; visual review pending,0,,True
InvPurchaseInvoice_SupplierBillExpense_SubReport.rpt,InvPurchaseInvoice_SupplierBillExpense_SubReport.jrxml,compiled from Crystal design; visual review pending,1,section PageHeaderSection1 extended 2 points to contain its objects,True
InvRptPurchaseBillSupplierOthers.rpt,InvRptPurchaseBillSupplierOthers.jrxml,compiled from Crystal design; visual review pending,1,section ReportFooterSection1 contains objects 2 points outside the printable width,True
InvRptPurchaseItemBillOthers.rpt,InvRptPurchaseItemBillOthers.jrxml,compiled from Crystal design; visual review pending,0,,True
JSBank.rpt,JSBank.jrxml,compiled from Crystal design; visual review pending,0,,True
Kasab.rpt,Kasab.jrxml,compiled from Crystal design; visual review pending,0,,True
logisticRateNegotiation_SourceDocumentSubReport.rpt,logisticRateNegotiation_SourceDocumentSubReport.jrxml,compiled from Crystal design; visual review pending,0,,True
logisticRateNegotiationTransporter_SourceDocumentSubReport.rpt,logisticRateNegotiationTransporter_SourceDocumentSubReport.jrxml,compiled from Crystal design; visual review pending,0,,True
MCB.rpt,MCB.jrxml,compiled from Crystal design; visual review pending,0,,True
MeezanBank.rpt,MeezanBank.jrxml,compiled from Crystal design; visual review pending,0,,True
NBP.rpt,NBP.jrxml,compiled from Crystal design; visual review pending,0,,True
NIB.rpt,NIB.jrxml,compiled from Crystal design; visual review pending,0,,True
PurchasePreBillHeader_ExpenseSubReport.rpt,PurchasePreBillHeader_ExpenseSubReport.jrxml,compiled from Crystal design; visual review pending,0,,True
RpTrialBalanceSelected (1).rpt,RpTrialBalanceSelected (1).jrxml,compiled from Crystal design; visual review pending,0,,True
RpTrialBalanceSelected.rpt,RpTrialBalanceSelected.jrxml,compiled from Crystal design; visual review pending,0,,True
RpTrialBalanceSelectedCurrent.rpt,RpTrialBalanceSelectedCurrent.jrxml,compiled from Crystal design; visual review pending,0,,True
RpTrialBalanceSelectedCurrentWithPhoneNo.rpt,RpTrialBalanceSelectedCurrentWithPhoneNo.jrxml,compiled from Crystal design; visual review pending,0,,True
SaadiqStandardCharteredBank.rpt,SaadiqStandardCharteredBank.jrxml,compiled from Crystal design; visual review pending,0,,True
SalesSummaryByReferencePartyCustomer&City.rpt,SalesSummaryByReferencePartyCustomer&City.jrxml,compiled from Crystal design; visual review pending,0,,True
SilkBank.rpt,SilkBank.jrxml,compiled from Crystal design; visual review pending,0,,True
SoneriBank.rpt,SoneriBank.jrxml,compiled from Crystal design; visual review pending,0,,True
UBL.rpt,UBL.jrxml,compiled from Crystal design; visual review pending,0,,True
CommissionAgentBill/1560-CommissionTradeAllRpt.rpt,_design_review/CommissionAgentBill/1560-CommissionTradeAllRpt.jrxml,needs review: picture Picture2: embedded images cannot be read through the SDK - drawn as an empty frame,1,picture Picture2: embedded images cannot be read through the SDK - drawn as an empty frame,False
CommissionAgentBill/1560-CommissionTradeDetailBuyer.rpt,_design_review/CommissionAgentBill/1560-CommissionTradeDetailBuyer.jrxml,needs review: picture Picture2: embedded images cannot be read through the SDK - drawn as an empty frame,1,picture Picture2: embedded images cannot be read through the SDK - drawn as an empty frame,False
CommissionAgentBill/1560-CommissionTradeDetailSupplier.rpt,_design_review/CommissionAgentBill/1560-CommissionTradeDetailSupplier.jrxml,needs review: picture Picture2: embedded images cannot be read through the SDK - drawn as an empty frame,1,picture Picture2: embedded images cannot be read through the SDK - drawn as an empty frame,False
CommissionAgentGdn/1055_01_GdnBuyerDispatchDetailReport.rpt,CommissionAgentGdn/1055_01_GdnBuyerDispatchDetailReport.jrxml,compiled from Crystal design; visual review pending,0,,False
CommissionAgentGdn/1055_01_GdnDetailReportGroupByShip_to_Party.rpt,CommissionAgentGdn/1055_01_GdnDetailReportGroupByShip_to_Party.jrxml,compiled from Crystal design; visual review pending,0,,False
CommissionAgentGdn/1055_01_GDNReport.rpt,CommissionAgentGdn/1055_01_GDNReport.jrxml,compiled from Crystal design; visual review pending,7,section ReportHeaderSection1 contains objects 46 points outside the printable width | section PageHeaderSection2 contains objects 46 points outside the printable width | section PageHeaderSection3 contains objects 46 points outside the printable width | section PageHeaderSection4 contains objects 46 points outside the printable width | section ReportFooterSection2 contains objects 46 points outside the printable width | section ReportFooterSection1 contains objects 46 points outside the printable width | section PageFooterSection1 contains objects 46 points outside the printable width,True
CommissionAgentGrn/1054_01_GRNReport.rpt,CommissionAgentGrn/1054_01_GRNReport.jrxml,compiled from Crystal design; visual review pending,0,,True
CommissionAgentGrn/1054_01_GRNReportGroupByShip_to_Party.rpt,CommissionAgentGrn/1054_01_GRNReportGroupByShip_to_Party.jrxml,compiled from Crystal design; visual review pending,0,,False
CommissionAgentPurchaseOrder/1052_01_PurchaseOrderDetailReportGroupBySH_T_P.rpt,CommissionAgentPurchaseOrder/1052_01_PurchaseOrderDetailReportGroupBySH_T_P.jrxml,compiled from Crystal design; visual review pending,0,,False
CommissionAgentPurchaseOrder/1052_01_PurchaseOrderReport.rpt,CommissionAgentPurchaseOrder/1052_01_PurchaseOrderReport.jrxml,compiled from Crystal design; visual review pending,0,,False
CommissionAgentPurchaseOrder/1052_01_PurchaseOrderSummeryItemWise.rpt,CommissionAgentPurchaseOrder/1052_01_PurchaseOrderSummeryItemWise.jrxml,compiled from Crystal design; visual review pending,0,,False
CommissionAgentPurchaseOrder/1052_01_PurchaseOrderSummerySH_T_PWise.rpt,CommissionAgentPurchaseOrder/1052_01_PurchaseOrderSummerySH_T_PWise.jrxml,compiled from Crystal design; visual review pending,0,,False
CommissionAgentPurchaseOrder/1052_01_PurchaseOrderSummerySupplierWise.rpt,CommissionAgentPurchaseOrder/1052_01_PurchaseOrderSummerySupplierWise.jrxml,compiled from Crystal design; visual review pending,0,,False
CommissionAgentSaleOrder/1053_01_SaleOrderDetailReportGroupBySH_T_P.rpt,CommissionAgentSaleOrder/1053_01_SaleOrderDetailReportGroupBySH_T_P.jrxml,compiled from Crystal design; visual review pending,0,,False
CommissionAgentSaleOrder/1053_01_SaleOrderSummeryItemWise.rpt,CommissionAgentSaleOrder/1053_01_SaleOrderSummeryItemWise.jrxml,compiled from Crystal design; visual review pending,0,,False
CommissionAgentSaleOrder/1053_01_SaleOrderSummerySH_T_PWise.rpt,CommissionAgentSaleOrder/1053_01_SaleOrderSummerySH_T_PWise.jrxml,compiled from Crystal design; visual review pending,0,,False
CommissionAgentSaleOrder/1053_01_SaleOrderSummerySupplierWise.rpt,CommissionAgentSaleOrder/1053_01_SaleOrderSummerySupplierWise.jrxml,compiled from Crystal design; visual review pending,0,,False
EvaluationCgsReport/910_StockEvaluationSummary.rpt,EvaluationCgsReport/910_StockEvaluationSummary.jrxml,compiled from Crystal design; visual review pending,1,section PageHeaderSection2 extended 2 points to contain its objects,False
GatePass_VehicleEntryAndExitTime/01_GatePassVehicleEntryAndExitTimeAnalysisReport.rpt,GatePass_VehicleEntryAndExitTime/01_GatePassVehicleEntryAndExitTimeAnalysisReport.jrxml,compiled from Crystal design; visual review pending,1,section PageHeaderSection3 extended 3 points to contain its objects,False
Graph Reports/113-GrafPrint.rpt,_design_review/Graph Reports/113-GrafPrint.jrxml,needs review: template has not passed compilation: 113-GrafPrint.jrxml | ChartObject Graph1 is not converted | ChartObject Graph2 is not converted,2,ChartObject Graph1 is not converted | ChartObject Graph2 is not converted,True
Graph Reports/235-PurchaseRegisterSummaryByItem&Customer.rpt,_design_review/Graph Reports/235-PurchaseRegisterSummaryByItem&Customer.jrxml,needs review: template has not passed compilation: 235-PurchaseRegisterSummaryByItem&Customer.jrxml | ChartObject Graph1 is not converted | ChartObject Graph2 is not converted,2,ChartObject Graph1 is not converted | ChartObject Graph2 is not converted,False
Graph Reports/236-PurchaseRegisterSummaryByItem.rpt,_design_review/Graph Reports/236-PurchaseRegisterSummaryByItem.jrxml,needs review: template has not passed compilation: 236-PurchaseRegisterSummaryByItem.jrxml | ChartObject Graph1 is not converted | ChartObject Graph2 is not converted,2,ChartObject Graph1 is not converted | ChartObject Graph2 is not converted,False
GrnInvoiceWiseInput/607-FoodProductionIssuanceGrnWiseByJobOrderId.rpt,GrnInvoiceWiseInput/607-FoodProductionIssuanceGrnWiseByJobOrderId.jrxml,compiled from Crystal design; visual review pending,0,,False
HararicalProfitAndLoss/143_01_Hierarchy_ProfitLoss.rpt,HararicalProfitAndLoss/143_01_Hierarchy_ProfitLoss.jrxml,compiled from Crystal design; visual review pending,2,section PageHeaderSection3 extended 3 points to contain its objects | section ReportFooterSection1 contains objects 82 points outside the printable width,False
MonthWiseTransactions/1054_03_GrnSupplierLoadingItemWise_SummaryReport.rpt,MonthWiseTransactions/1054_03_GrnSupplierLoadingItemWise_SummaryReport.jrxml,compiled from Crystal design; visual review pending,0,,False
MonthWiseTransactions/1054_04_GrnSupplierLoadingCommissionAgentWise_SummaryReport.rpt,MonthWiseTransactions/1054_04_GrnSupplierLoadingCommissionAgentWise_SummaryReport.jrxml,compiled from Crystal design; visual review pending,0,,False
MonthWiseTransactions/1054_05_GrnSupplierLoadingSupplierWise_SummaryReport.rpt,MonthWiseTransactions/1054_05_GrnSupplierLoadingSupplierWise_SummaryReport.jrxml,compiled from Crystal design; visual review pending,0,,False
MonthWiseTransactions/1054_06_GrnSupplierLoadingCommissionAndSupplierWise_SummaryReport.rpt,MonthWiseTransactions/1054_06_GrnSupplierLoadingCommissionAndSupplierWise_SummaryReport.jrxml,compiled from Crystal design; visual review pending,0,,False
MonthWiseTransactions/1054_07_GrnSupplierLoadingBuyerWise_SummaryReport.rpt,MonthWiseTransactions/1054_07_GrnSupplierLoadingBuyerWise_SummaryReport.jrxml,compiled from Crystal design; visual review pending,0,,False
MonthWiseTransactions/1054_08_GrnSupplierLoadingCommissionAndBuyerWise_SummaryReport.rpt,MonthWiseTransactions/1054_08_GrnSupplierLoadingCommissionAndBuyerWise_SummaryReport.jrxml,compiled from Crystal design; visual review pending,0,,False
MonthWiseTransactions/1054_09_GrnSupplierLoadingTransporterWise_SummaryReport.rpt,MonthWiseTransactions/1054_09_GrnSupplierLoadingTransporterWise_SummaryReport.jrxml,compiled from Crystal design; visual review pending,0,,False
MonthWiseTransactions/1054_10_GrnSupplierLoadingCityWise_MovementReport.rpt,MonthWiseTransactions/1054_10_GrnSupplierLoadingCityWise_MovementReport.jrxml,compiled from Crystal design; visual review pending,0,,False
MonthWiseTransactions/1054_11_GrnSupplierLoadingVehicleWise_UtilizationReport.rpt,MonthWiseTransactions/1054_11_GrnSupplierLoadingVehicleWise_UtilizationReport.jrxml,compiled from Crystal design; visual review pending,0,,False
MonthWiseTransactions/242-MonthTransactionReport_01.rpt,MonthWiseTransactions/242-MonthTransactionReport_01.jrxml,compiled from Crystal design; visual review pending,0,,False
MonthWiseTransactions/242-MonthTransactionReport_02.rpt,MonthWiseTransactions/242-MonthTransactionReport_02.jrxml,compiled from Crystal design; visual review pending,0,,False
MonthWiseTransactions/242-MonthTransactionReport_03.rpt,MonthWiseTransactions/242-MonthTransactionReport_03.jrxml,compiled from Crystal design; visual review pending,0,,False
MonthWiseTransactions/242-MonthTransactionReport_04.rpt,MonthWiseTransactions/242-MonthTransactionReport_04.jrxml,compiled from Crystal design; visual review pending,0,,False
OldReportsExportSalesContract/501-ExportSalesContractExport.rpt,OldReportsExportSalesContract/501-ExportSalesContractExport.jrxml,compiled from Crystal design; visual review pending,2,[LcorderOtherItem_SubRpt.rpt] section ReportFooterSection1 extended 2 points to contain its objects | [ExImLcOrderPaymentTermsDetail_SubRpt.rpt] section ReportFooterSection1 extended 2 points to contain its objects,False
OldReportsExportSalesContract/501-ExportSalesContractExport02.rpt,_design_review/OldReportsExportSalesContract/501-ExportSalesContractExport02.jrxml,needs review: picture Picture4: embedded images cannot be read through the SDK - drawn as an empty frame | picture Picture3: embedded images cannot be read through the SDK - drawn as an empty frame | picture Picture1: embedded images cannot be read through the SDK - drawn as an empty frame,6,picture Picture4: embedded images cannot be read through the SDK - drawn as an empty frame | picture Picture3: embedded images cannot be read through the SDK - drawn as an empty frame | section ReportFooterSection1 extended 4 points to contain its objects | picture Picture1: embedded images cannot be read through the SDK - drawn as an empty frame | [LcorderOtherItem_SubRpt.rpt] section ReportFooterSection1 extended 2 points to contain its objects | [ExImLcOrderPaymentTermsDetail_SubRpt.rpt] section ReportFooterSection1 extended 2 points to contain its objects,False
OldReportsExportSalesContract/501-ExportSalesContractExportNew.rpt,_design_review/OldReportsExportSalesContract/501-ExportSalesContractExportNew.jrxml,needs review: picture Picture5: embedded images cannot be read through the SDK - drawn as an empty frame | picture Picture1: embedded images cannot be read through the SDK - drawn as an empty frame,5,picture Picture5: embedded images cannot be read through the SDK - drawn as an empty frame | section PageHeaderSection2 extended 2 points to contain its objects | section PageHeaderSection1 contains objects 12 points outside the printable width | section PageHeaderSection5 contains objects 6 points outside the printable width | picture Picture1: embedded images cannot be read through the SDK - drawn as an empty frame,False
OldReportsExportSalesContract/501-ExpRptSalesContractExport.rpt,OldReportsExportSalesContract/501-ExpRptSalesContractExport.jrxml,compiled from Crystal design; visual review pending,1,section PageFooterSection1 extended 2 points to contain its objects,False
OldReportsExportSalesContract/501-ExpRptSalesContractExport01.rpt,_design_review/OldReportsExportSalesContract/501-ExpRptSalesContractExport01.jrxml,needs review: picture Picture5: embedded images cannot be read through the SDK - drawn as an empty frame | picture Picture1: embedded images cannot be read through the SDK - drawn as an empty frame,5,picture Picture5: embedded images cannot be read through the SDK - drawn as an empty frame | section PageHeaderSection2 extended 2 points to contain its objects | section PageHeaderSection1 contains objects 12 points outside the printable width | section PageHeaderSection4 contains objects 6 points outside the printable width | picture Picture1: embedded images cannot be read through the SDK - drawn as an empty frame,False
OldReportsExportSalesContract/501-ExpRptSalesContractExport02.rpt,OldReportsExportSalesContract/501-ExpRptSalesContractExport02.jrxml,compiled from Crystal design; visual review pending,2,section PageHeaderSection1 contains objects 12 points outside the printable width | section PageHeaderSection4 contains objects 6 points outside the printable width,False
OldReportsExportSalesContract/501A_ExportSalesContractExportNew.rpt,OldReportsExportSalesContract/501A_ExportSalesContractExportNew.jrxml,compiled from Crystal design; visual review pending,0,,False
ProductionManualCosting/921-01productioncostingreport.rpt,ProductionManualCosting/921-01productioncostingreport.jrxml,compiled from Crystal design; visual review pending,3,section PageHeaderSection4 extended 2 points to contain its objects | [ProductionManualCosting_ByProductDetailSubReport.rpt] section ReportHeaderSection2 contains objects 59 points outside the printable width | [ProductionManualCosting_ByProductDetailSubReport.rpt] section ReportFooterSection1 contains objects 58 points outside the printable width,False
ProductionManualCosting/921-productioncostingreport.rpt,ProductionManualCosting/921-productioncostingreport.jrxml,compiled from Crystal design; visual review pending,0,,False
ProductionManualCostingReports/921_I_01_ProductionCostingFormHistoryReport.rpt,ProductionManualCostingReports/921_I_01_ProductionCostingFormHistoryReport.jrxml,compiled from Crystal design; visual review pending,0,,False
PurchaseRegister_ComparisonByItemAndSupplierReports/235-PurchaseRegisterSummaryByItem&Customer.rpt,PurchaseRegister_ComparisonByItemAndSupplierReports/235-PurchaseRegisterSummaryByItem&Customer.jrxml,compiled from Crystal design; visual review pending,0,,False
PurchaseRegister_ComparisonByItemReports/236-PurchaseRegisterSummaryByItem.rpt,PurchaseRegister_ComparisonByItemReports/236-PurchaseRegisterSummaryByItem.jrxml,compiled from Crystal design; visual review pending,0,,False
PurchaseRegister_ComparisonByItemReports/236_01-PurchaseAvgSummary.rpt,PurchaseRegister_ComparisonByItemReports/236_01-PurchaseAvgSummary.jrxml,compiled from Crystal design; visual review pending,1,section PageHeaderSection1 contains objects 150 points outside the printable width,False
PurchaseRegister_DetailReports/234-PurchaseRegisterSummary.rpt,PurchaseRegister_DetailReports/234-PurchaseRegisterSummary.jrxml,compiled from Crystal design; visual review pending,0,,False
SelectedTrialBalance/113-AcRptTrialBalanceSelectedGroupAc -1.rpt,SelectedTrialBalance/113-AcRptTrialBalanceSelectedGroupAc -1.jrxml,compiled from Crystal design; visual review pending,0,,False
SelectedTrialBalance/113-AcRptTrialBalanceSelectedGroupAc.rpt,SelectedTrialBalance/113-AcRptTrialBalanceSelectedGroupAc.jrxml,compiled from Crystal design; visual review pending,1,section GroupHeaderSection1 extended 2 points to contain its objects,False
SupplierDispatchedPreBill_CustomizedDetailReport/251_SupplierDispatchPreBill_CustomizedDetailReport.rpt,SupplierDispatchedPreBill_CustomizedDetailReport/251_SupplierDispatchPreBill_CustomizedDetailReport.jrxml,compiled from Crystal design; visual review pending,0,,True
SupplierDispatchedPreBill_DetailReport/251_SupplierDispatchPreBill_DetailReport.rpt,SupplierDispatchedPreBill_DetailReport/251_SupplierDispatchPreBill_DetailReport.jrxml,compiled from Crystal design; visual review pending,0,,True
SupplierDispatchedPreBill_DocWiseReport/251_SupplierDispatchedPreBill_DocWiseReport.rpt,SupplierDispatchedPreBill_DocWiseReport/251_SupplierDispatchedPreBill_DocWiseReport.jrxml,compiled from Crystal design; visual review pending,0,,True
SupplierDispatchedPreBill_SummaryByParty/251_SupplierDispatchedPreBill_SummaryByParty.rpt,SupplierDispatchedPreBill_SummaryByParty/251_SupplierDispatchedPreBill_SummaryByParty.jrxml,compiled from Crystal design; visual review pending,0,,True
Trial Balance Level Wise/131-1st_Level.rpt,Trial Balance Level Wise/131-1st_Level.jrxml,compiled from Crystal design; visual review pending,0,,False
Trial Balance Level Wise/131-2nd_level.rpt,Trial Balance Level Wise/131-2nd_level.jrxml,compiled from Crystal design; visual review pending,0,,False
Trial Balance Level Wise/131-3rd_Level.rpt,Trial Balance Level Wise/131-3rd_Level.jrxml,compiled from Crystal design; visual review pending,1,section GroupHeaderSection3 extended 2 points to contain its objects,False
Trial Balance Level Wise/131-4th_Level.rpt,Trial Balance Level Wise/131-4th_Level.jrxml,compiled from Crystal design; visual review pending,1,section GroupHeaderSection4 extended 2 points to contain its objects,False
TrialBalance/112-AcRptTrialBalances.rpt,TrialBalance/112-AcRptTrialBalances.jrxml,compiled from Crystal design; visual review pending,0,,False
TrialBalance/131-AccountsTrialBalance.rpt,TrialBalance/131-AccountsTrialBalance.jrxml,compiled from Crystal design; visual review pending,0,,False
TrialBalance/136-AcRptTrialBalancesTwoColumn.rpt,TrialBalance/136-AcRptTrialBalancesTwoColumn.jrxml,compiled from Crystal design; visual review pending,0,,False
TrialBalance/136-AcRptTrialBalancesTwoColumn1.rpt,TrialBalance/136-AcRptTrialBalancesTwoColumn1.jrxml,compiled from Crystal design; visual review pending,0,,False
TrialBalance/137-AcRptTrialBalancesFourColumn.rpt,TrialBalance/137-AcRptTrialBalancesFourColumn.jrxml,compiled from Crystal design; visual review pending,0,,False
TrialBalance/137-AcRptTrialBalancesFourColumn1.rpt,TrialBalance/137-AcRptTrialBalancesFourColumn1.jrxml,compiled from Crystal design; visual review pending,0,,False
TrialBalance/138-AcRptTrialBalanceSixColumn.rpt,TrialBalance/138-AcRptTrialBalanceSixColumn.jrxml,compiled from Crystal design; visual review pending,0,,False
TrialBalance/138-AcRptTrialBalanceSixColumn1.rpt,TrialBalance/138-AcRptTrialBalanceSixColumn1.jrxml,compiled from Crystal design; visual review pending,0,,False
Graph Reports/GDN/1055_03_GdnBuyerDispatchItemWise_SummaryReport.rpt,Graph Reports/GDN/1055_03_GdnBuyerDispatchItemWise_SummaryReport.jrxml,compiled from Crystal design; visual review pending,0,,True
Graph Reports/GDN/1055_04_GdnBuyerDispatchCommissionAgentWise_SummaryReport.rpt,Graph Reports/GDN/1055_04_GdnBuyerDispatchCommissionAgentWise_SummaryReport.jrxml,compiled from Crystal design; visual review pending,1,section PageHeaderSection3 extended 2 points to contain its objects,True
Graph Reports/GDN/1055_05_GdnBuyerDispatchSupplierWise_SummaryReport.rpt,Graph Reports/GDN/1055_05_GdnBuyerDispatchSupplierWise_SummaryReport.jrxml,compiled from Crystal design; visual review pending,0,,True
Graph Reports/GDN/1055_06_GdnBuyerDispatchCommissionAndSupplierWise_SummaryReport.rpt,Graph Reports/GDN/1055_06_GdnBuyerDispatchCommissionAndSupplierWise_SummaryReport.jrxml,compiled from Crystal design; visual review pending,0,,True
Graph Reports/GDN/1055_07_GdnBuyerDispatchBuyerWise_SummaryReport.rpt,Graph Reports/GDN/1055_07_GdnBuyerDispatchBuyerWise_SummaryReport.jrxml,compiled from Crystal design; visual review pending,0,,True
Graph Reports/GDN/1055_08_GdnBuyerDispatchCommissionAndBuyerWise_SummaryReport.rpt,Graph Reports/GDN/1055_08_GdnBuyerDispatchCommissionAndBuyerWise_SummaryReport.jrxml,compiled from Crystal design; visual review pending,0,,True
Graph Reports/GDN/1055_09_GdnBuyerDispatchTransporterWise_SummaryReport.rpt,Graph Reports/GDN/1055_09_GdnBuyerDispatchTransporterWise_SummaryReport.jrxml,compiled from Crystal design; visual review pending,0,,True
Graph Reports/GDN/1055_10_GdnBuyerDispatchCityWise_MovementReport.rpt,Graph Reports/GDN/1055_10_GdnBuyerDispatchCityWise_MovementReport.jrxml,compiled from Crystal design; visual review pending,0,,True
Graph Reports/GDN/1055_11_GdnBuyerDispatchVehicleWise_UtilizationReport.rpt,Graph Reports/GDN/1055_11_GdnBuyerDispatchVehicleWise_UtilizationReport.jrxml,compiled from Crystal design; visual review pending,0,,True
Graph Reports/GRN/1054_03_GrnSupplierLoadingItemWise_SummaryReport.rpt,Graph Reports/GRN/1054_03_GrnSupplierLoadingItemWise_SummaryReport.jrxml,compiled from Crystal design; visual review pending,0,,False
Graph Reports/GRN/1054_04_GrnSupplierLoadingCommissionAgentWise_SummaryReport.rpt,Graph Reports/GRN/1054_04_GrnSupplierLoadingCommissionAgentWise_SummaryReport.jrxml,compiled from Crystal design; visual review pending,0,,False
Graph Reports/GRN/1054_05_GrnSupplierLoadingSupplierWise_SummaryReport.rpt,Graph Reports/GRN/1054_05_GrnSupplierLoadingSupplierWise_SummaryReport.jrxml,compiled from Crystal design; visual review pending,0,,False
Graph Reports/GRN/1054_06_GrnSupplierLoadingCommissionAndSupplierWise_SummaryReport.rpt,Graph Reports/GRN/1054_06_GrnSupplierLoadingCommissionAndSupplierWise_SummaryReport.jrxml,compiled from Crystal design; visual review pending,0,,False
Graph Reports/GRN/1054_07_GrnSupplierLoadingBuyerWise_SummaryReport.rpt,Graph Reports/GRN/1054_07_GrnSupplierLoadingBuyerWise_SummaryReport.jrxml,compiled from Crystal design; visual review pending,0,,False
Graph Reports/GRN/1054_08_GrnSupplierLoadingCommissionAndBuyerWise_SummaryReport.rpt,Graph Reports/GRN/1054_08_GrnSupplierLoadingCommissionAndBuyerWise_SummaryReport.jrxml,compiled from Crystal design; visual review pending,0,,False
Graph Reports/GRN/1054_09_GrnSupplierLoadingTransporterWise_SummaryReport.rpt,Graph Reports/GRN/1054_09_GrnSupplierLoadingTransporterWise_SummaryReport.jrxml,compiled from Crystal design; visual review pending,0,,False
Graph Reports/GRN/1054_10_GrnSupplierLoadingCityWise_MovementReport.rpt,Graph Reports/GRN/1054_10_GrnSupplierLoadingCityWise_MovementReport.jrxml,compiled from Crystal design; visual review pending,0,,False
Graph Reports/GRN/1054_11_GrnSupplierLoadingVehicleWise_UtilizationReport.rpt,Graph Reports/GRN/1054_11_GrnSupplierLoadingVehicleWise_UtilizationReport.jrxml,compiled from Crystal design; visual review pending,0,,False
